#node1	node2	node1_string_id	node2_string_id	neighborhood_on_chromosome	gene_fusion	phylogenetic_cooccurrence	homology	coexpression	experimentally_determined_interaction	database_annotated	automated_textmining	combined_score
Atf2	Pparg	10090.ENSMUSP00000107641	10090.ENSMUSP00000000450	0	0	0	0	0	0.086	0.174	0.430	0.532
Atf2	E2f4	10090.ENSMUSP00000107641	10090.ENSMUSP00000015003	0	0	0	0	0	0	0	0.442	0.442
Atf2	Gata2	10090.ENSMUSP00000107641	10090.ENSMUSP00000015197	0	0	0	0	0.062	0.089	0.472	0.177	0.579
Atf2	Brca1	10090.ENSMUSP00000107641	10090.ENSMUSP00000017290	0	0	0	0	0	0.457	0.676	0.172	0.841
Atf2	Myc	10090.ENSMUSP00000107641	10090.ENSMUSP00000022971	0	0	0	0	0	0.041	0	0.409	0.409
Atf2	Pou5f1	10090.ENSMUSP00000107641	10090.ENSMUSP00000025271	0	0	0	0	0	0.443	0.188	0.112	0.563
Atf2	Rela	10090.ENSMUSP00000107641	10090.ENSMUSP00000025867	0	0	0	0	0	0.155	0.629	0.444	0.810
Atf2	Atf3	10090.ENSMUSP00000107641	10090.ENSMUSP00000027941	0	0	0	0.680	0	0.554	0	0.488	0.620
Atf2	Smarca4	10090.ENSMUSP00000107641	10090.ENSMUSP00000034707	0	0	0	0	0	0.131	0.629	0.231	0.730
Atf2	Smad3	10090.ENSMUSP00000107641	10090.ENSMUSP00000034973	0	0	0	0	0	0.132	0.676	0.520	0.853
Atf2	Kdm6a	10090.ENSMUSP00000107641	10090.ENSMUSP00000061539	0	0	0	0	0.117	0.157	0	0.418	0.529
Atf2	Ep300	10090.ENSMUSP00000107641	10090.ENSMUSP00000066789	0	0	0	0	0.102	0.531	0.932	0.540	0.985
Atf2	Egr1	10090.ENSMUSP00000107641	10090.ENSMUSP00000069616	0	0	0	0	0	0.443	0.130	0.330	0.647
Atf2	Cebpb	10090.ENSMUSP00000107641	10090.ENSMUSP00000069850	0	0	0	0	0	0.209	0.244	0.551	0.708
Atf2	Jund	10090.ENSMUSP00000107641	10090.ENSMUSP00000092901	0	0	0	0.580	0.066	0.553	0.676	0.227	0.864
Atf2	Cebpa	10090.ENSMUSP00000107641	10090.ENSMUSP00000096129	0	0	0	0	0	0.219	0.244	0.387	0.607
Atf2	Kat2a	10090.ENSMUSP00000107641	10090.ENSMUSP00000099407	0	0	0	0	0	0.056	0.502	0.289	0.636
Atf2	Gata3	10090.ENSMUSP00000107641	10090.ENSMUSP00000100041	0	0	0	0	0.062	0.089	0.472	0.187	0.584
Atf2	Jun	10090.ENSMUSP00000107641	10090.ENSMUSP00000102711	0	0	0	0.576	0.066	0.943	0.932	0.989	0.997
Atf2	Maf	10090.ENSMUSP00000107641	10090.ENSMUSP00000104732	0	0	0	0	0.063	0.048	0.207	0.276	0.419
Atf2	Smad2	10090.ENSMUSP00000107641	10090.ENSMUSP00000130115	0	0	0	0	0.085	0.132	0.515	0.394	0.735
Atf3	Klf6	10090.ENSMUSP00000027941	10090.ENSMUSP00000000080	0	0	0	0	0.713	0.058	0.130	0.528	0.874
Atf3	Pparg	10090.ENSMUSP00000027941	10090.ENSMUSP00000000450	0	0	0	0	0	0.086	0.174	0.533	0.617
Atf3	Stat5a	10090.ENSMUSP00000027941	10090.ENSMUSP00000004145	0	0	0	0	0	0.071	0.216	0.253	0.408
Atf3	Gata2	10090.ENSMUSP00000027941	10090.ENSMUSP00000015197	0	0	0	0	0.062	0.089	0.237	0.231	0.431
Atf3	Hdac2	10090.ENSMUSP00000027941	10090.ENSMUSP00000019911	0	0	0	0	0.048	0.505	0	0.542	0.766
Atf3	Myc	10090.ENSMUSP00000027941	10090.ENSMUSP00000022971	0	0	0	0	0.094	0.051	0	0.438	0.475
Atf3	Rela	10090.ENSMUSP00000027941	10090.ENSMUSP00000025867	0	0	0	0	0.060	0.155	0.355	0.300	0.593
Atf3	Tbp	10090.ENSMUSP00000027941	10090.ENSMUSP00000124317	0	0	0	0	0	0.161	0	0.325	0.409
Atf3	Gata3	10090.ENSMUSP00000027941	10090.ENSMUSP00000100041	0	0	0	0	0.062	0.089	0.237	0.214	0.419
Atf3	Nfya	10090.ENSMUSP00000027941	10090.ENSMUSP00000043909	0	0	0	0	0	0.059	0	0.414	0.425
Atf3	Tcf3	10090.ENSMUSP00000027941	10090.ENSMUSP00000100979	0	0	0	0	0	0	0	0.473	0.473
Atf3	Ep300	10090.ENSMUSP00000027941	10090.ENSMUSP00000066789	0	0	0	0	0	0.089	0.313	0.262	0.498
Atf3	Maf	10090.ENSMUSP00000027941	10090.ENSMUSP00000104732	0	0	0	0	0.063	0.088	0.207	0.407	0.544
Atf3	Klf4	10090.ENSMUSP00000027941	10090.ENSMUSP00000103245	0	0	0	0	0.122	0.058	0.130	0.445	0.547
Atf3	Hsf1	10090.ENSMUSP00000027941	10090.ENSMUSP00000072617	0	0	0	0	0	0.386	0	0.511	0.687
Atf3	Smad2	10090.ENSMUSP00000027941	10090.ENSMUSP00000130115	0	0	0	0	0	0.223	0.515	0.300	0.713
Atf3	Cebpa	10090.ENSMUSP00000027941	10090.ENSMUSP00000096129	0	0	0	0	0.143	0.164	0.244	0.565	0.733
Atf3	Usf1	10090.ENSMUSP00000027941	10090.ENSMUSP00000125729	0	0	0	0	0	0.135	0.196	0.656	0.740
Atf3	Smarca4	10090.ENSMUSP00000027941	10090.ENSMUSP00000034707	0	0	0	0	0	0.451	0.337	0.462	0.787
Atf3	Egr1	10090.ENSMUSP00000027941	10090.ENSMUSP00000069616	0	0	0	0	0.249	0.058	0.130	0.725	0.808
Atf3	Jund	10090.ENSMUSP00000027941	10090.ENSMUSP00000092901	0	0	0	0	0.122	0.327	0.272	0.666	0.837
Atf3	Cebpb	10090.ENSMUSP00000027941	10090.ENSMUSP00000069850	0	0	0	0	0.384	0.235	0.244	0.735	0.893
Atf3	Smad3	10090.ENSMUSP00000027941	10090.ENSMUSP00000034973	0	0	0	0	0	0.227	0.676	0.932	0.981
Atf3	Jun	10090.ENSMUSP00000027941	10090.ENSMUSP00000102711	0	0	0	0	0.832	0.873	0.676	0.993	0.999
Brca1	Pparg	10090.ENSMUSP00000017290	10090.ENSMUSP00000000450	0	0	0	0	0	0.132	0.177	0.419	0.548
Brca1	Stat5a	10090.ENSMUSP00000017290	10090.ENSMUSP00000004145	0	0	0	0	0	0.227	0	0.793	0.833
Brca1	Ctcf	10090.ENSMUSP00000017290	10090.ENSMUSP00000005841	0	0	0	0	0.081	0.059	0	0.540	0.567
Brca1	Nanog	10090.ENSMUSP00000017290	10090.ENSMUSP00000012540	0	0	0	0	0.062	0.433	0	0.383	0.643
Brca1	E2f4	10090.ENSMUSP00000017290	10090.ENSMUSP00000015003	0	0	0	0	0.113	0.146	0	0.505	0.592
Brca1	Egr1	10090.ENSMUSP00000017290	10090.ENSMUSP00000069616	0	0	0	0	0	0.162	0	0.320	0.405
Brca1	Sox2	10090.ENSMUSP00000017290	10090.ENSMUSP00000096755	0	0	0	0	0.061	0	0	0.399	0.411
Brca1	Brd4	10090.ENSMUSP00000017290	10090.ENSMUSP00000113070	0	0	0	0	0	0.141	0	0.362	0.428
Brca1	Kat2a	10090.ENSMUSP00000017290	10090.ENSMUSP00000099407	0	0	0	0	0.067	0.141	0	0.408	0.485
Brca1	Smad3	10090.ENSMUSP00000017290	10090.ENSMUSP00000034973	0	0	0	0	0	0.227	0	0.378	0.499
Brca1	Mybl2	10090.ENSMUSP00000017290	10090.ENSMUSP00000018005	0	0	0	0	0.305	0	0	0.330	0.514
Brca1	Mycn	10090.ENSMUSP00000017290	10090.ENSMUSP00000045993	0	0	0	0	0.067	0.101	0	0.484	0.530
Brca1	Foxa1	10090.ENSMUSP00000017290	10090.ENSMUSP00000041118	0	0	0	0	0	0.047	0	0.556	0.559
Brca1	Trp63	10090.ENSMUSP00000017290	10090.ENSMUSP00000110965	0	0	0	0	0	0.233	0	0.461	0.569
Brca1	E2f6	10090.ENSMUSP00000017290	10090.ENSMUSP00000020908	0	0	0	0	0.062	0.146	0	0.505	0.569
Brca1	Pou5f1	10090.ENSMUSP00000017290	10090.ENSMUSP00000025271	0	0	0	0	0.100	0.068	0.261	0.400	0.578
Brca1	Foxm1	10090.ENSMUSP00000017290	10090.ENSMUSP00000073041	0	0	0	0	0.323	0.049	0	0.532	0.672
Brca1	Nfya	10090.ENSMUSP00000017290	10090.ENSMUSP00000043909	0	0	0	0	0.078	0.130	0	0.638	0.684
Brca1	E2f1	10090.ENSMUSP00000017290	10090.ENSMUSP00000099434	0	0	0	0	0.169	0.328	0	0.527	0.713
Brca1	Stag1	10090.ENSMUSP00000017290	10090.ENSMUSP00000116205	0	0	0	0	0.097	0.208	0.600	0.163	0.728
Brca1	Jun	10090.ENSMUSP00000017290	10090.ENSMUSP00000102711	0	0	0	0	0	0.531	0	0.603	0.806
Brca1	Ep300	10090.ENSMUSP00000017290	10090.ENSMUSP00000066789	0	0	0	0	0	0.560	0	0.775	0.896
Brca1	Rela	10090.ENSMUSP00000017290	10090.ENSMUSP00000025867	0	0	0	0	0	0.410	0	0.834	0.898
Brca1	Gata3	10090.ENSMUSP00000017290	10090.ENSMUSP00000100041	0	0	0	0	0	0.130	0	0.928	0.935
Brca1	Hdac2	10090.ENSMUSP00000017290	10090.ENSMUSP00000019911	0	0	0	0	0.066	0.311	0	0.968	0.978
Brca1	Smarca4	10090.ENSMUSP00000017290	10090.ENSMUSP00000034707	0	0	0	0	0.063	0.402	0	0.970	0.982
Brca1	Myc	10090.ENSMUSP00000017290	10090.ENSMUSP00000022971	0	0	0	0	0.069	0.685	0	0.965	0.989
Brd4	Spi1	10090.ENSMUSP00000113070	10090.ENSMUSP00000002180	0	0	0	0	0	0	0	0.438	0.438
Brd4	Stat5a	10090.ENSMUSP00000113070	10090.ENSMUSP00000004145	0	0	0	0	0.064	0.108	0.190	0.314	0.473
Brd4	Ctcf	10090.ENSMUSP00000113070	10090.ENSMUSP00000005841	0	0	0	0	0.064	0.134	0.116	0.663	0.727
Brd4	Taf7l	10090.ENSMUSP00000113070	10090.ENSMUSP00000009740	0	0	0	0	0.149	0.324	0	0.264	0.539
Brd4	E2f4	10090.ENSMUSP00000113070	10090.ENSMUSP00000015003	0	0	0	0	0.065	0.265	0.164	0.145	0.443
Brd4	Gata2	10090.ENSMUSP00000113070	10090.ENSMUSP00000015197	0	0	0	0	0.052	0.201	0.167	0.230	0.449
Brd4	Mybl2	10090.ENSMUSP00000113070	10090.ENSMUSP00000018005	0	0	0	0	0.081	0.203	0.191	0.156	0.433
Brd4	Hdac2	10090.ENSMUSP00000113070	10090.ENSMUSP00000019911	0	0	0	0	0.094	0.199	0.182	0.433	0.618
Brd4	Myb	10090.ENSMUSP00000113070	10090.ENSMUSP00000020158	0	0	0	0	0.081	0.203	0.191	0.221	0.476
Brd4	E2f6	10090.ENSMUSP00000113070	10090.ENSMUSP00000020908	0	0	0	0	0.065	0.265	0.164	0.109	0.420
Brd4	Myc	10090.ENSMUSP00000113070	10090.ENSMUSP00000022971	0	0	0	0	0.079	0.268	0.200	0.809	0.884
Brd4	Pou5f1	10090.ENSMUSP00000113070	10090.ENSMUSP00000025271	0	0	0	0	0	0.437	0	0.715	0.833
Brd4	Rela	10090.ENSMUSP00000113070	10090.ENSMUSP00000025867	0	0	0	0	0.062	0.923	0.297	0.988	0.999
Brd4	Smarca4	10090.ENSMUSP00000113070	10090.ENSMUSP00000034707	0	0	0	0	0.213	0.254	0.180	0.840	0.913
Brd4	Smad3	10090.ENSMUSP00000113070	10090.ENSMUSP00000034973	0	0	0	0	0.062	0.149	0.188	0.274	0.466
Brd4	Foxa1	10090.ENSMUSP00000113070	10090.ENSMUSP00000041118	0	0	0	0	0.062	0.111	0.131	0.379	0.490
Brd4	Mycn	10090.ENSMUSP00000113070	10090.ENSMUSP00000045993	0	0	0	0	0	0.150	0	0.686	0.722
Brd4	Kdm6a	10090.ENSMUSP00000113070	10090.ENSMUSP00000061539	0	0	0	0	0.171	0.198	0	0.451	0.603
Brd4	Taf7	10090.ENSMUSP00000113070	10090.ENSMUSP00000065645	0	0	0	0	0.149	0.324	0	0.546	0.716
Brd4	Ep300	10090.ENSMUSP00000113070	10090.ENSMUSP00000066789	0	0	0	0.542	0.283	0.754	0	0.804	0.883
Brd4	Ncor1	10090.ENSMUSP00000113070	10090.ENSMUSP00000068974	0	0	0	0	0.226	0.132	0.207	0.337	0.599
Brd4	Cebpb	10090.ENSMUSP00000113070	10090.ENSMUSP00000069850	0	0	0	0	0	0.095	0.169	0.428	0.532
Brd4	Foxm1	10090.ENSMUSP00000113070	10090.ENSMUSP00000073041	0	0	0	0	0.062	0.130	0.131	0.329	0.461
Brd4	Cebpa	10090.ENSMUSP00000113070	10090.ENSMUSP00000096129	0	0	0	0	0	0.464	0.169	0.531	0.773
Brd4	Sox2	10090.ENSMUSP00000113070	10090.ENSMUSP00000096755	0	0	0	0	0	0.135	0	0.392	0.451
Brd4	Taf1	10090.ENSMUSP00000113070	10090.ENSMUSP00000098895	0	0	0	0.539	0.142	0.289	0.297	0.580	0.654
Brd4	Kat2a	10090.ENSMUSP00000113070	10090.ENSMUSP00000099407	0	0	0	0.549	0.098	0.132	0	0.620	0.406
Brd4	E2f1	10090.ENSMUSP00000113070	10090.ENSMUSP00000099434	0	0	0	0	0.065	0.643	0.164	0.481	0.836
Brd4	Gata3	10090.ENSMUSP00000113070	10090.ENSMUSP00000100041	0	0	0	0	0.052	0.201	0.167	0.207	0.433
Brd4	Tcf3	10090.ENSMUSP00000113070	10090.ENSMUSP00000100979	0	0	0	0	0.066	0.088	0	0.439	0.481
Brd4	Jun	10090.ENSMUSP00000113070	10090.ENSMUSP00000102711	0	0	0	0	0	0.228	0.216	0.349	0.571
Brd4	Klf4	10090.ENSMUSP00000113070	10090.ENSMUSP00000103245	0	0	0	0	0.051	0.134	0.116	0.278	0.405
Brd4	Max	10090.ENSMUSP00000113070	10090.ENSMUSP00000106025	0	0	0	0	0.079	0.142	0.200	0.197	0.424
Brd4	Trp63	10090.ENSMUSP00000113070	10090.ENSMUSP00000110965	0	0	0	0	0	0.197	0.207	0.168	0.424
Brd4	Sin3a	10090.ENSMUSP00000113070	10090.ENSMUSP00000130221	0	0	0	0	0.156	0.145	0	0.288	0.442
Brd4	Nelfe	10090.ENSMUSP00000113070	10090.ENSMUSP00000134272	0	0	0	0	0.062	0	0	0.529	0.539
Brd4	Tbp	10090.ENSMUSP00000113070	10090.ENSMUSP00000124317	0	0	0	0	0.079	0.248	0	0.603	0.702
Cebpa	Klf6	10090.ENSMUSP00000096129	10090.ENSMUSP00000000080	0	0	0	0	0	0.058	0.136	0.398	0.467
Cebpa	Pparg	10090.ENSMUSP00000096129	10090.ENSMUSP00000000450	0	0	0	0	0.108	0.162	0.911	0.960	0.997
Cebpa	Spi1	10090.ENSMUSP00000096129	10090.ENSMUSP00000002180	0	0	0	0	0.180	0.227	0.600	0.959	0.988
Cebpa	Stat5a	10090.ENSMUSP00000096129	10090.ENSMUSP00000004145	0	0	0	0	0.062	0.155	0	0.571	0.631
Cebpa	Klf5	10090.ENSMUSP00000096129	10090.ENSMUSP00000005279	0	0	0	0	0	0.058	0.909	0.595	0.962
Cebpa	Ctcf	10090.ENSMUSP00000096129	10090.ENSMUSP00000005841	0	0	0	0	0	0.058	0.136	0.497	0.554
Cebpa	Nanog	10090.ENSMUSP00000096129	10090.ENSMUSP00000012540	0	0	0	0	0	0	0	0.434	0.434
Cebpa	E2f4	10090.ENSMUSP00000096129	10090.ENSMUSP00000015003	0	0	0	0	0	0.227	0.676	0.946	0.985
Cebpa	Gata2	10090.ENSMUSP00000096129	10090.ENSMUSP00000015197	0	0	0	0	0.062	0.087	0.600	0.785	0.916
Cebpa	Mybl2	10090.ENSMUSP00000096129	10090.ENSMUSP00000018005	0	0	0	0	0	0.313	0	0.267	0.475
Cebpa	Hdac2	10090.ENSMUSP00000096129	10090.ENSMUSP00000019911	0	0	0	0	0	0.164	0	0.339	0.424
Cebpa	Myb	10090.ENSMUSP00000096129	10090.ENSMUSP00000020158	0	0	0	0	0	0.313	0.600	0.560	0.868
Cebpa	Myc	10090.ENSMUSP00000096129	10090.ENSMUSP00000022971	0	0	0	0	0.061	0.191	0.900	0.724	0.976
Cebpa	Runx1	10090.ENSMUSP00000096129	10090.ENSMUSP00000023673	0	0	0	0	0.057	0.274	0.800	0.552	0.930
Cebpa	Pou5f1	10090.ENSMUSP00000096129	10090.ENSMUSP00000025271	0	0	0	0	0	0.083	0	0.500	0.521
Cebpa	Rela	10090.ENSMUSP00000096129	10090.ENSMUSP00000025867	0	0	0	0	0	0.324	0	0.405	0.580
Cebpa	Smarca4	10090.ENSMUSP00000096129	10090.ENSMUSP00000034707	0	0	0	0	0	0.162	0.515	0.333	0.705
Cebpa	Smad3	10090.ENSMUSP00000096129	10090.ENSMUSP00000034973	0	0	0	0	0	0.145	0.309	0.532	0.699
Cebpa	Foxa1	10090.ENSMUSP00000096129	10090.ENSMUSP00000041118	0	0	0	0	0.070	0.073	0.140	0.574	0.642
Cebpa	Gata6	10090.ENSMUSP00000096129	10090.ENSMUSP00000041774	0	0	0	0	0.076	0.081	0	0.396	0.443
Cebpa	Klf1	10090.ENSMUSP00000096129	10090.ENSMUSP00000064366	0	0	0	0	0.058	0.058	0.136	0.463	0.533
Cebpa	Ep300	10090.ENSMUSP00000096129	10090.ENSMUSP00000066789	0	0	0	0	0.062	0.562	0.395	0.770	0.935
Cebpa	Ncor1	10090.ENSMUSP00000096129	10090.ENSMUSP00000068974	0	0	0	0	0	0.078	0	0.400	0.423
Cebpa	Egr1	10090.ENSMUSP00000096129	10090.ENSMUSP00000069616	0	0	0	0	0.062	0.153	0.136	0.516	0.623
Cebpa	Cebpb	10090.ENSMUSP00000096129	10090.ENSMUSP00000069850	0	0	0	0.791	0.141	0.556	0.905	0.953	0.968
Cebpa	Hsf1	10090.ENSMUSP00000096129	10090.ENSMUSP00000072617	0	0	0	0	0	0.090	0.429	0.168	0.529
Cebpa	Foxm1	10090.ENSMUSP00000096129	10090.ENSMUSP00000073041	0	0	0	0	0	0.066	0.173	0.426	0.518
Cebpa	Jund	10090.ENSMUSP00000096129	10090.ENSMUSP00000092901	0	0	0	0	0.077	0.163	0.333	0.184	0.523
Cebpa	Mecom	10090.ENSMUSP00000096129	10090.ENSMUSP00000103905	0	0	0	0	0	0.058	0.136	0.352	0.426
Cebpa	Tbp	10090.ENSMUSP00000096129	10090.ENSMUSP00000124317	0	0	0	0	0	0	0	0.465	0.465
Cebpa	Usf1	10090.ENSMUSP00000096129	10090.ENSMUSP00000125729	0	0	0	0	0.061	0	0	0.493	0.503
Cebpa	Tcf3	10090.ENSMUSP00000096129	10090.ENSMUSP00000100979	0	0	0	0	0	0.087	0	0.479	0.504
Cebpa	Maf	10090.ENSMUSP00000096129	10090.ENSMUSP00000104732	0	0	0	0	0.048	0.225	0	0.389	0.509
Cebpa	Sox2	10090.ENSMUSP00000096129	10090.ENSMUSP00000096755	0	0	0	0	0	0.084	0	0.521	0.542
Cebpa	Klf4	10090.ENSMUSP00000096129	10090.ENSMUSP00000103245	0	0	0	0	0.062	0.058	0.136	0.550	0.611
Cebpa	Smad2	10090.ENSMUSP00000096129	10090.ENSMUSP00000130115	0	0	0	0	0	0.145	0.309	0.456	0.650
Cebpa	Nr1h3	10090.ENSMUSP00000096129	10090.ENSMUSP00000106988	0	0	0	0	0.162	0.103	0.153	0.560	0.682
Cebpa	Runx2	10090.ENSMUSP00000096129	10090.ENSMUSP00000109202	0	0	0	0	0	0.274	0	0.668	0.748
Cebpa	Gata3	10090.ENSMUSP00000096129	10090.ENSMUSP00000100041	0	0	0	0	0.057	0.081	0	0.759	0.773
Cebpa	E2f1	10090.ENSMUSP00000096129	10090.ENSMUSP00000099434	0	0	0	0	0	0.163	0.834	0.477	0.921
Cebpa	Jun	10090.ENSMUSP00000096129	10090.ENSMUSP00000102711	0	0	0	0	0.066	0.163	0.629	0.977	0.992
Cebpb	Klf6	10090.ENSMUSP00000069850	10090.ENSMUSP00000000080	0	0	0	0	0.102	0.058	0.136	0.382	0.487
Cebpb	Pparg	10090.ENSMUSP00000069850	10090.ENSMUSP00000000450	0	0	0	0	0.081	0.227	0.911	0.939	0.995
Cebpb	Spi1	10090.ENSMUSP00000069850	10090.ENSMUSP00000002180	0	0	0	0	0.110	0.162	0	0.887	0.909
Cebpb	Stat5a	10090.ENSMUSP00000069850	10090.ENSMUSP00000004145	0	0	0	0	0.082	0.155	0	0.788	0.821
Cebpb	Klf5	10090.ENSMUSP00000069850	10090.ENSMUSP00000005279	0	0	0	0	0	0.058	0.909	0.804	0.981
Cebpb	Ctcf	10090.ENSMUSP00000069850	10090.ENSMUSP00000005841	0	0	0	0	0	0.058	0.136	0.463	0.524
Cebpb	E2f4	10090.ENSMUSP00000069850	10090.ENSMUSP00000015003	0	0	0	0	0.061	0.163	0.335	0.377	0.631
Cebpb	Gata2	10090.ENSMUSP00000069850	10090.ENSMUSP00000015197	0	0	0	0	0.061	0.081	0	0.600	0.625
Cebpb	Mybl2	10090.ENSMUSP00000069850	10090.ENSMUSP00000018005	0	0	0	0	0	0.447	0	0.172	0.522
Cebpb	Myb	10090.ENSMUSP00000069850	10090.ENSMUSP00000020158	0	0	0	0	0	0.913	0	0.889	0.990
Cebpb	E2f6	10090.ENSMUSP00000069850	10090.ENSMUSP00000020908	0	0	0	0	0	0.163	0.207	0.184	0.411
Cebpb	Myc	10090.ENSMUSP00000069850	10090.ENSMUSP00000022971	0	0	0	0	0.062	0.191	0.900	0.563	0.962
Cebpb	Runx1	10090.ENSMUSP00000069850	10090.ENSMUSP00000023673	0	0	0	0	0.075	0.739	0	0.378	0.836
Cebpb	Rela	10090.ENSMUSP00000069850	10090.ENSMUSP00000025867	0	0	0	0	0.102	0.560	0	0.652	0.850
Cebpb	Smarca4	10090.ENSMUSP00000069850	10090.ENSMUSP00000034707	0	0	0	0	0	0.402	0.515	0.757	0.923
Cebpb	Smad3	10090.ENSMUSP00000069850	10090.ENSMUSP00000034973	0	0	0	0	0.061	0.227	0.676	0.943	0.985
Cebpb	Foxa1	10090.ENSMUSP00000069850	10090.ENSMUSP00000041118	0	0	0	0	0	0.073	0.140	0.434	0.509
Cebpb	Rarg	10090.ENSMUSP00000069850	10090.ENSMUSP00000048838	0	0	0	0	0.062	0.103	0.153	0.271	0.411
Cebpb	Ep300	10090.ENSMUSP00000069850	10090.ENSMUSP00000066789	0	0	0	0	0	0.811	0.676	0.797	0.986
Cebpb	Ncor1	10090.ENSMUSP00000069850	10090.ENSMUSP00000068974	0	0	0	0	0.048	0.130	0	0.400	0.459
Cebpb	Egr1	10090.ENSMUSP00000069850	10090.ENSMUSP00000069616	0	0	0	0	0.064	0.227	0.136	0.813	0.868
Cebpb	Foxm1	10090.ENSMUSP00000069850	10090.ENSMUSP00000073041	0	0	0	0	0	0.066	0.173	0.293	0.406
Cebpb	Tcf3	10090.ENSMUSP00000069850	10090.ENSMUSP00000100979	0	0	0	0	0	0.087	0	0.380	0.409
Cebpb	Tbp	10090.ENSMUSP00000069850	10090.ENSMUSP00000124317	0	0	0	0	0	0	0	0.428	0.428
Cebpb	Gata3	10090.ENSMUSP00000069850	10090.ENSMUSP00000100041	0	0	0	0	0.048	0.081	0	0.449	0.476
Cebpb	Usf1	10090.ENSMUSP00000069850	10090.ENSMUSP00000125729	0	0	0	0	0	0	0	0.492	0.492
Cebpb	Maf	10090.ENSMUSP00000069850	10090.ENSMUSP00000104732	0	0	0	0	0.048	0.163	0	0.415	0.493
Cebpb	E2f1	10090.ENSMUSP00000069850	10090.ENSMUSP00000099434	0	0	0	0	0	0.163	0.207	0.327	0.514
Cebpb	Mecom	10090.ENSMUSP00000069850	10090.ENSMUSP00000103905	0	0	0	0	0	0.058	0.136	0.454	0.517
Cebpb	Sin3a	10090.ENSMUSP00000069850	10090.ENSMUSP00000130221	0	0	0	0	0	0.447	0	0.278	0.584
Cebpb	Kat2a	10090.ENSMUSP00000069850	10090.ENSMUSP00000099407	0	0	0	0	0.061	0.464	0.169	0.228	0.634
Cebpb	Jund	10090.ENSMUSP00000069850	10090.ENSMUSP00000092901	0	0	0	0	0.098	0.163	0.333	0.415	0.666
Cebpb	Nr1h3	10090.ENSMUSP00000069850	10090.ENSMUSP00000106988	0	0	0	0	0.079	0.103	0.153	0.642	0.716
Cebpb	Hsf1	10090.ENSMUSP00000069850	10090.ENSMUSP00000072617	0	0	0	0	0.061	0.130	0.429	0.689	0.835
Cebpb	Smad2	10090.ENSMUSP00000069850	10090.ENSMUSP00000130115	0	0	0	0	0.048	0.164	0.676	0.509	0.856
Cebpb	Jun	10090.ENSMUSP00000069850	10090.ENSMUSP00000102711	0	0	0	0	0.167	0.163	0.676	0.808	0.951
Cebpb	Klf4	10090.ENSMUSP00000069850	10090.ENSMUSP00000103245	0	0	0	0	0.063	0.058	0.909	0.477	0.952
Cebpb	Runx2	10090.ENSMUSP00000069850	10090.ENSMUSP00000109202	0	0	0	0	0.061	0.435	0	0.976	0.986
Clock	Pparg	10090.ENSMUSP00000074656	10090.ENSMUSP00000000450	0	0	0	0	0	0.240	0.187	0.647	0.762
Clock	Rarg	10090.ENSMUSP00000074656	10090.ENSMUSP00000048838	0	0	0	0	0	0.240	0.187	0.118	0.407
Clock	Ep300	10090.ENSMUSP00000074656	10090.ENSMUSP00000066789	0	0	0	0	0.050	0.705	0.334	0.493	0.893
Clock	Ncor1	10090.ENSMUSP00000074656	10090.ENSMUSP00000068974	0	0	0	0	0.076	0.047	0.918	0.418	0.952
Clock	Jund	10090.ENSMUSP00000074656	10090.ENSMUSP00000092901	0	0	0	0	0	0.140	0.298	0.098	0.407
Clock	Jun	10090.ENSMUSP00000074656	10090.ENSMUSP00000102711	0	0	0	0	0	0.140	0.298	0.245	0.504
Clock	Nr1h3	10090.ENSMUSP00000074656	10090.ENSMUSP00000106988	0	0	0	0	0	0.240	0.187	0.303	0.531
Clock	Kat2a	10090.ENSMUSP00000074656	10090.ENSMUSP00000099407	0	0	0	0	0	0.095	0.338	0.375	0.593
Clock	Runx2	10090.ENSMUSP00000074656	10090.ENSMUSP00000109202	0	0	0	0	0	0	0	0.665	0.666
Cnot3	Xrn2	10090.ENSMUSP00000039098	10090.ENSMUSP00000028921	0	0	0	0	0.117	0.054	0	0.359	0.418
Cnot3	Zfx	10090.ENSMUSP00000039098	10090.ENSMUSP00000085423	0	0	0	0	0	0	0	0.534	0.534
Ctcf	Pparg	10090.ENSMUSP00000005841	10090.ENSMUSP00000000450	0	0	0	0	0	0.081	0.114	0.454	0.517
Ctcf	Spi1	10090.ENSMUSP00000005841	10090.ENSMUSP00000002180	0	0	0	0	0	0	0	0.593	0.593
Ctcf	Taf7	10090.ENSMUSP00000005841	10090.ENSMUSP00000065645	0	0	0	0	0.102	0.056	0	0.350	0.401
Ctcf	Nfyb	10090.ENSMUSP00000005841	10090.ENSMUSP00000122403	0	0	0	0	0.104	0.086	0	0.327	0.402
Ctcf	Jund	10090.ENSMUSP00000005841	10090.ENSMUSP00000092901	0	0	0	0	0	0.125	0.144	0.265	0.402
Ctcf	Rela	10090.ENSMUSP00000005841	10090.ENSMUSP00000025867	0	0	0	0	0.062	0.066	0.203	0.278	0.428
Ctcf	E2f6	10090.ENSMUSP00000005841	10090.ENSMUSP00000020908	0	0	0	0	0	0.058	0.127	0.370	0.436
Ctcf	Kat2a	10090.ENSMUSP00000005841	10090.ENSMUSP00000099407	0	0	0	0	0	0.134	0.187	0.277	0.447
Ctcf	Nfya	10090.ENSMUSP00000005841	10090.ENSMUSP00000043909	0	0	0	0	0	0.134	0	0.405	0.462
Ctcf	E2f4	10090.ENSMUSP00000005841	10090.ENSMUSP00000015003	0	0	0	0	0	0.058	0.127	0.400	0.463
Ctcf	Max	10090.ENSMUSP00000005841	10090.ENSMUSP00000106025	0	0	0	0	0.052	0.088	0.134	0.376	0.470
Ctcf	Mycn	10090.ENSMUSP00000005841	10090.ENSMUSP00000045993	0	0	0	0	0	0.059	0	0.476	0.486
Ctcf	Tcf3	10090.ENSMUSP00000005841	10090.ENSMUSP00000100979	0	0	0	0	0.078	0.047	0	0.464	0.488
Ctcf	Kdm6a	10090.ENSMUSP00000005841	10090.ENSMUSP00000061539	0	0	0	0	0.099	0.164	0.103	0.366	0.514
Ctcf	Hdac2	10090.ENSMUSP00000005841	10090.ENSMUSP00000019911	0	0	0	0	0.113	0.131	0.137	0.402	0.550
Ctcf	Gata3	10090.ENSMUSP00000005841	10090.ENSMUSP00000100041	0	0	0	0	0	0.082	0.126	0.485	0.550
Ctcf	Tbp	10090.ENSMUSP00000005841	10090.ENSMUSP00000124317	0	0	0	0	0.061	0.080	0	0.524	0.553
Ctcf	Smad2	10090.ENSMUSP00000005841	10090.ENSMUSP00000130115	0	0	0	0	0.062	0.161	0.404	0.166	0.556
Ctcf	Jun	10090.ENSMUSP00000005841	10090.ENSMUSP00000102711	0	0	0	0	0	0.125	0.144	0.463	0.562
Ctcf	Gata2	10090.ENSMUSP00000005841	10090.ENSMUSP00000015197	0	0	0	0	0	0.082	0.126	0.541	0.600
Ctcf	Taf1	10090.ENSMUSP00000005841	10090.ENSMUSP00000098895	0	0	0	0	0.064	0.066	0	0.589	0.610
Ctcf	Foxa1	10090.ENSMUSP00000005841	10090.ENSMUSP00000041118	0	0	0	0	0	0.079	0.096	0.596	0.634
Ctcf	Nanog	10090.ENSMUSP00000005841	10090.ENSMUSP00000012540	0	0	0	0	0.062	0.051	0	0.638	0.650
Ctcf	Smad3	10090.ENSMUSP00000005841	10090.ENSMUSP00000034973	0	0	0	0	0.062	0.209	0.404	0.308	0.653
Ctcf	Usf1	10090.ENSMUSP00000005841	10090.ENSMUSP00000125729	0	0	0	0	0	0.066	0	0.692	0.700
Ctcf	Ep300	10090.ENSMUSP00000005841	10090.ENSMUSP00000066789	0	0	0	0	0.062	0.152	0.183	0.618	0.718
Ctcf	Sox2	10090.ENSMUSP00000005841	10090.ENSMUSP00000096755	0	0	0	0	0.062	0.088	0	0.704	0.726
Ctcf	Smarca4	10090.ENSMUSP00000005841	10090.ENSMUSP00000034707	0	0	0	0	0.099	0.134	0.194	0.652	0.752
Ctcf	Zbtb33	10090.ENSMUSP00000005841	10090.ENSMUSP00000110795	0	0	0	0	0.062	0.274	0	0.719	0.792
Ctcf	Myc	10090.ENSMUSP00000005841	10090.ENSMUSP00000022971	0	0	0	0	0.063	0.088	0.548	0.657	0.850
Ctcf	Stag1	10090.ENSMUSP00000005841	10090.ENSMUSP00000116205	0	0	0	0	0.094	0.466	0	0.761	0.874
Ctcf	Sin3a	10090.ENSMUSP00000005841	10090.ENSMUSP00000130221	0	0	0	0	0.100	0.163	0.145	0.947	0.961
Ctcf	Pou5f1	10090.ENSMUSP00000005841	10090.ENSMUSP00000025271	0	0	0	0	0.051	0.443	0	0.944	0.968
E2f1	Spi1	10090.ENSMUSP00000099434	10090.ENSMUSP00000002180	0	0	0	0	0	0.048	0.676	0.275	0.757
E2f1	E2f4	10090.ENSMUSP00000099434	10090.ENSMUSP00000015003	0	0	0	0.687	0.062	0.131	0.936	0.746	0.956
E2f1	Mybl2	10090.ENSMUSP00000099434	10090.ENSMUSP00000018005	0	0	0	0	0.314	0.324	0	0.546	0.771
E2f1	Hdac2	10090.ENSMUSP00000099434	10090.ENSMUSP00000019911	0	0	0	0	0.079	0.141	0.512	0.325	0.704
E2f1	Myb	10090.ENSMUSP00000099434	10090.ENSMUSP00000020158	0	0	0	0	0.086	0.324	0	0.315	0.540
E2f1	Myc	10090.ENSMUSP00000099434	10090.ENSMUSP00000022971	0	0	0	0	0.062	0.075	0.900	0.783	0.978
E2f1	Rela	10090.ENSMUSP00000099434	10090.ENSMUSP00000025867	0	0	0	0	0	0	0	0.451	0.451
E2f1	Smarca4	10090.ENSMUSP00000099434	10090.ENSMUSP00000034707	0	0	0	0	0.079	0.502	0.290	0.267	0.729
E2f1	Smad3	10090.ENSMUSP00000099434	10090.ENSMUSP00000034973	0	0	0	0	0.052	0.053	0.196	0.278	0.409
E2f1	Mycn	10090.ENSMUSP00000099434	10090.ENSMUSP00000045993	0	0	0	0	0	0.058	0	0.533	0.541
E2f1	Ep300	10090.ENSMUSP00000099434	10090.ENSMUSP00000066789	0	0	0	0	0.062	0.721	0.290	0.332	0.859
E2f1	Ncor1	10090.ENSMUSP00000099434	10090.ENSMUSP00000068974	0	0	0	0	0.065	0.059	0.370	0.170	0.478
E2f1	Egr1	10090.ENSMUSP00000099434	10090.ENSMUSP00000069616	0	0	0	0	0	0.058	0.127	0.358	0.425
E2f1	Foxm1	10090.ENSMUSP00000099434	10090.ENSMUSP00000073041	0	0	0	0	0.255	0.058	0	0.523	0.636
E2f1	Zfx	10090.ENSMUSP00000099434	10090.ENSMUSP00000085423	0	0	0	0	0	0.058	0.127	0.497	0.550
E2f1	Kat2a	10090.ENSMUSP00000099434	10090.ENSMUSP00000099407	0	0	0	0	0.062	0.554	0.515	0.672	0.924
E2f1	Klf4	10090.ENSMUSP00000099434	10090.ENSMUSP00000103245	0	0	0	0	0.076	0.058	0.127	0.368	0.456
E2f1	Trp63	10090.ENSMUSP00000099434	10090.ENSMUSP00000110965	0	0	0	0	0.059	0.164	0	0.364	0.456
E2f1	Jun	10090.ENSMUSP00000099434	10090.ENSMUSP00000102711	0	0	0	0	0	0	0	0.465	0.465
E2f1	Sin3a	10090.ENSMUSP00000099434	10090.ENSMUSP00000130221	0	0	0	0	0.062	0.059	0.370	0.250	0.527
E2f1	Tbp	10090.ENSMUSP00000099434	10090.ENSMUSP00000124317	0	0	0	0	0	0.402	0.676	0.575	0.910
E2f4	Spi1	10090.ENSMUSP00000015003	10090.ENSMUSP00000002180	0	0	0	0	0	0.048	0.395	0.219	0.511
E2f4	Elf3	10090.ENSMUSP00000015003	10090.ENSMUSP00000003135	0	0	0	0	0	0	0.220	0.280	0.414
E2f4	Jun	10090.ENSMUSP00000015003	10090.ENSMUSP00000102711	0	0	0	0	0	0	0	0.421	0.421
E2f4	Nfyb	10090.ENSMUSP00000015003	10090.ENSMUSP00000122403	0	0	0	0	0.065	0.058	0	0.412	0.437
E2f4	Nfya	10090.ENSMUSP00000015003	10090.ENSMUSP00000043909	0	0	0	0	0.062	0.056	0	0.428	0.449
E2f4	Usf1	10090.ENSMUSP00000015003	10090.ENSMUSP00000125729	0	0	0	0	0	0	0.210	0.377	0.487
E2f4	Zfx	10090.ENSMUSP00000015003	10090.ENSMUSP00000085423	0	0	0	0	0	0.058	0.127	0.431	0.491
E2f4	Myb	10090.ENSMUSP00000015003	10090.ENSMUSP00000020158	0	0	0	0	0.080	0.350	0	0.303	0.547
E2f4	Zbtb33	10090.ENSMUSP00000015003	10090.ENSMUSP00000110795	0	0	0	0	0	0.058	0.127	0.541	0.589
E2f4	Gata2	10090.ENSMUSP00000015003	10090.ENSMUSP00000015197	0	0	0	0	0	0	0	0.596	0.596
E2f4	Myc	10090.ENSMUSP00000015003	10090.ENSMUSP00000022971	0	0	0	0	0.087	0.075	0	0.564	0.600
E2f4	Egr1	10090.ENSMUSP00000015003	10090.ENSMUSP00000069616	0	0	0	0	0	0.058	0.127	0.554	0.602
E2f4	Ncor1	10090.ENSMUSP00000015003	10090.ENSMUSP00000068974	0	0	0	0	0.065	0.081	0.484	0.247	0.621
E2f4	Taf1	10090.ENSMUSP00000015003	10090.ENSMUSP00000098895	0	0	0	0	0.092	0	0	0.633	0.653
E2f4	Foxm1	10090.ENSMUSP00000015003	10090.ENSMUSP00000073041	0	0	0	0	0.100	0.058	0	0.648	0.676
E2f4	Tbp	10090.ENSMUSP00000015003	10090.ENSMUSP00000124317	0	0	0	0	0.061	0.200	0.372	0.538	0.753
E2f4	Hdac2	10090.ENSMUSP00000015003	10090.ENSMUSP00000019911	0	0	0	0	0.079	0.267	0.629	0.318	0.806
E2f4	Ep300	10090.ENSMUSP00000015003	10090.ENSMUSP00000066789	0	0	0	0	0.062	0.197	0.420	0.616	0.809
E2f4	Kat2a	10090.ENSMUSP00000015003	10090.ENSMUSP00000099407	0	0	0	0	0.092	0.197	0.676	0.425	0.846
E2f4	Smarca4	10090.ENSMUSP00000015003	10090.ENSMUSP00000034707	0	0	0	0	0.096	0.161	0.420	0.704	0.852
E2f4	Smad2	10090.ENSMUSP00000015003	10090.ENSMUSP00000130115	0	0	0	0	0.052	0.087	0.758	0.570	0.898
E2f4	Sin3a	10090.ENSMUSP00000015003	10090.ENSMUSP00000130221	0	0	0	0	0.085	0.130	0.629	0.777	0.925
E2f4	Mybl2	10090.ENSMUSP00000015003	10090.ENSMUSP00000018005	0	0	0	0	0.110	0.350	0.900	0.876	0.991
E2f4	Smad3	10090.ENSMUSP00000015003	10090.ENSMUSP00000034973	0	0	0	0	0.062	0.130	0.864	0.986	0.998
E2f6	Gata2	10090.ENSMUSP00000020908	10090.ENSMUSP00000015197	0	0	0	0	0	0	0	0.589	0.589
E2f6	Mybl2	10090.ENSMUSP00000020908	10090.ENSMUSP00000018005	0	0	0	0	0.064	0.324	0	0.332	0.540
E2f6	Hdac2	10090.ENSMUSP00000020908	10090.ENSMUSP00000019911	0	0	0	0	0.079	0.091	0.327	0.172	0.471
E2f6	Myb	10090.ENSMUSP00000020908	10090.ENSMUSP00000020158	0	0	0	0	0.064	0.324	0	0.223	0.465
E2f6	Kat2a	10090.ENSMUSP00000020908	10090.ENSMUSP00000099407	0	0	0	0	0.081	0.197	0.220	0.125	0.429
E2f6	Ncor1	10090.ENSMUSP00000020908	10090.ENSMUSP00000068974	0	0	0	0	0.065	0.059	0.370	0.119	0.446
E2f6	Myc	10090.ENSMUSP00000020908	10090.ENSMUSP00000022971	0	0	0	0	0	0.075	0	0.467	0.486
E2f6	Sin3a	10090.ENSMUSP00000020908	10090.ENSMUSP00000130221	0	0	0	0	0.062	0.059	0.370	0.201	0.496
E2f6	Ep300	10090.ENSMUSP00000020908	10090.ENSMUSP00000066789	0	0	0	0	0.062	0.197	0.290	0.213	0.523
E2f6	Tbp	10090.ENSMUSP00000020908	10090.ENSMUSP00000124317	0	0	0	0	0	0.200	0.302	0.222	0.528
E2f6	Smarca4	10090.ENSMUSP00000020908	10090.ENSMUSP00000034707	0	0	0	0	0.079	0.158	0.290	0.257	0.536
E2f6	Kdm2b	10090.ENSMUSP00000020908	10090.ENSMUSP00000038229	0	0	0	0	0.064	0.135	0	0.480	0.542
E2f6	Usf1	10090.ENSMUSP00000020908	10090.ENSMUSP00000125729	0	0	0	0	0	0	0.210	0.612	0.680
E2f6	Zbtb33	10090.ENSMUSP00000020908	10090.ENSMUSP00000110795	0	0	0	0	0	0.058	0.127	0.649	0.686
E2f6	Taf7	10090.ENSMUSP00000020908	10090.ENSMUSP00000065645	0	0	0	0	0.061	0	0.720	0.153	0.758
E2f6	Taf1	10090.ENSMUSP00000020908	10090.ENSMUSP00000098895	0	0	0	0	0.092	0	0.720	0.390	0.831
E2f6	Max	10090.ENSMUSP00000020908	10090.ENSMUSP00000106025	0	0	0	0	0	0.199	0.720	0.367	0.845
Egr1	Pparg	10090.ENSMUSP00000069616	10090.ENSMUSP00000000450	0	0	0	0	0	0.081	0.114	0.636	0.678
Egr1	Spi1	10090.ENSMUSP00000069616	10090.ENSMUSP00000002180	0	0	0	0	0.061	0	0	0.533	0.543
Egr1	Gata2	10090.ENSMUSP00000069616	10090.ENSMUSP00000015197	0	0	0	0	0	0.082	0.126	0.471	0.538
Egr1	Hdac2	10090.ENSMUSP00000069616	10090.ENSMUSP00000019911	0	0	0	0	0	0.131	0.137	0.431	0.536
Egr1	Myb	10090.ENSMUSP00000069616	10090.ENSMUSP00000020158	0	0	0	0	0	0.058	0	0.409	0.420
Egr1	Myc	10090.ENSMUSP00000069616	10090.ENSMUSP00000022971	0	0	0	0	0.111	0.088	0.134	0.679	0.745
Egr1	Rela	10090.ENSMUSP00000069616	10090.ENSMUSP00000025867	0	0	0	0	0	0.130	0.203	0.435	0.574
Egr1	Smarca4	10090.ENSMUSP00000069616	10090.ENSMUSP00000034707	0	0	0	0	0	0.134	0.194	0.270	0.445
Egr1	Smad3	10090.ENSMUSP00000069616	10090.ENSMUSP00000034973	0	0	0	0	0.062	0.084	0.131	0.464	0.546
Egr1	Nfya	10090.ENSMUSP00000069616	10090.ENSMUSP00000043909	0	0	0	0	0	0.134	0	0.339	0.403
Egr1	Ep300	10090.ENSMUSP00000069616	10090.ENSMUSP00000066789	0	0	0	0	0.061	0.721	0.183	0.552	0.891
Egr1	Kat2a	10090.ENSMUSP00000069616	10090.ENSMUSP00000099407	0	0	0	0	0	0.134	0.187	0.223	0.405
Egr1	Sox2	10090.ENSMUSP00000069616	10090.ENSMUSP00000096755	0	0	0	0	0	0.088	0	0.385	0.415
Egr1	Usf1	10090.ENSMUSP00000069616	10090.ENSMUSP00000125729	0	0	0	0	0	0.066	0	0.400	0.415
Egr1	Gata3	10090.ENSMUSP00000069616	10090.ENSMUSP00000100041	0	0	0	0	0	0.082	0.126	0.358	0.440
Egr1	Sin3a	10090.ENSMUSP00000069616	10090.ENSMUSP00000130221	0	0	0	0	0.062	0.163	0.145	0.337	0.495
Egr1	Smad2	10090.ENSMUSP00000069616	10090.ENSMUSP00000130115	0	0	0	0	0.062	0.084	0.131	0.424	0.512
Egr1	Jund	10090.ENSMUSP00000069616	10090.ENSMUSP00000092901	0	0	0	0	0.061	0.404	0.144	0.557	0.759
Egr1	Jun	10090.ENSMUSP00000069616	10090.ENSMUSP00000102711	0	0	0	0	0.321	0.125	0.144	0.870	0.925
Elf3	Tbp	10090.ENSMUSP00000003135	10090.ENSMUSP00000124317	0	0	0	0	0	0.130	0	0.456	0.506
Elk3	Jun	10090.ENSMUSP00000008542	10090.ENSMUSP00000102711	0	0	0	0	0.058	0.200	0.261	0.091	0.426
Eomes	Stat5a	10090.ENSMUSP00000035020	10090.ENSMUSP00000004145	0	0	0	0	0	0.057	0	0.464	0.472
Eomes	Nanog	10090.ENSMUSP00000035020	10090.ENSMUSP00000012540	0	0	0	0	0.063	0.070	0	0.687	0.703
Eomes	Gata2	10090.ENSMUSP00000035020	10090.ENSMUSP00000015197	0	0	0	0	0.052	0.131	0	0.340	0.409
Eomes	Myc	10090.ENSMUSP00000035020	10090.ENSMUSP00000022971	0	0	0	0	0	0.132	0	0.360	0.420
Eomes	Pou5f1	10090.ENSMUSP00000035020	10090.ENSMUSP00000025271	0	0	0	0	0.084	0.051	0	0.701	0.718
Eomes	Tfap2c	10090.ENSMUSP00000035020	10090.ENSMUSP00000030391	0	0	0	0	0.076	0.053	0	0.598	0.618
Eomes	Smarca4	10090.ENSMUSP00000035020	10090.ENSMUSP00000034707	0	0	0	0	0	0.134	0	0.408	0.465
Eomes	Zfp42	10090.ENSMUSP00000035020	10090.ENSMUSP00000080765	0	0	0	0	0	0.050	0	0.404	0.409
Eomes	Sox3	10090.ENSMUSP00000035020	10090.ENSMUSP00000115237	0	0	0	0	0.062	0.051	0	0.444	0.462
Eomes	Klf4	10090.ENSMUSP00000035020	10090.ENSMUSP00000103245	0	0	0	0	0	0.050	0	0.482	0.487
Eomes	Gata6	10090.ENSMUSP00000035020	10090.ENSMUSP00000041774	0	0	0	0	0	0.131	0	0.672	0.703
Eomes	Sox2	10090.ENSMUSP00000035020	10090.ENSMUSP00000096755	0	0	0	0	0.061	0.051	0	0.760	0.767
Eomes	Gata3	10090.ENSMUSP00000035020	10090.ENSMUSP00000100041	0	0	0	0	0.052	0.131	0	0.758	0.783
Eomes	Smad2	10090.ENSMUSP00000035020	10090.ENSMUSP00000130115	0	0	0	0	0.062	0.058	0	0.975	0.976
Ep300	Pparg	10090.ENSMUSP00000066789	10090.ENSMUSP00000000450	0	0	0	0	0	0.760	0.845	0.808	0.992
Ep300	Spi1	10090.ENSMUSP00000066789	10090.ENSMUSP00000002180	0	0	0	0	0.062	0.683	0	0.786	0.931
Ep300	Stat5a	10090.ENSMUSP00000066789	10090.ENSMUSP00000004145	0	0	0	0	0.062	0.530	0.845	0.659	0.973
Ep300	Nanog	10090.ENSMUSP00000066789	10090.ENSMUSP00000012540	0	0	0	0	0.048	0.130	0	0.457	0.512
Ep300	Gata2	10090.ENSMUSP00000066789	10090.ENSMUSP00000015197	0	0	0	0	0	0.205	0.285	0.391	0.623
Ep300	Mybl2	10090.ENSMUSP00000066789	10090.ENSMUSP00000018005	0	0	0	0	0.062	0.451	0.423	0.313	0.768
Ep300	Hdac2	10090.ENSMUSP00000066789	10090.ENSMUSP00000019911	0	0	0	0	0.065	0.473	0.966	0.872	0.997
Ep300	Myb	10090.ENSMUSP00000066789	10090.ENSMUSP00000020158	0	0	0	0	0.062	0.763	0.676	0.882	0.990
Ep300	Myc	10090.ENSMUSP00000066789	10090.ENSMUSP00000022971	0	0	0	0	0.062	0.463	0.826	0.788	0.979
Ep300	Runx1	10090.ENSMUSP00000066789	10090.ENSMUSP00000023673	0	0	0	0	0	0.564	0.600	0.614	0.926
Ep300	Pou5f1	10090.ENSMUSP00000066789	10090.ENSMUSP00000025271	0	0	0	0	0	0.437	0	0.383	0.638
Ep300	Rela	10090.ENSMUSP00000066789	10090.ENSMUSP00000025867	0	0	0	0	0.061	0.880	0.864	0.789	0.996
Ep300	Tfap2c	10090.ENSMUSP00000066789	10090.ENSMUSP00000030391	0	0	0	0	0.062	0.138	0.600	0.291	0.740
Ep300	Smarca4	10090.ENSMUSP00000066789	10090.ENSMUSP00000034707	0	0	0	0	0.117	0.215	0.484	0.822	0.927
Ep300	Smad3	10090.ENSMUSP00000066789	10090.ENSMUSP00000034973	0	0	0	0	0	0.918	0.676	0.870	0.996
Ep300	Foxa1	10090.ENSMUSP00000066789	10090.ENSMUSP00000041118	0	0	0	0	0	0.111	0.818	0.453	0.904
Ep300	Gata6	10090.ENSMUSP00000066789	10090.ENSMUSP00000041774	0	0	0	0	0	0.200	0.285	0.498	0.688
Ep300	Rarg	10090.ENSMUSP00000066789	10090.ENSMUSP00000048838	0	0	0	0	0	0.493	0.676	0.143	0.847
Ep300	Kdm6a	10090.ENSMUSP00000066789	10090.ENSMUSP00000061539	0	0	0	0	0.132	0.206	0	0.607	0.705
Ep300	Klf1	10090.ENSMUSP00000066789	10090.ENSMUSP00000064366	0	0	0	0	0	0.271	0.183	0.436	0.634
Ep300	Ercc6	10090.ENSMUSP00000066789	10090.ENSMUSP00000066256	0	0	0	0	0.061	0.164	0.828	0.381	0.906
Ep300	Zbtb33	10090.ENSMUSP00000066789	10090.ENSMUSP00000110795	0	0	0	0	0	0.152	0.183	0.218	0.411
Ep300	Zmiz1	10090.ENSMUSP00000066789	10090.ENSMUSP00000124863	0	0	0	0	0.066	0.133	0.297	0.094	0.415
Ep300	Zfx	10090.ENSMUSP00000066789	10090.ENSMUSP00000085423	0	0	0	0	0.062	0.152	0.183	0.215	0.421
Ep300	Sox2	10090.ENSMUSP00000066789	10090.ENSMUSP00000096755	0	0	0	0	0.101	0.145	0	0.494	0.577
Ep300	Nfyb	10090.ENSMUSP00000066789	10090.ENSMUSP00000122403	0	0	0	0	0	0.402	0	0.556	0.723
Ep300	Foxm1	10090.ENSMUSP00000066789	10090.ENSMUSP00000073041	0	0	0	0	0	0.164	0.676	0.304	0.795
Ep300	Taf1	10090.ENSMUSP00000066789	10090.ENSMUSP00000098895	0	0	0	0.538	0.100	0.220	0.629	0.661	0.801
Ep300	Max	10090.ENSMUSP00000066789	10090.ENSMUSP00000106025	0	0	0	0	0.062	0.402	0.676	0.234	0.842
Ep300	Jund	10090.ENSMUSP00000066789	10090.ENSMUSP00000092901	0	0	0	0	0	0.402	0.676	0.356	0.864
Ep300	Sin3a	10090.ENSMUSP00000066789	10090.ENSMUSP00000130221	0	0	0	0	0.079	0.703	0	0.542	0.864
Ep300	Trp63	10090.ENSMUSP00000066789	10090.ENSMUSP00000110965	0	0	0	0	0.066	0.576	0.676	0.178	0.880
Ep300	Pml	10090.ENSMUSP00000066789	10090.ENSMUSP00000082816	0	0	0	0	0.061	0.374	0.864	0.124	0.921
Ep300	Hsf1	10090.ENSMUSP00000066789	10090.ENSMUSP00000072617	0	0	0	0	0.064	0.130	0.900	0.310	0.936
Ep300	Gata3	10090.ENSMUSP00000066789	10090.ENSMUSP00000100041	0	0	0	0	0	0.205	0.850	0.531	0.939
Ep300	Tbp	10090.ENSMUSP00000066789	10090.ENSMUSP00000124317	0	0	0	0	0.062	0.248	0.600	0.817	0.941
Ep300	Nr1h3	10090.ENSMUSP00000066789	10090.ENSMUSP00000106988	0	0	0	0	0.061	0.505	0.845	0.303	0.943
Ep300	Usf1	10090.ENSMUSP00000066789	10090.ENSMUSP00000125729	0	0	0	0	0.052	0.447	0.878	0.407	0.957
Ep300	Runx2	10090.ENSMUSP00000066789	10090.ENSMUSP00000109202	0	0	0	0	0.061	0.756	0	0.876	0.969
Ep300	Ncor1	10090.ENSMUSP00000066789	10090.ENSMUSP00000068974	0	0	0	0	0.421	0.721	0.676	0.549	0.973
Ep300	Tcf3	10090.ENSMUSP00000066789	10090.ENSMUSP00000100979	0	0	0	0	0.062	0.917	0	0.714	0.975
Ep300	Smad2	10090.ENSMUSP00000066789	10090.ENSMUSP00000130115	0	0	0	0	0	0.562	0.676	0.878	0.981
Ep300	Jun	10090.ENSMUSP00000066789	10090.ENSMUSP00000102711	0	0	0	0	0	0.811	0.676	0.788	0.985
Ep300	Klf4	10090.ENSMUSP00000066789	10090.ENSMUSP00000103245	0	0	0	0	0	0.737	0.676	0.864	0.987
Ep300	Kat2a	10090.ENSMUSP00000066789	10090.ENSMUSP00000099407	0	0	0	0	0.062	0.527	0.892	0.806	0.989
Ercc6	Hdac2	10090.ENSMUSP00000066256	10090.ENSMUSP00000019911	0	0	0	0	0.062	0.164	0.645	0.108	0.718
Ercc6	Jun	10090.ENSMUSP00000066256	10090.ENSMUSP00000102711	0	0	0	0	0	0.138	0.209	0.231	0.430
Ercc6	Tbp	10090.ENSMUSP00000066256	10090.ENSMUSP00000124317	0	0	0	0	0.052	0.149	0.600	0.199	0.706
Ercc6	Kat2a	10090.ENSMUSP00000066256	10090.ENSMUSP00000099407	0	0	0	0	0.061	0.164	0.657	0.119	0.731
Foxa1	Pparg	10090.ENSMUSP00000041118	10090.ENSMUSP00000000450	0	0	0	0	0	0.164	0.177	0.399	0.550
Foxa1	Nanog	10090.ENSMUSP00000041118	10090.ENSMUSP00000012540	0	0	0	0	0.062	0	0	0.509	0.520
Foxa1	Gata2	10090.ENSMUSP00000041118	10090.ENSMUSP00000015197	0	0	0	0	0.062	0.136	0	0.614	0.660
Foxa1	Hdac2	10090.ENSMUSP00000041118	10090.ENSMUSP00000019911	0	0	0	0	0	0.135	0	0.421	0.479
Foxa1	Myc	10090.ENSMUSP00000041118	10090.ENSMUSP00000022971	0	0	0	0	0.061	0.065	0	0.481	0.504
Foxa1	Pou5f1	10090.ENSMUSP00000041118	10090.ENSMUSP00000025271	0	0	0	0	0.061	0.050	0	0.566	0.579
Foxa1	Tfap2c	10090.ENSMUSP00000041118	10090.ENSMUSP00000030391	0	0	0	0	0.062	0.134	0	0.577	0.627
Foxa1	Smad3	10090.ENSMUSP00000041118	10090.ENSMUSP00000034973	0	0	0	0	0	0.130	0.132	0.300	0.425
Foxa1	Usf1	10090.ENSMUSP00000041118	10090.ENSMUSP00000125729	0	0	0	0	0.061	0.083	0	0.369	0.409
Foxa1	Hsf1	10090.ENSMUSP00000041118	10090.ENSMUSP00000072617	0	0	0	0	0	0.043	0	0.414	0.415
Foxa1	Rarg	10090.ENSMUSP00000041118	10090.ENSMUSP00000048838	0	0	0	0	0	0.164	0.177	0.245	0.435
Foxa1	Stag1	10090.ENSMUSP00000041118	10090.ENSMUSP00000116205	0	0	0	0	0.061	0.069	0	0.423	0.452
Foxa1	Nr1h3	10090.ENSMUSP00000041118	10090.ENSMUSP00000106988	0	0	0	0	0.062	0.164	0.177	0.269	0.465
Foxa1	Sox3	10090.ENSMUSP00000041118	10090.ENSMUSP00000115237	0	0	0	0	0.060	0.129	0	0.416	0.480
Foxa1	Mycn	10090.ENSMUSP00000041118	10090.ENSMUSP00000045993	0	0	0	0	0	0.091	0	0.461	0.490
Foxa1	Klf4	10090.ENSMUSP00000041118	10090.ENSMUSP00000103245	0	0	0	0	0.061	0.079	0.096	0.455	0.517
Foxa1	Jun	10090.ENSMUSP00000041118	10090.ENSMUSP00000102711	0	0	0	0	0	0.100	0.161	0.431	0.533
Foxa1	Gata6	10090.ENSMUSP00000041118	10090.ENSMUSP00000041774	0	0	0	0	0.111	0.136	0	0.659	0.715
Foxa1	Tbp	10090.ENSMUSP00000041118	10090.ENSMUSP00000124317	0	0	0	0	0	0.132	0.600	0.264	0.722
Foxa1	Sox2	10090.ENSMUSP00000041118	10090.ENSMUSP00000096755	0	0	0	0	0.084	0.129	0	0.696	0.736
Foxa1	Gata3	10090.ENSMUSP00000041118	10090.ENSMUSP00000100041	0	0	0	0	0.112	0.163	0.800	0.826	0.970
Foxm1	Nanog	10090.ENSMUSP00000073041	10090.ENSMUSP00000012540	0	0	0	0	0.062	0.433	0	0.434	0.672
Foxm1	Mybl2	10090.ENSMUSP00000073041	10090.ENSMUSP00000018005	0	0	0	0	0.600	0.080	0	0.933	0.973
Foxm1	Myc	10090.ENSMUSP00000073041	10090.ENSMUSP00000022971	0	0	0	0	0.083	0.134	0	0.694	0.736
Foxm1	Pou5f1	10090.ENSMUSP00000073041	10090.ENSMUSP00000025271	0	0	0	0	0.069	0.065	0	0.405	0.436
Foxm1	Smad3	10090.ENSMUSP00000073041	10090.ENSMUSP00000034973	0	0	0	0	0.062	0.130	0.163	0.828	0.867
Foxm1	Mycn	10090.ENSMUSP00000073041	10090.ENSMUSP00000045993	0	0	0	0	0.062	0.131	0	0.409	0.476
Foxm1	Smad2	10090.ENSMUSP00000073041	10090.ENSMUSP00000130115	0	0	0	0	0	0.090	0.163	0.336	0.450
Foxm1	Jun	10090.ENSMUSP00000073041	10090.ENSMUSP00000102711	0	0	0	0	0	0.057	0.161	0.419	0.500
Foxm1	Gata3	10090.ENSMUSP00000073041	10090.ENSMUSP00000100041	0	0	0	0	0.061	0.136	0	0.446	0.511
Foxm1	Sox2	10090.ENSMUSP00000073041	10090.ENSMUSP00000096755	0	0	0	0	0	0.129	0	0.468	0.516
Gata2	Pparg	10090.ENSMUSP00000015197	10090.ENSMUSP00000000450	0	0	0	0	0	0.073	0	0.478	0.495
Gata2	Spi1	10090.ENSMUSP00000015197	10090.ENSMUSP00000002180	0	0	0	0	0	0.402	0.800	0.955	0.994
Gata2	Stat5a	10090.ENSMUSP00000015197	10090.ENSMUSP00000004145	0	0	0	0	0.061	0.048	0	0.429	0.445
Gata2	Klf5	10090.ENSMUSP00000015197	10090.ENSMUSP00000005279	0	0	0	0	0	0.082	0.126	0.393	0.470
Gata2	Nanog	10090.ENSMUSP00000015197	10090.ENSMUSP00000012540	0	0	0	0	0	0	0	0.536	0.536
Gata2	Jund	10090.ENSMUSP00000015197	10090.ENSMUSP00000092901	0	0	0	0	0	0.203	0.218	0.124	0.406
Gata2	Usf1	10090.ENSMUSP00000015197	10090.ENSMUSP00000125729	0	0	0	0	0.061	0.058	0	0.395	0.418
Gata2	Sox3	10090.ENSMUSP00000015197	10090.ENSMUSP00000115237	0	0	0	0	0.052	0.134	0	0.354	0.423
Gata2	Runx2	10090.ENSMUSP00000015197	10090.ENSMUSP00000109202	0	0	0	0	0	0.134	0	0.376	0.436
Gata2	Tfap2c	10090.ENSMUSP00000015197	10090.ENSMUSP00000030391	0	0	0	0	0.063	0.067	0	0.429	0.457
Gata2	Nfya	10090.ENSMUSP00000015197	10090.ENSMUSP00000043909	0	0	0	0	0.061	0.197	0	0.349	0.466
Gata2	Mycn	10090.ENSMUSP00000015197	10090.ENSMUSP00000045993	0	0	0	0	0.061	0	0	0.464	0.475
Gata2	Myc	10090.ENSMUSP00000015197	10090.ENSMUSP00000022971	0	0	0	0	0.061	0.066	0	0.480	0.504
Gata2	Smarca4	10090.ENSMUSP00000015197	10090.ENSMUSP00000034707	0	0	0	0	0	0.158	0.146	0.382	0.517
Gata2	Pml	10090.ENSMUSP00000015197	10090.ENSMUSP00000082816	0	0	0	0	0	0.130	0	0.480	0.528
Gata2	Smad2	10090.ENSMUSP00000015197	10090.ENSMUSP00000130115	0	0	0	0	0.064	0.093	0.338	0.285	0.544
Gata2	Mybl2	10090.ENSMUSP00000015197	10090.ENSMUSP00000018005	0	0	0	0	0	0.120	0.297	0.339	0.555
Gata2	Smad3	10090.ENSMUSP00000015197	10090.ENSMUSP00000034973	0	0	0	0	0.064	0.093	0.338	0.305	0.557
Gata2	Pou5f1	10090.ENSMUSP00000015197	10090.ENSMUSP00000025271	0	0	0	0	0.052	0.059	0	0.552	0.565
Gata2	Hdac2	10090.ENSMUSP00000015197	10090.ENSMUSP00000019911	0	0	0	0	0	0.216	0.305	0.289	0.579
Gata2	Klf4	10090.ENSMUSP00000015197	10090.ENSMUSP00000103245	0	0	0	0	0.088	0.082	0.126	0.496	0.582
Gata2	Taf1	10090.ENSMUSP00000015197	10090.ENSMUSP00000098895	0	0	0	0	0.062	0	0	0.574	0.583
Gata2	Mecom	10090.ENSMUSP00000015197	10090.ENSMUSP00000103905	0	0	0	0	0.087	0.082	0.126	0.500	0.584
Gata2	Sox2	10090.ENSMUSP00000015197	10090.ENSMUSP00000096755	0	0	0	0	0.063	0.134	0	0.563	0.614
Gata2	Klf1	10090.ENSMUSP00000015197	10090.ENSMUSP00000064366	0	0	0	0	0.075	0.082	0.126	0.698	0.746
Gata2	Tcf3	10090.ENSMUSP00000015197	10090.ENSMUSP00000100979	0	0	0	0	0.061	0.114	0.600	0.490	0.807
Gata2	Jun	10090.ENSMUSP00000015197	10090.ENSMUSP00000102711	0	0	0	0	0	0.203	0.676	0.669	0.907
Gata2	Myb	10090.ENSMUSP00000015197	10090.ENSMUSP00000020158	0	0	0	0	0	0.120	0.853	0.676	0.954
Gata2	Runx1	10090.ENSMUSP00000015197	10090.ENSMUSP00000023673	0	0	0	0	0	0.487	0.800	0.737	0.970
Gata3	Klf6	10090.ENSMUSP00000100041	10090.ENSMUSP00000000080	0	0	0	0	0	0.082	0.126	0.452	0.522
Gata3	Pparg	10090.ENSMUSP00000100041	10090.ENSMUSP00000000450	0	0	0	0	0	0.073	0	0.500	0.517
Gata3	Spi1	10090.ENSMUSP00000100041	10090.ENSMUSP00000002180	0	0	0	0	0	0.520	0	0.740	0.870
Gata3	Stat5a	10090.ENSMUSP00000100041	10090.ENSMUSP00000004145	0	0	0	0	0.061	0.048	0	0.695	0.704
Gata3	Nanog	10090.ENSMUSP00000100041	10090.ENSMUSP00000012540	0	0	0	0	0	0	0	0.533	0.533
Gata3	Mybl2	10090.ENSMUSP00000100041	10090.ENSMUSP00000018005	0	0	0	0	0.062	0.120	0.297	0.284	0.529
Gata3	Hdac2	10090.ENSMUSP00000100041	10090.ENSMUSP00000019911	0	0	0	0	0	0.398	0.305	0.451	0.751
Gata3	Myb	10090.ENSMUSP00000100041	10090.ENSMUSP00000020158	0	0	0	0	0.078	0.130	0.297	0.743	0.836
Gata3	Myc	10090.ENSMUSP00000100041	10090.ENSMUSP00000022971	0	0	0	0	0.061	0.066	0	0.486	0.510
Gata3	Runx1	10090.ENSMUSP00000100041	10090.ENSMUSP00000023673	0	0	0	0	0	0.134	0.600	0.598	0.848
Gata3	Pou5f1	10090.ENSMUSP00000100041	10090.ENSMUSP00000025271	0	0	0	0	0.052	0.059	0	0.607	0.619
Gata3	Tfap2c	10090.ENSMUSP00000100041	10090.ENSMUSP00000030391	0	0	0	0	0.132	0.067	0	0.576	0.627
Gata3	Smarca4	10090.ENSMUSP00000100041	10090.ENSMUSP00000034707	0	0	0	0	0	0.158	0.146	0.354	0.494
Gata3	Smad3	10090.ENSMUSP00000100041	10090.ENSMUSP00000034973	0	0	0	0	0.064	0.093	0.676	0.888	0.965
Gata3	Mycn	10090.ENSMUSP00000100041	10090.ENSMUSP00000045993	0	0	0	0	0.063	0	0	0.397	0.411
Gata3	Jund	10090.ENSMUSP00000100041	10090.ENSMUSP00000092901	0	0	0	0	0	0.203	0.218	0.148	0.422
Gata3	Sox2	10090.ENSMUSP00000100041	10090.ENSMUSP00000096755	0	0	0	0	0.063	0.134	0	0.612	0.658
Gata3	Runx2	10090.ENSMUSP00000100041	10090.ENSMUSP00000109202	0	0	0	0	0	0.134	0	0.352	0.415
Gata3	Mecom	10090.ENSMUSP00000100041	10090.ENSMUSP00000103905	0	0	0	0	0.062	0.082	0.126	0.323	0.423
Gata3	Sox3	10090.ENSMUSP00000100041	10090.ENSMUSP00000115237	0	0	0	0	0.066	0.134	0	0.356	0.433
Gata3	Usf1	10090.ENSMUSP00000100041	10090.ENSMUSP00000125729	0	0	0	0	0.061	0.058	0	0.442	0.464
Gata3	Klf4	10090.ENSMUSP00000100041	10090.ENSMUSP00000103245	0	0	0	0	0	0.082	0.126	0.464	0.532
Gata3	Tbp	10090.ENSMUSP00000100041	10090.ENSMUSP00000124317	0	0	0	0	0.061	0	0.600	0.273	0.703
Gata3	Maf	10090.ENSMUSP00000100041	10090.ENSMUSP00000104732	0	0	0	0	0	0	0	0.713	0.713
Gata3	Smad2	10090.ENSMUSP00000100041	10090.ENSMUSP00000130115	0	0	0	0	0.064	0.093	0.515	0.459	0.747
Gata3	Jun	10090.ENSMUSP00000100041	10090.ENSMUSP00000102711	0	0	0	0	0	0.203	0.500	0.593	0.823
Gata3	Tcf3	10090.ENSMUSP00000100041	10090.ENSMUSP00000100979	0	0	0	0	0.061	0.114	0.600	0.591	0.845
Gata6	Klf5	10090.ENSMUSP00000041774	10090.ENSMUSP00000005279	0	0	0	0	0	0.082	0.126	0.469	0.536
Gata6	Nanog	10090.ENSMUSP00000041774	10090.ENSMUSP00000012540	0	0	0	0	0	0	0	0.823	0.823
Gata6	Mybl2	10090.ENSMUSP00000041774	10090.ENSMUSP00000018005	0	0	0	0	0	0.120	0.297	0.244	0.492
Gata6	Hdac2	10090.ENSMUSP00000041774	10090.ENSMUSP00000019911	0	0	0	0	0	0.147	0.210	0.276	0.469
Gata6	Myb	10090.ENSMUSP00000041774	10090.ENSMUSP00000020158	0	0	0	0	0	0.120	0.297	0.331	0.550
Gata6	Myc	10090.ENSMUSP00000041774	10090.ENSMUSP00000022971	0	0	0	0	0	0.066	0	0.484	0.497
Gata6	Pou5f1	10090.ENSMUSP00000041774	10090.ENSMUSP00000025271	0	0	0	0	0.052	0.059	0	0.755	0.762
Gata6	Tfap2c	10090.ENSMUSP00000041774	10090.ENSMUSP00000030391	0	0	0	0	0.079	0.067	0	0.437	0.474
Gata6	Smarca4	10090.ENSMUSP00000041774	10090.ENSMUSP00000034707	0	0	0	0	0	0.158	0.146	0.329	0.476
Gata6	Smad3	10090.ENSMUSP00000041774	10090.ENSMUSP00000034973	0	0	0	0	0.052	0.093	0.239	0.313	0.490
Gata6	Nfya	10090.ENSMUSP00000041774	10090.ENSMUSP00000043909	0	0	0	0	0.065	0.197	0	0.286	0.417
Gata6	Sry	10090.ENSMUSP00000041774	10090.ENSMUSP00000088717	0	0	0	0	0.052	0.134	0	0.437	0.497
Gata6	Tcf21	10090.ENSMUSP00000041774	10090.ENSMUSP00000053178	0	0	0	0	0.133	0.044	0	0.441	0.497
Gata6	Jun	10090.ENSMUSP00000041774	10090.ENSMUSP00000102711	0	0	0	0	0	0.203	0.218	0.323	0.541
Gata6	Smad2	10090.ENSMUSP00000041774	10090.ENSMUSP00000130115	0	0	0	0	0.052	0.093	0.239	0.438	0.583
Gata6	Sox3	10090.ENSMUSP00000041774	10090.ENSMUSP00000115237	0	0	0	0	0	0.134	0	0.541	0.586
Gata6	Zfp42	10090.ENSMUSP00000041774	10090.ENSMUSP00000080765	0	0	0	0	0	0.082	0.126	0.569	0.624
Gata6	Klf4	10090.ENSMUSP00000041774	10090.ENSMUSP00000103245	0	0	0	0	0.079	0.082	0.126	0.702	0.751
Gata6	Sox2	10090.ENSMUSP00000041774	10090.ENSMUSP00000096755	0	0	0	0	0	0.134	0	0.748	0.772
Hdac2	Pparg	10090.ENSMUSP00000019911	10090.ENSMUSP00000000450	0	0	0	0	0	0.237	0.410	0.352	0.682
Hdac2	Spi1	10090.ENSMUSP00000019911	10090.ENSMUSP00000002180	0	0	0	0	0	0.505	0	0.299	0.638
Hdac2	Stat5a	10090.ENSMUSP00000019911	10090.ENSMUSP00000004145	0	0	0	0	0.048	0.164	0.418	0.292	0.628
Hdac2	Klf5	10090.ENSMUSP00000019911	10090.ENSMUSP00000005279	0	0	0	0	0.065	0.486	0.137	0.133	0.592
Hdac2	Nanog	10090.ENSMUSP00000019911	10090.ENSMUSP00000012540	0	0	0	0	0	0.818	0	0.479	0.901
Hdac2	Klf1	10090.ENSMUSP00000019911	10090.ENSMUSP00000064366	0	0	0	0	0	0.164	0.137	0.298	0.450
Hdac2	Rarg	10090.ENSMUSP00000019911	10090.ENSMUSP00000048838	0	0	0	0	0	0.140	0.394	0.044	0.458
Hdac2	Tcf3	10090.ENSMUSP00000019911	10090.ENSMUSP00000100979	0	0	0	0	0.086	0	0.376	0.232	0.523
Hdac2	Runx2	10090.ENSMUSP00000019911	10090.ENSMUSP00000109202	0	0	0	0	0	0.296	0	0.364	0.533
Hdac2	Jun	10090.ENSMUSP00000019911	10090.ENSMUSP00000102711	0	0	0	0	0	0.261	0	0.552	0.655
Hdac2	Kdm2b	10090.ENSMUSP00000019911	10090.ENSMUSP00000038229	0	0	0	0	0.093	0.210	0.360	0.340	0.656
Hdac2	Zfp42	10090.ENSMUSP00000019911	10090.ENSMUSP00000080765	0	0	0	0	0	0.131	0.586	0.128	0.658
Hdac2	Kdm6a	10090.ENSMUSP00000019911	10090.ENSMUSP00000061539	0.043	0	0	0	0.088	0.329	0	0.498	0.667
Hdac2	Trp63	10090.ENSMUSP00000019911	10090.ENSMUSP00000110965	0	0	0	0	0.065	0.143	0	0.623	0.672
Hdac2	Max	10090.ENSMUSP00000019911	10090.ENSMUSP00000106025	0	0	0	0	0.051	0.083	0.676	0.076	0.704
Hdac2	Myc	10090.ENSMUSP00000019911	10090.ENSMUSP00000022971	0	0	0	0	0.051	0.298	0.381	0.603	0.814
Hdac2	Kat2a	10090.ENSMUSP00000019911	10090.ENSMUSP00000099407	0	0	0	0	0.116	0.324	0.182	0.692	0.829
Hdac2	Zfp217	10090.ENSMUSP00000019911	10090.ENSMUSP00000104783	0	0	0	0	0.062	0.461	0.137	0.689	0.846
Hdac2	Mycn	10090.ENSMUSP00000019911	10090.ENSMUSP00000045993	0	0	0	0	0	0.206	0	0.849	0.875
Hdac2	Smad3	10090.ENSMUSP00000019911	10090.ENSMUSP00000034973	0	0	0	0	0.062	0.286	0.676	0.498	0.876
Hdac2	Smad2	10090.ENSMUSP00000019911	10090.ENSMUSP00000130115	0	0	0	0	0.063	0.420	0.676	0.430	0.886
Hdac2	Pou5f1	10090.ENSMUSP00000019911	10090.ENSMUSP00000025271	0	0	0	0	0	0.818	0	0.487	0.902
Hdac2	Runx1	10090.ENSMUSP00000019911	10090.ENSMUSP00000023673	0	0	0	0	0	0.588	0.800	0.166	0.925
Hdac2	Sox2	10090.ENSMUSP00000019911	10090.ENSMUSP00000096755	0	0	0	0	0	0.821	0	0.618	0.928
Hdac2	Klf4	10090.ENSMUSP00000019911	10090.ENSMUSP00000103245	0	0	0	0	0	0.402	0.137	0.889	0.938
Hdac2	Tbp	10090.ENSMUSP00000019911	10090.ENSMUSP00000124317	0.047	0	0	0	0.063	0.089	0.900	0.401	0.942
Hdac2	Smarca4	10090.ENSMUSP00000019911	10090.ENSMUSP00000034707	0	0	0	0	0.154	0.807	0.150	0.754	0.961
Hdac2	Pml	10090.ENSMUSP00000019911	10090.ENSMUSP00000082816	0	0	0	0	0.062	0.743	0.913	0.138	0.979
Hdac2	Rela	10090.ENSMUSP00000019911	10090.ENSMUSP00000025867	0	0	0	0	0.061	0.760	0.676	0.936	0.994
Hdac2	Ncor1	10090.ENSMUSP00000019911	10090.ENSMUSP00000068974	0	0	0	0	0.064	0.456	0.932	0.870	0.994
Hdac2	Sin3a	10090.ENSMUSP00000019911	10090.ENSMUSP00000130221	0	0	0	0	0.065	0.956	0.932	0.993	0.999
Hoxc9	Tcf21	10090.ENSMUSP00000001706	10090.ENSMUSP00000053178	0	0	0	0	0	0.056	0	0.399	0.408
Hoxc9	Pbx3	10090.ENSMUSP00000001706	10090.ENSMUSP00000045281	0	0	0	0	0	0.587	0	0.515	0.791
Hsf1	Myc	10090.ENSMUSP00000072617	10090.ENSMUSP00000022971	0	0	0	0	0	0	0	0.401	0.401
Hsf1	Rela	10090.ENSMUSP00000072617	10090.ENSMUSP00000025867	0	0	0	0	0.069	0.375	0	0.238	0.517
Hsf1	Smarca4	10090.ENSMUSP00000072617	10090.ENSMUSP00000034707	0	0	0	0	0.082	0.756	0	0.828	0.958
Hsf1	Jund	10090.ENSMUSP00000072617	10090.ENSMUSP00000092901	0	0	0	0	0	0.067	0.356	0.103	0.413
Hsf1	Tbp	10090.ENSMUSP00000072617	10090.ENSMUSP00000124317	0	0	0	0	0.061	0.263	0	0.272	0.452
Hsf1	Kat2a	10090.ENSMUSP00000072617	10090.ENSMUSP00000099407	0	0	0	0	0.087	0.229	0	0.509	0.624
Hsf1	Jun	10090.ENSMUSP00000072617	10090.ENSMUSP00000102711	0	0	0	0	0	0.067	0.528	0.498	0.759
Jun	Klf6	10090.ENSMUSP00000102711	10090.ENSMUSP00000000080	0	0	0	0	0.782	0.125	0.144	0.673	0.939
Jun	Pparg	10090.ENSMUSP00000102711	10090.ENSMUSP00000000450	0	0	0	0	0	0.088	0.676	0.852	0.952
Jun	Spi1	10090.ENSMUSP00000102711	10090.ENSMUSP00000002180	0	0	0	0	0	0.460	0	0.981	0.989
Jun	Stat5a	10090.ENSMUSP00000102711	10090.ENSMUSP00000004145	0	0	0	0	0	0.173	0.216	0.642	0.748
Jun	Klf5	10090.ENSMUSP00000102711	10090.ENSMUSP00000005279	0	0	0	0	0	0.169	0.144	0.603	0.693
Jun	Nanog	10090.ENSMUSP00000102711	10090.ENSMUSP00000012540	0	0	0	0	0	0	0	0.463	0.463
Jun	Mybl2	10090.ENSMUSP00000102711	10090.ENSMUSP00000018005	0	0	0	0	0	0.087	0	0.407	0.435
Jun	Myb	10090.ENSMUSP00000102711	10090.ENSMUSP00000020158	0	0	0	0	0	0.087	0	0.591	0.611
Jun	Myc	10090.ENSMUSP00000102711	10090.ENSMUSP00000022971	0	0	0	0	0.062	0.270	0.548	0.856	0.949
Jun	Runx1	10090.ENSMUSP00000102711	10090.ENSMUSP00000023673	0	0	0	0	0.062	0.227	0	0.460	0.575
Jun	Pou5f1	10090.ENSMUSP00000102711	10090.ENSMUSP00000025271	0	0	0	0	0.049	0.054	0	0.482	0.493
Jun	Rela	10090.ENSMUSP00000102711	10090.ENSMUSP00000025867	0	0	0	0	0.061	0.460	0.629	0.859	0.970
Jun	Smarca4	10090.ENSMUSP00000102711	10090.ENSMUSP00000034707	0	0	0	0	0	0.260	0.629	0.559	0.868
Jun	Smad3	10090.ENSMUSP00000102711	10090.ENSMUSP00000034973	0	0	0	0	0	0.571	0.676	0.976	0.996
Jun	Nfya	10090.ENSMUSP00000102711	10090.ENSMUSP00000043909	0	0	0	0	0	0.227	0	0.339	0.467
Jun	Mycn	10090.ENSMUSP00000102711	10090.ENSMUSP00000045993	0	0	0	0	0	0	0	0.461	0.461
Jun	Rarg	10090.ENSMUSP00000102711	10090.ENSMUSP00000048838	0	0	0	0	0	0.088	0.206	0.259	0.416
Jun	Kdm6a	10090.ENSMUSP00000102711	10090.ENSMUSP00000061539	0	0	0	0	0	0.083	0.600	0.142	0.658
Jun	Klf1	10090.ENSMUSP00000102711	10090.ENSMUSP00000064366	0	0	0	0	0	0.125	0.144	0.291	0.423
Jun	Ncor1	10090.ENSMUSP00000102711	10090.ENSMUSP00000068974	0	0	0	0	0.048	0.439	0	0.803	0.886
Jun	Pml	10090.ENSMUSP00000102711	10090.ENSMUSP00000082816	0	0	0	0	0	0.737	0.177	0.124	0.793
Jun	Jund	10090.ENSMUSP00000102711	10090.ENSMUSP00000092901	0	0	0	0.925	0.146	0.058	0.932	0.731	0.944
Jun	Sox2	10090.ENSMUSP00000102711	10090.ENSMUSP00000096755	0	0	0	0	0	0.066	0	0.517	0.529
Jun	Taf1	10090.ENSMUSP00000102711	10090.ENSMUSP00000098895	0	0	0	0	0	0.154	0	0.510	0.568
Jun	Kat2a	10090.ENSMUSP00000102711	10090.ENSMUSP00000099407	0	0	0	0	0.051	0.271	0.502	0.466	0.792
Jun	Sin3a	10090.ENSMUSP00000102711	10090.ENSMUSP00000130221	0	0	0	0	0	0.199	0	0.368	0.472
Jun	Max	10090.ENSMUSP00000102711	10090.ENSMUSP00000106025	0	0	0	0	0	0.135	0.318	0.220	0.500
Jun	Usf1	10090.ENSMUSP00000102711	10090.ENSMUSP00000125729	0	0	0	0	0	0	0	0.523	0.523
Jun	Klf4	10090.ENSMUSP00000102711	10090.ENSMUSP00000103245	0	0	0	0	0.113	0.125	0.144	0.464	0.596
Jun	Mecom	10090.ENSMUSP00000102711	10090.ENSMUSP00000103905	0	0	0	0	0	0.482	0.144	0.187	0.608
Jun	Runx2	10090.ENSMUSP00000102711	10090.ENSMUSP00000109202	0	0	0	0	0	0.227	0	0.652	0.719
Jun	Tbp	10090.ENSMUSP00000102711	10090.ENSMUSP00000124317	0	0	0	0	0	0.402	0	0.558	0.724
Jun	Nr1h3	10090.ENSMUSP00000102711	10090.ENSMUSP00000106988	0	0	0	0	0	0.088	0.629	0.451	0.798
Jun	Smad2	10090.ENSMUSP00000102711	10090.ENSMUSP00000130115	0	0	0	0	0	0.410	0.515	0.786	0.933
Jun	Maf	10090.ENSMUSP00000102711	10090.ENSMUSP00000104732	0	0	0	0	0.062	0.087	0	0.982	0.983
Jund	Klf6	10090.ENSMUSP00000092901	10090.ENSMUSP00000000080	0	0	0	0	0.094	0.125	0.144	0.451	0.577
Jund	Pparg	10090.ENSMUSP00000092901	10090.ENSMUSP00000000450	0	0	0	0	0	0.130	0.206	0.236	0.426
Jund	Myc	10090.ENSMUSP00000092901	10090.ENSMUSP00000022971	0	0	0	0	0	0.135	0.318	0.262	0.527
Jund	Rela	10090.ENSMUSP00000092901	10090.ENSMUSP00000025867	0	0	0	0	0.116	0.058	0.477	0.216	0.613
Jund	Smarca4	10090.ENSMUSP00000092901	10090.ENSMUSP00000034707	0	0	0	0	0	0.260	0.442	0.121	0.605
Jund	Smad3	10090.ENSMUSP00000092901	10090.ENSMUSP00000034973	0	0	0	0	0	0.468	0.213	0.492	0.769
Jund	Max	10090.ENSMUSP00000092901	10090.ENSMUSP00000106025	0	0	0	0	0	0.135	0.318	0.074	0.406
Jund	Kat2a	10090.ENSMUSP00000092901	10090.ENSMUSP00000099407	0	0	0	0	0	0.271	0.411	0.205	0.628
Kat2a	Pparg	10090.ENSMUSP00000099407	10090.ENSMUSP00000000450	0	0	0	0	0	0.132	0.233	0.369	0.543
Kat2a	Spi1	10090.ENSMUSP00000099407	10090.ENSMUSP00000002180	0	0	0	0	0.048	0	0	0.477	0.481
Kat2a	Mybl2	10090.ENSMUSP00000099407	10090.ENSMUSP00000018005	0	0	0	0	0.081	0.203	0.191	0.175	0.446
Kat2a	Myb	10090.ENSMUSP00000099407	10090.ENSMUSP00000020158	0	0	0	0	0.062	0.203	0.191	0.244	0.481
Kat2a	Myc	10090.ENSMUSP00000099407	10090.ENSMUSP00000022971	0	0	0	0	0.082	0.698	0.585	0.968	0.995
Kat2a	Rela	10090.ENSMUSP00000099407	10090.ENSMUSP00000025867	0	0	0	0	0.061	0.485	0.502	0.372	0.828
Kat2a	Smarca4	10090.ENSMUSP00000099407	10090.ENSMUSP00000034707	0	0	0	0	0.180	0.467	0.496	0.703	0.926
Kat2a	Smad3	10090.ENSMUSP00000099407	10090.ENSMUSP00000034973	0	0	0	0	0.084	0.324	0.676	0.181	0.813
Kat2a	Kdm2b	10090.ENSMUSP00000099407	10090.ENSMUSP00000038229	0	0	0	0	0.066	0.163	0	0.341	0.439
Kat2a	Nfya	10090.ENSMUSP00000099407	10090.ENSMUSP00000043909	0	0	0	0	0	0.213	0	0.274	0.404
Kat2a	Rarg	10090.ENSMUSP00000099407	10090.ENSMUSP00000048838	0	0	0	0	0.062	0.141	0.489	0	0.552
Kat2a	Kdm6a	10090.ENSMUSP00000099407	10090.ENSMUSP00000061539	0	0	0	0	0.066	0.198	0	0.499	0.591
Kat2a	Taf7	10090.ENSMUSP00000099407	10090.ENSMUSP00000065645	0	0	0	0	0.135	0.198	0.720	0.226	0.829
Kat2a	Ncor1	10090.ENSMUSP00000099407	10090.ENSMUSP00000068974	0	0	0	0	0.121	0.132	0.207	0.441	0.616
Kat2a	Taf1	10090.ENSMUSP00000099407	10090.ENSMUSP00000098895	0	0	0	0.549	0.100	0.234	0.297	0.761	0.651
Kat2a	Usf1	10090.ENSMUSP00000099407	10090.ENSMUSP00000125729	0	0	0	0	0.062	0.066	0.228	0.259	0.431
Kat2a	Trp63	10090.ENSMUSP00000099407	10090.ENSMUSP00000110965	0	0	0	0	0.048	0.265	0.207	0.132	0.454
Kat2a	Nfyb	10090.ENSMUSP00000099407	10090.ENSMUSP00000122403	0	0	0	0	0.066	0.199	0	0.370	0.488
Kat2a	Mecom	10090.ENSMUSP00000099407	10090.ENSMUSP00000103905	0	0	0	0	0	0.147	0.187	0.330	0.494
Kat2a	Sin3a	10090.ENSMUSP00000099407	10090.ENSMUSP00000130221	0	0	0	0	0.079	0.279	0	0.490	0.631
Kat2a	Smad2	10090.ENSMUSP00000099407	10090.ENSMUSP00000130115	0	0	0	0	0.064	0.324	0.420	0.147	0.645
Kat2a	Max	10090.ENSMUSP00000099407	10090.ENSMUSP00000106025	0	0	0	0	0.062	0.263	0.676	0.172	0.789
Kat2a	Tbp	10090.ENSMUSP00000099407	10090.ENSMUSP00000124317	0	0	0	0	0.062	0.454	0.600	0.723	0.935
Kdm2b	Nanog	10090.ENSMUSP00000038229	10090.ENSMUSP00000012540	0	0	0	0	0	0.130	0	0.399	0.454
Kdm2b	Myc	10090.ENSMUSP00000038229	10090.ENSMUSP00000022971	0	0	0	0	0	0.051	0	0.400	0.407
Kdm2b	Pou5f1	10090.ENSMUSP00000038229	10090.ENSMUSP00000025271	0	0	0	0	0.065	0.130	0	0.522	0.577
Kdm2b	Smarca4	10090.ENSMUSP00000038229	10090.ENSMUSP00000034707	0	0	0	0	0.139	0.228	0	0.513	0.648
Kdm2b	Zfp42	10090.ENSMUSP00000038229	10090.ENSMUSP00000080765	0	0	0	0	0.064	0.104	0.360	0.106	0.456
Kdm2b	Klf4	10090.ENSMUSP00000038229	10090.ENSMUSP00000103245	0	0	0	0	0.064	0.104	0	0.413	0.464
Kdm2b	Kdm6a	10090.ENSMUSP00000038229	10090.ENSMUSP00000061539	0	0	0	0	0.067	0.224	0	0.715	0.775
Kdm6a	Nanog	10090.ENSMUSP00000061539	10090.ENSMUSP00000012540	0	0	0	0	0	0.059	0	0.399	0.410
Kdm6a	Myc	10090.ENSMUSP00000061539	10090.ENSMUSP00000022971	0	0	0	0	0	0.206	0	0.378	0.485
Kdm6a	Pou5f1	10090.ENSMUSP00000061539	10090.ENSMUSP00000025271	0	0	0	0	0	0.099	0	0.763	0.778
Kdm6a	Smarca4	10090.ENSMUSP00000061539	10090.ENSMUSP00000034707	0	0	0	0	0.153	0.538	0	0.975	0.989
Kdm6a	Ncor1	10090.ENSMUSP00000061539	10090.ENSMUSP00000068974	0	0	0	0	0.211	0.058	0	0.352	0.476
Kdm6a	Sox2	10090.ENSMUSP00000061539	10090.ENSMUSP00000096755	0	0	0	0	0.051	0.132	0	0.419	0.479
Kdm6a	Sry	10090.ENSMUSP00000061539	10090.ENSMUSP00000088717	0	0	0	0	0.051	0.058	0	0.539	0.552
Kdm6a	Klf4	10090.ENSMUSP00000061539	10090.ENSMUSP00000103245	0	0	0	0	0	0.164	0.103	0.486	0.581
Kdm6a	Sin3a	10090.ENSMUSP00000061539	10090.ENSMUSP00000130221	0	0	0	0	0.150	0.412	0	0.325	0.633
Kdm6a	Zfx	10090.ENSMUSP00000061539	10090.ENSMUSP00000085423	0	0	0	0	0.173	0.164	0.103	0.498	0.647
Klf1	Spi1	10090.ENSMUSP00000064366	10090.ENSMUSP00000002180	0	0	0	0	0.062	0	0	0.585	0.594
Klf1	Nanog	10090.ENSMUSP00000064366	10090.ENSMUSP00000012540	0	0	0	0	0	0.051	0	0.699	0.702
Klf1	Myb	10090.ENSMUSP00000064366	10090.ENSMUSP00000020158	0	0	0	0	0.082	0.058	0	0.503	0.533
Klf1	Myc	10090.ENSMUSP00000064366	10090.ENSMUSP00000022971	0	0	0	0	0.061	0.088	0.134	0.593	0.657
Klf1	Pou5f1	10090.ENSMUSP00000064366	10090.ENSMUSP00000025271	0	0	0	0	0.050	0.058	0	0.715	0.723
Klf1	Smarca4	10090.ENSMUSP00000064366	10090.ENSMUSP00000034707	0	0	0	0	0	0.134	0.194	0.589	0.688
Klf1	Sox2	10090.ENSMUSP00000064366	10090.ENSMUSP00000096755	0	0	0	0	0	0.088	0	0.469	0.495
Klf1	Sin3a	10090.ENSMUSP00000064366	10090.ENSMUSP00000130221	0	0	0	0	0.062	0.163	0.145	0.668	0.747
Klf4	Pparg	10090.ENSMUSP00000103245	10090.ENSMUSP00000000450	0	0	0	0	0	0.130	0.114	0.511	0.590
Klf4	Spi1	10090.ENSMUSP00000103245	10090.ENSMUSP00000002180	0	0	0	0	0.065	0.130	0	0.614	0.659
Klf4	Nanog	10090.ENSMUSP00000103245	10090.ENSMUSP00000012540	0	0	0	0	0	0.051	0	0.948	0.949
Klf4	Myc	10090.ENSMUSP00000103245	10090.ENSMUSP00000022971	0	0	0	0	0.063	0.088	0.134	0.943	0.952
Klf4	Pou5f1	10090.ENSMUSP00000103245	10090.ENSMUSP00000025271	0	0	0	0	0.056	0.443	0	0.944	0.968
Klf4	Rela	10090.ENSMUSP00000103245	10090.ENSMUSP00000025867	0	0	0	0	0.048	0.130	0.203	0.294	0.472
Klf4	Tfap2c	10090.ENSMUSP00000103245	10090.ENSMUSP00000030391	0	0	0	0	0.057	0.066	0	0.464	0.486
Klf4	Smarca4	10090.ENSMUSP00000103245	10090.ENSMUSP00000034707	0	0	0	0	0	0.487	0.194	0.493	0.773
Klf4	Smad3	10090.ENSMUSP00000103245	10090.ENSMUSP00000034973	0	0	0	0	0	0.169	0.131	0.570	0.663
Klf4	Mycn	10090.ENSMUSP00000103245	10090.ENSMUSP00000045993	0	0	0	0	0	0.059	0	0.597	0.604
Klf4	Rarg	10090.ENSMUSP00000103245	10090.ENSMUSP00000048838	0	0	0	0	0.084	0.152	0.114	0.294	0.449
Klf4	Sry	10090.ENSMUSP00000103245	10090.ENSMUSP00000088717	0	0	0	0	0	0.088	0	0.413	0.441
Klf4	Sox2	10090.ENSMUSP00000103245	10090.ENSMUSP00000096755	0	0	0	0	0	0.088	0	0.964	0.965
Klf4	Runx2	10090.ENSMUSP00000103245	10090.ENSMUSP00000109202	0	0	0	0	0.061	0.047	0	0.466	0.480
Klf4	Sin3a	10090.ENSMUSP00000103245	10090.ENSMUSP00000130221	0	0	0	0	0.062	0.163	0.145	0.320	0.482
Klf4	Trp63	10090.ENSMUSP00000103245	10090.ENSMUSP00000110965	0	0	0	0	0	0.085	0.145	0.515	0.587
Klf4	Sox3	10090.ENSMUSP00000103245	10090.ENSMUSP00000115237	0	0	0	0	0	0.088	0	0.579	0.599
Klf4	Smad2	10090.ENSMUSP00000103245	10090.ENSMUSP00000130115	0	0	0	0	0	0.169	0.131	0.587	0.675
Klf5	Pparg	10090.ENSMUSP00000005279	10090.ENSMUSP00000000450	0	0	0	0	0	0.081	0.907	0.497	0.953
Klf5	Smad2	10090.ENSMUSP00000005279	10090.ENSMUSP00000130115	0	0	0	0	0.064	0.084	0.131	0.304	0.412
Klf5	Sin3a	10090.ENSMUSP00000005279	10090.ENSMUSP00000130221	0	0	0	0	0.062	0.163	0.145	0.299	0.466
Klf5	Tfap2c	10090.ENSMUSP00000005279	10090.ENSMUSP00000030391	0	0	0	0	0.112	0.066	0	0.464	0.516
Klf5	Smad3	10090.ENSMUSP00000005279	10090.ENSMUSP00000034973	0	0	0	0	0.064	0.084	0.131	0.487	0.567
Klf5	Myc	10090.ENSMUSP00000005279	10090.ENSMUSP00000022971	0	0	0	0	0	0.088	0.134	0.499	0.569
Klf5	Sox2	10090.ENSMUSP00000005279	10090.ENSMUSP00000096755	0	0	0	0	0.067	0.460	0	0.634	0.800
Klf5	Pou5f1	10090.ENSMUSP00000005279	10090.ENSMUSP00000025271	0	0	0	0	0.112	0.443	0	0.647	0.810
Klf5	Nanog	10090.ENSMUSP00000005279	10090.ENSMUSP00000012540	0	0	0	0	0.061	0.690	0	0.612	0.877
Klf6	Myc	10090.ENSMUSP00000000080	10090.ENSMUSP00000022971	0	0	0	0	0.097	0.088	0.134	0.313	0.444
Klf6	Rela	10090.ENSMUSP00000000080	10090.ENSMUSP00000025867	0	0	0	0	0.079	0.130	0.203	0.238	0.448
Klf6	Pparg	10090.ENSMUSP00000000080	10090.ENSMUSP00000000450	0	0	0	0	0	0.081	0.114	0.399	0.468
Klf6	Smad3	10090.ENSMUSP00000000080	10090.ENSMUSP00000034973	0	0	0	0	0	0.084	0.131	0.796	0.824
Maf	Pparg	10090.ENSMUSP00000104732	10090.ENSMUSP00000000450	0	0	0	0	0	0.082	0	0.397	0.422
Maf	Spi1	10090.ENSMUSP00000104732	10090.ENSMUSP00000002180	0	0	0	0	0.061	0	0	0.615	0.623
Maf	Stat5a	10090.ENSMUSP00000104732	10090.ENSMUSP00000004145	0	0	0	0	0	0.053	0	0.552	0.558
Maf	Mybl2	10090.ENSMUSP00000104732	10090.ENSMUSP00000018005	0	0	0	0	0	0.085	0.518	0.079	0.558
Maf	Myb	10090.ENSMUSP00000104732	10090.ENSMUSP00000020158	0	0	0	0	0	0.130	0.676	0.901	0.969
Maf	Myc	10090.ENSMUSP00000104732	10090.ENSMUSP00000022971	0	0	0	0	0.052	0	0	0.423	0.430
Maf	Sox2	10090.ENSMUSP00000104732	10090.ENSMUSP00000096755	0	0	0	0	0.062	0.048	0	0.488	0.503
Maf	Runx2	10090.ENSMUSP00000104732	10090.ENSMUSP00000109202	0	0	0	0	0	0	0.600	0.551	0.813
Max	Nanog	10090.ENSMUSP00000106025	10090.ENSMUSP00000012540	0	0	0	0	0	0.682	0	0.082	0.695
Max	Myc	10090.ENSMUSP00000106025	10090.ENSMUSP00000022971	0	0	0	0.710	0	0.999	0.913	0.994	0.999
Max	Pou5f1	10090.ENSMUSP00000106025	10090.ENSMUSP00000025271	0	0	0	0	0	0.439	0	0.133	0.493
Max	Rela	10090.ENSMUSP00000106025	10090.ENSMUSP00000025867	0	0	0	0	0	0.156	0.419	0.060	0.498
Max	Smad3	10090.ENSMUSP00000106025	10090.ENSMUSP00000034973	0	0	0	0	0	0.532	0.676	0.063	0.845
Max	Nfya	10090.ENSMUSP00000106025	10090.ENSMUSP00000043909	0	0	0	0	0.063	0	0.676	0.047	0.685
Max	Mycn	10090.ENSMUSP00000106025	10090.ENSMUSP00000045993	0	0	0	0.700	0	0.862	0	0.942	0.901
Max	Taf7	10090.ENSMUSP00000106025	10090.ENSMUSP00000065645	0	0	0	0	0	0	0.720	0.075	0.729
Max	Pml	10090.ENSMUSP00000106025	10090.ENSMUSP00000082816	0	0	0	0	0	0.089	0.676	0	0.692
Max	Sox2	10090.ENSMUSP00000106025	10090.ENSMUSP00000096755	0	0	0	0	0	0.433	0	0.128	0.484
Max	Taf1	10090.ENSMUSP00000106025	10090.ENSMUSP00000098895	0	0	0	0	0	0.055	0.720	0.151	0.755
Max	Nfyb	10090.ENSMUSP00000106025	10090.ENSMUSP00000122403	0	0	0	0	0	0.065	0.676	0.082	0.697
Max	Smad2	10090.ENSMUSP00000106025	10090.ENSMUSP00000130115	0	0	0	0	0	0.147	0.676	0.081	0.724
Max	Sin3a	10090.ENSMUSP00000106025	10090.ENSMUSP00000130221	0	0	0	0	0.064	0.266	0.676	0.225	0.804
Mecom	Myb	10090.ENSMUSP00000103905	10090.ENSMUSP00000020158	0	0	0	0	0	0.058	0	0.427	0.437
Mecom	Smad3	10090.ENSMUSP00000103905	10090.ENSMUSP00000034973	0	0	0	0	0	0.227	0.131	0.793	0.849
Mecom	Smad2	10090.ENSMUSP00000103905	10090.ENSMUSP00000130115	0	0	0	0	0	0.298	0.131	0.263	0.512
Myb	Spi1	10090.ENSMUSP00000020158	10090.ENSMUSP00000002180	0	0	0	0	0	0	0.800	0.808	0.960
Myb	Stat5a	10090.ENSMUSP00000020158	10090.ENSMUSP00000004145	0	0	0	0	0.062	0.130	0	0.602	0.647
Myb	Usf1	10090.ENSMUSP00000020158	10090.ENSMUSP00000125729	0	0	0	0	0	0	0	0.403	0.403
Myb	Mycn	10090.ENSMUSP00000020158	10090.ENSMUSP00000045993	0	0	0	0	0	0.133	0	0.367	0.428
Myb	Tcf3	10090.ENSMUSP00000020158	10090.ENSMUSP00000100979	0	0	0	0	0.092	0	0	0.419	0.450
Myb	Myc	10090.ENSMUSP00000020158	10090.ENSMUSP00000022971	0	0	0	0	0.087	0.099	0	0.713	0.744
Myb	Ncor1	10090.ENSMUSP00000020158	10090.ENSMUSP00000068974	0	0	0	0	0.086	0.132	0.676	0.261	0.784
Myb	Sin3a	10090.ENSMUSP00000020158	10090.ENSMUSP00000130221	0	0	0	0	0.081	0.142	0.676	0.343	0.809
Myb	Runx1	10090.ENSMUSP00000020158	10090.ENSMUSP00000023673	0	0	0	0	0.067	0	0.800	0.760	0.951
Mybl2	Zmiz1	10090.ENSMUSP00000018005	10090.ENSMUSP00000124863	0	0	0	0	0.066	0.105	0.311	0.102	0.413
Mybl2	Mycn	10090.ENSMUSP00000018005	10090.ENSMUSP00000045993	0	0	0	0	0.069	0.133	0	0.391	0.465
Mybl2	Nfya	10090.ENSMUSP00000018005	10090.ENSMUSP00000043909	0	0	0	0	0.057	0	0	0.481	0.489
Mybl2	Myc	10090.ENSMUSP00000018005	10090.ENSMUSP00000022971	0	0	0	0	0.090	0.079	0	0.482	0.528
Mybl2	Ttf2	10090.ENSMUSP00000018005	10090.ENSMUSP00000076208	0	0	0	0	0.160	0.390	0	0.215	0.563
Mybl2	Sin3a	10090.ENSMUSP00000018005	10090.ENSMUSP00000130221	0	0	0	0	0.101	0.142	0.423	0.184	0.588
Mybl2	Ncor1	10090.ENSMUSP00000018005	10090.ENSMUSP00000068974	0	0	0	0	0.086	0.087	0.423	0.314	0.625
Mybl2	Pou5f1	10090.ENSMUSP00000018005	10090.ENSMUSP00000025271	0	0	0	0	0.142	0.460	0	0.329	0.662
Myc	Pparg	10090.ENSMUSP00000022971	10090.ENSMUSP00000000450	0	0	0	0	0	0.135	0.193	0.606	0.701
Myc	Spi1	10090.ENSMUSP00000022971	10090.ENSMUSP00000002180	0	0	0	0	0	0	0	0.534	0.534
Myc	Stat5a	10090.ENSMUSP00000022971	10090.ENSMUSP00000004145	0	0	0	0	0.061	0.133	0	0.636	0.677
Myc	Nanog	10090.ENSMUSP00000022971	10090.ENSMUSP00000012540	0	0	0	0	0	0	0	0.883	0.883
Myc	Zbtb33	10090.ENSMUSP00000022971	10090.ENSMUSP00000110795	0	0	0	0	0	0.088	0.134	0.314	0.411
Myc	Nr1h3	10090.ENSMUSP00000022971	10090.ENSMUSP00000106988	0	0	0	0	0	0.135	0.193	0.238	0.421
Myc	Sry	10090.ENSMUSP00000022971	10090.ENSMUSP00000088717	0	0	0	0	0	0	0	0.440	0.440
Myc	Zfp217	10090.ENSMUSP00000022971	10090.ENSMUSP00000104783	0	0	0	0	0.082	0.088	0.134	0.321	0.442
Myc	Rarg	10090.ENSMUSP00000022971	10090.ENSMUSP00000048838	0	0	0	0	0.078	0.135	0.193	0.270	0.468
Myc	Runx1	10090.ENSMUSP00000022971	10090.ENSMUSP00000023673	0	0	0	0	0.072	0.088	0	0.423	0.469
Myc	Ncor1	10090.ENSMUSP00000022971	10090.ENSMUSP00000068974	0	0	0	0	0.063	0.100	0	0.466	0.510
Myc	Zfp42	10090.ENSMUSP00000022971	10090.ENSMUSP00000080765	0	0	0	0	0	0.088	0.134	0.441	0.520
Myc	Zfp281	10090.ENSMUSP00000022971	10090.ENSMUSP00000107677	0	0	0	0	0	0.088	0.134	0.466	0.541
Myc	Mycn	10090.ENSMUSP00000022971	10090.ENSMUSP00000045993	0	0	0	0.832	0.048	0.460	0	0.883	0.543
Myc	Zmiz1	10090.ENSMUSP00000022971	10090.ENSMUSP00000124863	0	0	0	0	0	0.131	0	0.516	0.561
Myc	Tcf3	10090.ENSMUSP00000022971	10090.ENSMUSP00000100979	0	0	0	0	0.087	0.080	0	0.535	0.575
Myc	Usf1	10090.ENSMUSP00000022971	10090.ENSMUSP00000125729	0	0	0	0	0.052	0.054	0	0.581	0.591
Myc	Zfx	10090.ENSMUSP00000022971	10090.ENSMUSP00000085423	0	0	0	0	0	0.088	0.134	0.562	0.624
Myc	Runx2	10090.ENSMUSP00000022971	10090.ENSMUSP00000109202	0	0	0	0	0	0.088	0	0.654	0.672
Myc	Nfyb	10090.ENSMUSP00000022971	10090.ENSMUSP00000122403	0	0	0	0	0	0.099	0.585	0.247	0.694
Myc	Trp63	10090.ENSMUSP00000022971	10090.ENSMUSP00000110965	0	0	0	0	0	0.161	0.430	0.412	0.694
Myc	Nfya	10090.ENSMUSP00000022971	10090.ENSMUSP00000043909	0	0	0	0	0.063	0	0.585	0.313	0.709
Myc	Sin3a	10090.ENSMUSP00000022971	10090.ENSMUSP00000130221	0	0	0	0	0.064	0.242	0.308	0.520	0.733
Myc	Pml	10090.ENSMUSP00000022971	10090.ENSMUSP00000082816	0	0	0	0	0.056	0.272	0.585	0.209	0.744
Myc	Tbp	10090.ENSMUSP00000022971	10090.ENSMUSP00000124317	0	0	0	0	0.061	0.350	0	0.629	0.754
Myc	Tfap2c	10090.ENSMUSP00000022971	10090.ENSMUSP00000030391	0	0	0	0	0	0.155	0.600	0.335	0.755
Myc	Smarca4	10090.ENSMUSP00000022971	10090.ENSMUSP00000034707	0	0	0	0	0	0.550	0	0.651	0.836
Myc	Rela	10090.ENSMUSP00000022971	10090.ENSMUSP00000025867	0	0	0	0	0	0.269	0.548	0.617	0.862
Myc	Pou5f1	10090.ENSMUSP00000022971	10090.ENSMUSP00000025271	0	0	0	0	0	0.101	0	0.923	0.928
Myc	Sox2	10090.ENSMUSP00000022971	10090.ENSMUSP00000096755	0	0	0	0	0	0	0	0.932	0.932
Myc	Smad3	10090.ENSMUSP00000022971	10090.ENSMUSP00000034973	0	0	0	0	0	0.150	0.585	0.880	0.954
Myc	Smad2	10090.ENSMUSP00000022971	10090.ENSMUSP00000130115	0	0	0	0	0	0.198	0.585	0.876	0.955
Mycn	Stat5a	10090.ENSMUSP00000045993	10090.ENSMUSP00000004145	0	0	0	0	0	0	0	0.442	0.442
Mycn	Nanog	10090.ENSMUSP00000045993	10090.ENSMUSP00000012540	0	0	0	0	0.060	0	0	0.621	0.628
Mycn	Pou5f1	10090.ENSMUSP00000045993	10090.ENSMUSP00000025271	0	0	0	0	0.104	0	0	0.616	0.641
Mycn	Usf1	10090.ENSMUSP00000045993	10090.ENSMUSP00000125729	0	0	0	0	0.062	0.099	0	0.458	0.502
Mycn	Zfx	10090.ENSMUSP00000045993	10090.ENSMUSP00000085423	0	0	0	0	0	0.059	0	0.671	0.677
Mycn	Sox2	10090.ENSMUSP00000045993	10090.ENSMUSP00000096755	0	0	0	0	0.117	0.438	0	0.693	0.834
Nanog	Pparg	10090.ENSMUSP00000012540	10090.ENSMUSP00000000450	0	0	0	0	0	0.052	0	0.463	0.470
Nanog	Tcf3	10090.ENSMUSP00000012540	10090.ENSMUSP00000100979	0	0	0	0	0	0.085	0	0.373	0.401
Nanog	Tbp	10090.ENSMUSP00000012540	10090.ENSMUSP00000124317	0	0	0	0	0.063	0	0	0.431	0.444
Nanog	Smad3	10090.ENSMUSP00000012540	10090.ENSMUSP00000034973	0	0	0	0	0.051	0.059	0	0.435	0.451
Nanog	Ncor1	10090.ENSMUSP00000012540	10090.ENSMUSP00000068974	0	0	0	0	0	0.437	0	0.235	0.551
Nanog	Rela	10090.ENSMUSP00000012540	10090.ENSMUSP00000025867	0	0	0	0	0	0.433	0	0.259	0.561
Nanog	Runx2	10090.ENSMUSP00000012540	10090.ENSMUSP00000109202	0	0	0	0	0.063	0.075	0	0.566	0.591
Nanog	Sry	10090.ENSMUSP00000012540	10090.ENSMUSP00000088717	0	0	0	0	0.061	0	0	0.597	0.606
Nanog	Tfap2c	10090.ENSMUSP00000012540	10090.ENSMUSP00000030391	0	0	0	0	0.115	0	0	0.613	0.643
Nanog	Zfx	10090.ENSMUSP00000012540	10090.ENSMUSP00000085423	0	0	0	0	0	0.051	0	0.647	0.651
Nanog	Sox3	10090.ENSMUSP00000012540	10090.ENSMUSP00000115237	0	0	0	0	0.061	0	0	0.658	0.665
Nanog	Pml	10090.ENSMUSP00000012540	10090.ENSMUSP00000082816	0	0	0	0	0	0.682	0	0.079	0.694
Nanog	Smad2	10090.ENSMUSP00000012540	10090.ENSMUSP00000130115	0	0	0	0	0.061	0.059	0	0.688	0.700
Nanog	Smarca4	10090.ENSMUSP00000012540	10090.ENSMUSP00000034707	0	0	0	0	0	0.433	0	0.529	0.721
Nanog	Stag1	10090.ENSMUSP00000012540	10090.ENSMUSP00000116205	0	0	0	0	0	0.433	0	0.701	0.823
Nanog	Zfp42	10090.ENSMUSP00000012540	10090.ENSMUSP00000080765	0	0	0	0	0.180	0.438	0	0.762	0.881
Nanog	Sin3a	10090.ENSMUSP00000012540	10090.ENSMUSP00000130221	0	0	0	0	0	0.685	0	0.883	0.961
Nanog	Zfp281	10090.ENSMUSP00000012540	10090.ENSMUSP00000107677	0	0	0	0	0	0.869	0	0.793	0.971
Nanog	Sox2	10090.ENSMUSP00000012540	10090.ENSMUSP00000096755	0	0	0	0	0.082	0.885	0	0.958	0.995
Nanog	Pou5f1	10090.ENSMUSP00000012540	10090.ENSMUSP00000025271	0	0	0	0	0.268	0.999	0	0.981	0.999
Ncor1	Pparg	10090.ENSMUSP00000068974	10090.ENSMUSP00000000450	0	0	0	0	0	0.927	0.864	0.989	0.999
Ncor1	Spi1	10090.ENSMUSP00000068974	10090.ENSMUSP00000002180	0	0	0	0	0.066	0	0	0.391	0.406
Ncor1	Stat5a	10090.ENSMUSP00000068974	10090.ENSMUSP00000004145	0	0	0	0	0.065	0.059	0	0.494	0.516
Ncor1	Runx1	10090.ENSMUSP00000068974	10090.ENSMUSP00000023673	0	0	0	0	0	0.270	0	0.624	0.714
Ncor1	Pou5f1	10090.ENSMUSP00000068974	10090.ENSMUSP00000025271	0	0	0	0	0	0.048	0	0.566	0.569
Ncor1	Rela	10090.ENSMUSP00000068974	10090.ENSMUSP00000025867	0	0	0	0	0.062	0.270	0	0.304	0.481
Ncor1	Smarca4	10090.ENSMUSP00000068974	10090.ENSMUSP00000034707	0	0	0	0	0.134	0.204	0	0.947	0.960
Ncor1	Smad3	10090.ENSMUSP00000068974	10090.ENSMUSP00000034973	0	0	0	0	0	0.058	0.864	0.856	0.980
Ncor1	Rarg	10090.ENSMUSP00000068974	10090.ENSMUSP00000048838	0	0	0	0	0	0.560	0.782	0.367	0.934
Ncor1	Taf1	10090.ENSMUSP00000068974	10090.ENSMUSP00000098895	0	0	0	0	0.243	0	0	0.240	0.400
Ncor1	Runx2	10090.ENSMUSP00000068974	10090.ENSMUSP00000109202	0	0	0	0	0	0.225	0	0.306	0.439
Ncor1	Pml	10090.ENSMUSP00000068974	10090.ENSMUSP00000082816	0	0	0	0	0.066	0.227	0.205	0.205	0.482
Ncor1	Sox2	10090.ENSMUSP00000068974	10090.ENSMUSP00000096755	0	0	0	0	0	0.393	0	0.379	0.607
Ncor1	Smad2	10090.ENSMUSP00000068974	10090.ENSMUSP00000130115	0	0	0	0	0	0.058	0.864	0.341	0.908
Ncor1	Zbtb33	10090.ENSMUSP00000068974	10090.ENSMUSP00000110795	0	0	0	0	0	0.143	0	0.978	0.980
Ncor1	Nr1h3	10090.ENSMUSP00000068974	10090.ENSMUSP00000106988	0	0	0	0	0.062	0.657	0.676	0.929	0.991
Ncor1	Sin3a	10090.ENSMUSP00000068974	10090.ENSMUSP00000130221	0	0	0	0	0.169	0.773	0.932	0.990	0.999
Nelfa	Nelfe	10090.ENSMUSP00000030993	10090.ENSMUSP00000134272	0	0	0	0	0.067	0.971	0.800	0.805	0.998
Nelfe	Taf7	10090.ENSMUSP00000134272	10090.ENSMUSP00000065645	0	0	0	0	0.066	0	0	0.629	0.639
Nelfe	Nfyb	10090.ENSMUSP00000134272	10090.ENSMUSP00000122403	0	0	0	0	0	0	0	0.417	0.417
Nfya	Pou5f1	10090.ENSMUSP00000043909	10090.ENSMUSP00000025271	0	0	0	0	0	0.059	0	0.413	0.424
Nfya	Usf1	10090.ENSMUSP00000043909	10090.ENSMUSP00000125729	0	0	0	0	0	0.087	0	0.552	0.574
Nfya	Tbp	10090.ENSMUSP00000043909	10090.ENSMUSP00000124317	0	0	0	0	0.061	0.433	0.800	0.486	0.938
Nfya	Nfyb	10090.ENSMUSP00000043909	10090.ENSMUSP00000122403	0	0	0	0	0.079	0.939	0.932	0.995	0.999
Nfyb	Taf7	10090.ENSMUSP00000122403	10090.ENSMUSP00000065645	0	0	0	0	0.066	0.048	0	0.387	0.408
Nfyb	Taf1	10090.ENSMUSP00000122403	10090.ENSMUSP00000098895	0	0	0	0	0.068	0.152	0	0.324	0.419
Nfyb	Usf1	10090.ENSMUSP00000122403	10090.ENSMUSP00000125729	0	0	0	0	0.052	0.138	0	0.420	0.485
Nfyb	Tbp	10090.ENSMUSP00000122403	10090.ENSMUSP00000124317	0	0	0	0	0.062	0.130	0	0.604	0.649
Nr1h3	Pparg	10090.ENSMUSP00000106988	10090.ENSMUSP00000000450	0	0	0	0.713	0.088	0.176	0	0.902	0.418
Nr1h3	Rela	10090.ENSMUSP00000106988	10090.ENSMUSP00000025867	0	0	0	0	0.062	0.134	0.629	0.266	0.749
Nr1h3	Smarca4	10090.ENSMUSP00000106988	10090.ENSMUSP00000034707	0	0	0	0	0	0.215	0.243	0.096	0.415
Pml	Spi1	10090.ENSMUSP00000082816	10090.ENSMUSP00000002180	0	0	0	0	0.061	0.439	0.800	0.197	0.904
Pml	Runx1	10090.ENSMUSP00000082816	10090.ENSMUSP00000023673	0	0	0	0	0.061	0.466	0.800	0.276	0.917
Pml	Pou5f1	10090.ENSMUSP00000082816	10090.ENSMUSP00000025271	0	0	0	0	0.058	0.433	0	0.057	0.452
Pml	Tfap2c	10090.ENSMUSP00000082816	10090.ENSMUSP00000030391	0	0	0	0	0	0.052	0.430	0	0.436
Pml	Smad3	10090.ENSMUSP00000082816	10090.ENSMUSP00000034973	0	0	0	0	0	0.138	0.676	0.087	0.722
Pml	Rarg	10090.ENSMUSP00000082816	10090.ENSMUSP00000048838	0	0	0	0	0	0.421	0.133	0.125	0.522
Pml	Trp63	10090.ENSMUSP00000082816	10090.ENSMUSP00000110965	0	0	0	0	0.052	0.130	0.676	0	0.709
Pml	Smad2	10090.ENSMUSP00000082816	10090.ENSMUSP00000130115	0	0	0	0	0	0.138	0.676	0.137	0.738
Pou5f1	Pparg	10090.ENSMUSP00000025271	10090.ENSMUSP00000000450	0	0	0	0	0	0.074	0.127	0.496	0.556
Pou5f1	Spi1	10090.ENSMUSP00000025271	10090.ENSMUSP00000002180	0	0	0	0	0.061	0	0	0.463	0.474
Pou5f1	Tcf3	10090.ENSMUSP00000025271	10090.ENSMUSP00000100979	0	0	0	0	0	0.085	0	0.442	0.468
Pou5f1	Ttf2	10090.ENSMUSP00000025271	10090.ENSMUSP00000076208	0	0	0	0	0.071	0.433	0	0.075	0.470
Pou5f1	Rela	10090.ENSMUSP00000025271	10090.ENSMUSP00000025867	0	0	0	0	0	0.058	0.372	0.248	0.516
Pou5f1	Zfp217	10090.ENSMUSP00000025271	10090.ENSMUSP00000104783	0	0	0	0	0.065	0.443	0	0.178	0.534
Pou5f1	Runx2	10090.ENSMUSP00000025271	10090.ENSMUSP00000109202	0	0	0	0	0	0	0	0.594	0.594
Pou5f1	Rarg	10090.ENSMUSP00000025271	10090.ENSMUSP00000048838	0	0	0	0	0.062	0.074	0.127	0.539	0.604
Pou5f1	Tfap2c	10090.ENSMUSP00000025271	10090.ENSMUSP00000030391	0	0	0	0	0.164	0.058	0	0.612	0.667
Pou5f1	Sin3a	10090.ENSMUSP00000025271	10090.ENSMUSP00000130221	0	0	0	0	0	0.130	0	0.641	0.674
Pou5f1	Taf1	10090.ENSMUSP00000025271	10090.ENSMUSP00000098895	0	0	0	0	0	0.433	0	0.450	0.675
Pou5f1	Zfp281	10090.ENSMUSP00000025271	10090.ENSMUSP00000107677	0	0	0	0	0	0.130	0	0.645	0.678
Pou5f1	Tbp	10090.ENSMUSP00000025271	10090.ENSMUSP00000124317	0	0	0	0	0.063	0.433	0	0.464	0.690
Pou5f1	Zfx	10090.ENSMUSP00000025271	10090.ENSMUSP00000085423	0	0	0	0	0	0.058	0	0.696	0.702
Pou5f1	Smad2	10090.ENSMUSP00000025271	10090.ENSMUSP00000130115	0	0	0	0	0	0.058	0	0.700	0.705
Pou5f1	Sox3	10090.ENSMUSP00000025271	10090.ENSMUSP00000115237	0	0	0	0	0.062	0.137	0	0.742	0.773
Pou5f1	Sry	10090.ENSMUSP00000025271	10090.ENSMUSP00000088717	0	0	0	0	0	0.137	0	0.844	0.860
Pou5f1	Zfp42	10090.ENSMUSP00000025271	10090.ENSMUSP00000080765	0	0	0	0	0.203	0.687	0	0.740	0.929
Pou5f1	Smad3	10090.ENSMUSP00000025271	10090.ENSMUSP00000034973	0	0	0	0	0	0.498	0	0.902	0.948
Pou5f1	Smarca4	10090.ENSMUSP00000025271	10090.ENSMUSP00000034707	0	0	0	0	0	0.819	0	0.932	0.987
Pou5f1	Sox2	10090.ENSMUSP00000025271	10090.ENSMUSP00000096755	0	0	0	0	0.114	0.999	0	0.992	0.999
Pparg	Sin3a	10090.ENSMUSP00000000450	10090.ENSMUSP00000130221	0	0	0	0	0.051	0.139	0	0.383	0.452
Pparg	Sox2	10090.ENSMUSP00000000450	10090.ENSMUSP00000096755	0	0	0	0	0	0.058	0	0.464	0.473
Pparg	Tbp	10090.ENSMUSP00000000450	10090.ENSMUSP00000124317	0	0	0	0	0	0.065	0	0.464	0.477
Pparg	Spi1	10090.ENSMUSP00000000450	10090.ENSMUSP00000002180	0	0	0	0	0	0.048	0	0.587	0.590
Pparg	Stat5a	10090.ENSMUSP00000000450	10090.ENSMUSP00000004145	0	0	0	0	0.062	0.227	0.148	0.532	0.672
Pparg	Smad2	10090.ENSMUSP00000000450	10090.ENSMUSP00000130115	0	0	0	0	0	0.093	0.180	0.600	0.677
Pparg	Smad3	10090.ENSMUSP00000000450	10090.ENSMUSP00000034973	0	0	0	0	0	0.130	0.180	0.706	0.772
Pparg	Smarca4	10090.ENSMUSP00000000450	10090.ENSMUSP00000034707	0	0	0	0	0	0.141	0.684	0.276	0.786
Pparg	Runx2	10090.ENSMUSP00000000450	10090.ENSMUSP00000109202	0	0	0	0	0	0.138	0	0.822	0.841
Pparg	Taf7l	10090.ENSMUSP00000000450	10090.ENSMUSP00000009740	0	0	0	0	0	0.050	0	0.901	0.902
Pparg	Rela	10090.ENSMUSP00000000450	10090.ENSMUSP00000025867	0	0	0	0	0	0.639	0.270	0.986	0.996
Rarg	Smad3	10090.ENSMUSP00000048838	10090.ENSMUSP00000034973	0	0	0	0	0.061	0.093	0.180	0.451	0.566
Rela	Spi1	10090.ENSMUSP00000025867	10090.ENSMUSP00000002180	0	0	0	0	0.061	0	0	0.463	0.474
Rela	Stat5a	10090.ENSMUSP00000025867	10090.ENSMUSP00000004145	0	0	0	0	0.069	0.244	0.350	0.479	0.730
Rela	Smad3	10090.ENSMUSP00000025867	10090.ENSMUSP00000034973	0	0	0	0	0.051	0.057	0	0.435	0.450
Rela	Tbp	10090.ENSMUSP00000025867	10090.ENSMUSP00000124317	0	0	0	0	0	0.402	0	0.491	0.683
Rela	Smarca4	10090.ENSMUSP00000025867	10090.ENSMUSP00000034707	0	0	0	0	0.062	0.089	0.629	0.252	0.731
Rela	Trp63	10090.ENSMUSP00000025867	10090.ENSMUSP00000110965	0	0	0	0	0	0.130	0	0.899	0.908
Runx1	Spi1	10090.ENSMUSP00000023673	10090.ENSMUSP00000002180	0	0	0	0	0.115	0.130	0.800	0.754	0.957
Runx1	Stat5a	10090.ENSMUSP00000023673	10090.ENSMUSP00000004145	0	0	0	0	0.078	0.080	0	0.486	0.526
Runx1	Sox2	10090.ENSMUSP00000023673	10090.ENSMUSP00000096755	0	0	0	0	0	0.131	0	0.353	0.413
Runx1	Smad2	10090.ENSMUSP00000023673	10090.ENSMUSP00000130115	0	0	0	0	0	0.525	0.515	0.229	0.807
Runx1	Smarca4	10090.ENSMUSP00000023673	10090.ENSMUSP00000034707	0	0	0	0	0	0.439	0.600	0.255	0.818
Runx1	Tcf3	10090.ENSMUSP00000023673	10090.ENSMUSP00000100979	0	0	0	0	0	0.130	0.600	0.559	0.833
Runx1	Smad3	10090.ENSMUSP00000023673	10090.ENSMUSP00000034973	0	0	0	0	0	0.227	0.676	0.596	0.890
Runx1	Sin3a	10090.ENSMUSP00000023673	10090.ENSMUSP00000130221	0	0	0	0	0	0.685	0.600	0.815	0.974
Runx2	Spi1	10090.ENSMUSP00000109202	10090.ENSMUSP00000002180	0	0	0	0	0.064	0.088	0	0.409	0.452
Runx2	Stat5a	10090.ENSMUSP00000109202	10090.ENSMUSP00000004145	0	0	0	0	0	0.130	0	0.486	0.534
Runx2	Smad3	10090.ENSMUSP00000109202	10090.ENSMUSP00000034973	0	0	0	0	0	0.402	0.676	0.984	0.996
Runx2	Sry	10090.ENSMUSP00000109202	10090.ENSMUSP00000088717	0	0	0	0	0	0.131	0	0.467	0.517
Runx2	Sox2	10090.ENSMUSP00000109202	10090.ENSMUSP00000096755	0	0	0	0	0	0.131	0	0.559	0.600
Runx2	Sin3a	10090.ENSMUSP00000109202	10090.ENSMUSP00000130221	0	0	0	0	0	0.047	0	0.647	0.649
Runx2	Smad2	10090.ENSMUSP00000109202	10090.ENSMUSP00000130115	0	0	0	0	0	0.270	0.515	0.814	0.928
Sin3a	Spi1	10090.ENSMUSP00000130221	10090.ENSMUSP00000002180	0	0	0	0	0	0.439	0	0.824	0.897
Sin3a	Smarca4	10090.ENSMUSP00000130221	10090.ENSMUSP00000034707	0	0	0	0	0.303	0.560	0	0.933	0.977
Sin3a	Smad3	10090.ENSMUSP00000130221	10090.ENSMUSP00000034973	0	0	0	0	0.061	0.130	0.676	0.620	0.886
Sin3a	Zfx	10090.ENSMUSP00000130221	10090.ENSMUSP00000085423	0	0	0	0	0.062	0.163	0.145	0.305	0.471
Sin3a	Sox2	10090.ENSMUSP00000130221	10090.ENSMUSP00000096755	0	0	0	0	0.064	0.820	0	0.543	0.916
Sin3a	Taf1	10090.ENSMUSP00000130221	10090.ENSMUSP00000098895	0	0	0	0	0.305	0.099	0	0.563	0.703
Sin3a	Zfp281	10090.ENSMUSP00000130221	10090.ENSMUSP00000107677	0	0	0	0	0.062	0.163	0.145	0.238	0.420
Sin3a	Zbtb33	10090.ENSMUSP00000130221	10090.ENSMUSP00000110795	0	0	0	0	0.062	0.163	0.145	0.418	0.557
Sin3a	Tbp	10090.ENSMUSP00000130221	10090.ENSMUSP00000124317	0	0	0	0	0	0.130	0	0.377	0.435
Sin3a	Smad2	10090.ENSMUSP00000130221	10090.ENSMUSP00000130115	0	0	0	0	0.061	0.089	0.676	0.289	0.776
Smad2	Stat5a	10090.ENSMUSP00000130115	10090.ENSMUSP00000004145	0	0	0	0	0.064	0.052	0	0.432	0.452
Smad2	Tfap2c	10090.ENSMUSP00000130115	10090.ENSMUSP00000030391	0	0	0	0	0	0	0.288	0.210	0.413
Smad2	Smarca4	10090.ENSMUSP00000130115	10090.ENSMUSP00000034707	0	0	0	0	0	0.227	0	0.749	0.798
Smad2	Smad3	10090.ENSMUSP00000130115	10090.ENSMUSP00000034973	0	0	0	0.984	0.063	0.809	0.932	0.990	0.987
Smad2	Sox2	10090.ENSMUSP00000130115	10090.ENSMUSP00000096755	0	0	0	0	0	0.057	0	0.571	0.578
Smad2	Tcf3	10090.ENSMUSP00000130115	10090.ENSMUSP00000100979	0	0	0	0	0.062	0.058	0.515	0.267	0.644
Smad2	Trp63	10090.ENSMUSP00000130115	10090.ENSMUSP00000110965	0	0	0	0	0	0.227	0	0.823	0.858
Smad2	Usf1	10090.ENSMUSP00000130115	10090.ENSMUSP00000125729	0	0	0	0	0	0.133	0.207	0.224	0.420
Smad3	Spi1	10090.ENSMUSP00000034973	10090.ENSMUSP00000002180	0	0	0	0	0	0.433	0	0.380	0.633
Smad3	Stat5a	10090.ENSMUSP00000034973	10090.ENSMUSP00000004145	0	0	0	0	0.064	0.052	0	0.651	0.663
Smad3	Tfap2c	10090.ENSMUSP00000034973	10090.ENSMUSP00000030391	0	0	0	0	0	0	0.288	0.225	0.425
Smad3	Smarca4	10090.ENSMUSP00000034973	10090.ENSMUSP00000034707	0	0	0	0	0.051	0.147	0	0.612	0.658
Smad3	Usf1	10090.ENSMUSP00000034973	10090.ENSMUSP00000125729	0	0	0	0	0	0.133	0.207	0.291	0.469
Smad3	Zmiz1	10090.ENSMUSP00000034973	10090.ENSMUSP00000124863	0	0	0	0	0.061	0.133	0.202	0.454	0.598
Smad3	Sox2	10090.ENSMUSP00000034973	10090.ENSMUSP00000096755	0	0	0	0	0	0.442	0	0.581	0.757
Smad3	Tcf3	10090.ENSMUSP00000034973	10090.ENSMUSP00000100979	0	0	0	0	0.089	0.058	0.676	0.466	0.831
Smarca4	Zfp42	10090.ENSMUSP00000034707	10090.ENSMUSP00000080765	0	0	0	0	0	0.134	0.194	0.215	0.404
Smarca4	Trp63	10090.ENSMUSP00000034707	10090.ENSMUSP00000110965	0	0	0	0	0	0.046	0	0.441	0.444
Smarca4	Tcf3	10090.ENSMUSP00000034707	10090.ENSMUSP00000100979	0	0	0	0	0.114	0.433	0	0.467	0.709
Smarca4	Taf1	10090.ENSMUSP00000034707	10090.ENSMUSP00000098895	0	0	0	0	0.305	0.400	0	0.404	0.730
Smarca4	Sox2	10090.ENSMUSP00000034707	10090.ENSMUSP00000096755	0	0	0	0	0	0.098	0	0.791	0.804
Smarca4	Zmiz1	10090.ENSMUSP00000034707	10090.ENSMUSP00000124863	0	0	0	0	0.063	0.500	0	0.622	0.808
Smarca4	Tbp	10090.ENSMUSP00000034707	10090.ENSMUSP00000124317	0	0	0	0	0.064	0.527	0	0.683	0.848
Sox2	Spi1	10090.ENSMUSP00000096755	10090.ENSMUSP00000002180	0	0	0	0	0.061	0	0	0.399	0.411
Sox2	Tfap2c	10090.ENSMUSP00000096755	10090.ENSMUSP00000030391	0	0	0	0	0.109	0.047	0	0.641	0.669
Sox2	Zfp42	10090.ENSMUSP00000096755	10090.ENSMUSP00000080765	0	0	0	0	0.100	0.088	0	0.717	0.747
Sox2	Zfx	10090.ENSMUSP00000096755	10090.ENSMUSP00000085423	0	0	0	0	0	0.088	0	0.630	0.648
Sox2	Tbp	10090.ENSMUSP00000096755	10090.ENSMUSP00000124317	0	0	0	0	0	0	0	0.447	0.447
Sox2	Tcf3	10090.ENSMUSP00000096755	10090.ENSMUSP00000100979	0	0	0	0	0	0.130	0	0.402	0.457
Sox2	Zfp217	10090.ENSMUSP00000096755	10090.ENSMUSP00000104783	0	0	0	0	0	0.460	0	0.216	0.559
Sox2	Zfp281	10090.ENSMUSP00000096755	10090.ENSMUSP00000107677	0	0	0	0	0	0.135	0	0.528	0.574
Sox2	Trp63	10090.ENSMUSP00000096755	10090.ENSMUSP00000110965	0	0	0	0	0	0.090	0	0.774	0.785
Sox3	Zfx	10090.ENSMUSP00000115237	10090.ENSMUSP00000085423	0	0	0	0	0	0.088	0	0.406	0.436
Spi1	Usf1	10090.ENSMUSP00000002180	10090.ENSMUSP00000125729	0	0	0	0	0.061	0.057	0	0.464	0.484
Spi1	Stat5a	10090.ENSMUSP00000002180	10090.ENSMUSP00000004145	0	0	0	0	0.093	0	0	0.591	0.613
Spi1	Tcf3	10090.ENSMUSP00000002180	10090.ENSMUSP00000100979	0	0	0	0	0	0	0	0.827	0.827
Spi1	Tbp	10090.ENSMUSP00000002180	10090.ENSMUSP00000124317	0	0	0	0	0	0.227	0.676	0.898	0.972
Sry	Zfx	10090.ENSMUSP00000088717	10090.ENSMUSP00000085423	0	0	0	0	0	0.088	0	0.585	0.605
Stat5a	Zmiz1	10090.ENSMUSP00000004145	10090.ENSMUSP00000124863	0	0	0	0	0.062	0.263	0.207	0.136	0.463
Stat5a	Tcf3	10090.ENSMUSP00000004145	10090.ENSMUSP00000100979	0	0	0	0	0	0.047	0	0.520	0.524
Taf1	Taf7l	10090.ENSMUSP00000098895	10090.ENSMUSP00000009740	0	0	0	0	0.162	0.715	0.540	0.614	0.951
Taf1	Taf7	10090.ENSMUSP00000098895	10090.ENSMUSP00000065645	0	0	0	0	0.162	0.915	0.800	0.957	0.999
Taf1	Usf1	10090.ENSMUSP00000098895	10090.ENSMUSP00000125729	0	0	0	0	0	0	0	0.409	0.409
Taf1	Tbp	10090.ENSMUSP00000098895	10090.ENSMUSP00000124317	0	0	0	0	0.081	0.915	0.800	0.977	0.999
Taf7	Taf7l	10090.ENSMUSP00000065645	10090.ENSMUSP00000009740	0	0	0	0.917	0	0	0.800	0.721	0.811
Taf7	Tbp	10090.ENSMUSP00000065645	10090.ENSMUSP00000124317	0	0	0	0	0.063	0.985	0.800	0.821	0.999
Taf7l	Tbp	10090.ENSMUSP00000009740	10090.ENSMUSP00000124317	0	0	0	0	0.063	0.759	0.540	0.921	0.990
Tbp	Usf1	10090.ENSMUSP00000124317	10090.ENSMUSP00000125729	0	0	0	0	0	0	0	0.501	0.501
Tcf21	Tcf3	10090.ENSMUSP00000053178	10090.ENSMUSP00000100979	0	0	0	0	0.061	0.485	0	0.137	0.547
Tcf3	Usf1	10090.ENSMUSP00000100979	10090.ENSMUSP00000125729	0	0	0	0	0	0.130	0	0.354	0.414
Tfap2c	Trp63	10090.ENSMUSP00000030391	10090.ENSMUSP00000110965	0	0	0	0	0.103	0	0	0.398	0.436
Tfap2c	Zfp42	10090.ENSMUSP00000030391	10090.ENSMUSP00000080765	0	0	0	0	0.160	0.066	0	0.464	0.542
