8.9614,-46.653,2.1611,-6.3091,-24.72,-7.6482,-10.379,0.23886,15.981,6.8443,-13.29,-3.1232,-1.556,21.481,7.7914,-7.5494,-5.1668,7.3166,-4.4689,3.9439,-5.6998,3.6627,7.0963,1.3596,9.7506,-6.0165,5.7304,-2.1553,-2.4194,-10.961,1.5884,2.852,-13.071,1.9952,-4.3951,15.565,-1.8105,9.5956,-2.2514,-9.6986,5.1237,7.7554,0.46595,8.1328,-7.3581,-4.7683,9.676,3.4776,4.5782,5.744,-6.8286,3.8757,-0.16823,3.0901,-2.7813,-1.2951,-4.6178,3.7372,-14.28,-8.5528,1.6848,-5.1306,-3.6235,6.0698,-0.21712,-0.20899,3.8757,5.4375,-6.3766,-1.214,2.7751,-3.2187,-3.6393,1.2119,-2.3873,-1.4056,-1.3487,-0.99761,2.8017,0.058655
-21.814,-14.584,31.624,-6.7846,14.87,-3.7023,-7.6664,-16.556,-8.0862,15.203,8.0562,-2.4737,1.0937,-0.40135,-17.502,7.11,9.0639,8.7957,-2.9274,-4.594,-1.4239,3.1733,9.8625,8.4843,2.9027,-0.10114,4.2694,12.829,-2.2856,5.2458,-5.3334,5.5895,12.401,-12.751,-12.014,-7.0944,3.5504,-2.2568,9.5221,11.051,-7.9074,-7.8534,11.252,8.0996,-17.503,8.5635,-2.5067,4.0378,1.1418,0.6443,-11.901,0.024997,6.7511,-5.3362,-3.5849,4.4033,-1.3242,4.4081,-5.4961,-0.5837,0.75149,1.0349,-4.3359,4.5409,1.1438,3.318,-2.5551,2.3784,-0.83,-2.9942,0.87712,0.26482,2.6132,0.041717,0.4646,-1.0289,-1.7092,-1.3581,-0.17096,0.043134
42.045,-27.237,4.3804,15.679,-23.908,-2.2275,-13.537,7.2884,0.41532,18.261,3.7211,-19.256,11.549,-0.8193,3.3482,-14.714,12.043,-0.32585,9.0136,-4.6575,-3.1383,6.7933,5.5734,-8.8498,18.881,-17.167,5.6385,-1.1464,5.6327,2.9683,-8.6024,-11.661,5.3678,3.3813,2.9526,8.5646,-6.8945,-1.295,-0.20976,2.4939,3.2733,6.6637,-2.3765,8.0289,-5.125,8.1875,-3.4471,7.7027,3.4157,1.5943,4.492,0.29672,3.0689,0.23287,-1.0741,-11.256,3.6883,-4.5775,4.9598,10.525,-2.4907,9.8797,0.10465,0.71765,1.352,0.050134,-3.6152,-7.5933,4.0838,2.4092,0.38905,1.7499,1.4637,-5.0088,2.6001,0.38998,1.974,1.6084,-0.30401,0.044731
-24.31,22.978,17.583,-5.5793,-0.52576,-13.58,20.589,-7.8294,-8.2085,-8.0375,-4.4229,-0.15157,-3.4717,0.42692,-4.5109,2.8556,-3.3463,2.1787,4.7278,-1.1819,2.8291,4.4275,2.4382,5.2582,0.30382,3.4662,-4.5536,2.2233,0.26292,7.5369,6.1293,-5.0704,-4.2573,1.3599,13.098,11.488,0.45144,-2.2513,-6.5922,3.3032,-9.678,6.2651,-4.6731,-1.777,-9.551,5.8623,-5.4126,-0.042126,14.412,5.1587,1.9263,-2.6635,-4.3342,1.2997,-5.0721,5.9558,-2.2177,-10.267,-5.8229,6.4169,-0.66115,-14.344,2.059,-8.3919,-0.11396,-1.5696,-13.301,-2.119,-9.8396,5.2797,-1.9967,2.6107,2.276,-2.6507,-0.010658,-1.1015,-2.4708,0.3325,0.50781,-0.034752
16.358,-0.2855,8.5842,4.0993,0.43906,3.9762,14.589,-3.7279,19.658,8.582,17.457,2.5011,6.5673,-2.0213,-0.79505,-9.4056,-1.7716,4.367,11.508,-14.351,-2.6346,-3.2509,-0.23364,1.8502,-11.589,7.49,-1.7337,3.4922,-9.2401,-2.4643,-4.348,-1.2937,-9.9412,1.0076,-1.0802,-7.9518,-3.411,-0.86386,-2.8226,4.0055,10.951,4.2696,5.0993,7.1828,4.3551,2.8607,-3.4127,-1.7998,-2.4389,-3.3713,2.5793,-0.38084,6.2912,3.365,-1.4441,1.4761,5.8404,-11.185,-8.8044,-3.9648,-3.4658,-8.2606,-0.86037,-0.82702,-3.1718,-1.8531,5.5649,-7.1331,-0.73826,-12.733,4.1088,0.27439,2.7068,-1.1131,12.11,0.93386,-2.2461,9.1042,-3.1174,-0.041025
14.618,-16.338,28.008,-1.7197,-1.5026,-8.9158,-1.1164,-10.577,9.3016,5.6942,-12.908,6.1334,6.6215,-10.009,7.0065,5.58,4.4578,0.55741,-1.3487,8.978,3.1424,-7.3435,-2.8215,-3.2434,8.128,5.2223,-9.6824,-8.9336,5.7477,7.1134,8.7876,3.4381,-3.6808,7.3311,0.31549,-1.0361,13.794,-2.1791,6.834,0.67053,0.33443,1.968,-9.228,3.8201,9.4155,13.273,-0.90809,-5.7432,5.4213,-7.1118,-5.8099,5.2079,0.39711,-9.0558,0.73091,1.7534,8.8724,3.9768,-8.0394,5.7428,-12.527,4.6346,3.5871,0.55689,0.55491,-5.1345,-0.92232,1.7848,-0.52769,-5.7513,-1.3178,-7.7668,-7.0049,1.161,4.4938,2.8463,-1.4063,-7.3683,1.8141,0.034196
2.3974,21.549,41.206,0.97685,-0.27473,-20.311,-10.947,-14.499,-0.11583,0.41765,-8.6557,10.124,4.7392,-7.0511,13.482,1.4856,-6.7223,-2.3864,-11.406,14.652,13.781,-8.3778,5.0766,-1.4882,3.724,-0.13778,8.8323,-5.4018,5.3479,5.0701,1.6679,-7.691,9.9525,2.3719,-2.8491,-6.8094,-2.1107,2.5212,-4.8278,-12.367,7.8678,-1.3086,11.318,6.0321,4.845,-19.408,-11.124,6.0885,4.5857,-6.92,-3.3057,-4.191,0.25145,-0.036908,-2.3076,-1.6415,-8.907,0.36246,0.14568,2.4416,-3.288,-4.0541,4.1525,-0.19556,-0.79421,3.7177,-3.2455,-3.1821,3.2042,-2.4651,-0.12632,-1.2806,8.5892,-1.9312,2.8481,-2.2142,-3.8668,-0.044337,3.1952,-0.089632
-3.6629,33.018,27.666,8.7556,11.757,6.499,10.793,-3.2607,3.4508,-0.49771,-3.4636,-1.9334,7.2189,-0.64819,7.9195,-2.1157,-1.4032,-5.2589,5.7562,-4.7993,-2.8916,-2.9278,-3.6681,1.4944,6.3605,-2.4816,-6.5762,0.099677,-4.6993,2.4978,0.81999,0.90661,4.0226,6.5097,2.1088,-10.55,-2.0242,-0.75127,-8.4935,3.7205,3.4079,3.4735,4.5381,1.2551,-2.757,-5.7085,-1.1791,-9.4161,-9.8997,1.6703,5.3314,-1.7326,5.5771,2.3176,-11.166,-4.5494,4.0588,-2.3629,0.44894,0.26277,-3.6015,-1.8642,-11.621,3.0694,-0.87853,6.8149,-1.8823,8.8881,-4.094,13.616,11.786,-6.4716,-4.7573,-0.054534,2.7127,-3.2621,6.4348,-8.6137,-1.1781,-0.050796
20.964,-16.449,10.935,1.3771,-30.022,-4.3763,-0.19749,0.42007,13.172,7.8651,6.9631,0.98041,14.661,-15.158,-6.9483,-10.162,-4.0277,14.066,4.5418,-0.31586,1.3781,-1.9569,-7.7628,-4.0408,-3.2776,-9.2242,8.6869,2.4026,-6.2435,-4.7191,-6.684,-3.9811,5.4304,-0.0075449,1.1765,-3.0776,-3.258,-1.8578,-0.39251,1.621,-4.2844,1.755,1.8382,6.3912,-0.80587,-6.9505,8.2849,-18.384,5.3482,-0.046036,-6.927,1.849,-4.8791,3.7675,16.881,9.0447,4.2684,-0.66753,7.4859,1.5492,4.9578,-4.8426,-1.2673,-7.7103,-4.6581,4.7696,-4.1346,3.0502,0.059634,-2.6091,-4.1123,-5.8666,1.5688,2.2113,-3.4392,2.2044,4.3068,-5.4011,1.279,0.028889
-9.0386,25.783,-22.328,-15.572,9.7351,-20.57,4.9514,8.4459,-0.45544,12.108,5.4331,-2.6319,5.0962,-14.076,-10.515,-1.4246,-6.4604,-16.946,-6.887,-8.4576,1.8252,1.6528,-5.0691,-1.5888,7.572,0.25214,14.075,-1.8862,10.426,-12.427,0.073746,17.2,8.3865,9.3084,8.0683,-9.6762,6.4243,4.3738,-6.8169,-0.66112,0.97612,2.8202,1.304,2.9182,-5.4241,2.4148,1.615,-1.3015,7.7279,4.3217,2.5203,1.4178,-0.34187,4.2614,-7.7349,-0.41097,0.71336,7.5332,5.9978,-6.3254,1.2321,3.7053,-0.021247,-5.7676,-6.7631,-9.9383,3.5128,1.5499,-5.2284,-4.4277,-3.8568,-0.019115,-1.8087,-8.4813,3.0768,-7.4627,-2.64,-0.1585,-0.86574,-0.15985
30.314,20.032,13.603,22.528,-33.096,-0.8915,-11.207,8.2013,-7.1793,-12.805,-12.934,2.0108,-3.2819,-9.8588,-5.7139,9.7656,1.1519,1.6888,2.8494,-17.515,16.241,-4.2819,5.3658,-7.7474,4.5881,-1.3165,4.9719,-3.4632,-5.1444,7.6737,6.6415,-4.3314,-0.081647,-0.48542,0.16815,-5.3411,1.323,-2.2108,0.99387,2.1059,2.0331,5.1626,2.3532,0.27715,3.6494,4.4166,5.653,5.2342,-0.56044,4.312,-0.67713,-8.0923,-1.4787,2.5948,0.764,3.103,4.5054,3.8684,0.32185,-9.0907,3.8851,-2.7451,-5.1264,-3.6257,1.541,2.1986,2.7774,-7.5169,4.641,2.5433,4.1632,7.8486,-8.4782,5.6765,-3.2244,-1.7289,-14.877,-5.7629,-4.0396,0.042126
11.158,21.065,20.966,-4.8628,15.728,-8.3901,-5.6012,-17.529,-4.0724,9.4245,-5.0914,-6.8337,0.52756,-3.2636,-10.116,5.5481,-3.7146,1.5333,-6.9442,4.9914,-0.99835,8.1525,6.7895,4.0464,-4.8024,0.37283,3.0815,0.676,3.3214,1.1277,-4.4466,-2.886,-4.7438,-2.1016,0.20096,-2.0066,0.68876,-1.7439,-14.843,-11.617,-2.2349,-0.14993,1.4245,1.6172,-5.2695,4.0435,2.6404,-1.6626,5.9146,-2.102,5.0242,-12.574,3.9397,0.52098,-1.9715,-4.8371,6.093,-2.3293,2.428,-1.7038,2.3869,-3.4556,10.006,5.0574,3.7446,0.12971,7.1652,-2.8857,3.6121,-0.744,-8.6319,-0.64648,-10.189,13.271,-1.3193,-0.3529,11.371,0.10571,-6.1949,-0.020487
-8.215,-34.779,-7.4678,10.02,-0.46765,-0.19572,8.4984,-8.1085,24.297,-8.342,3.3001,11.023,-9.1213,-2.1503,-1.8935,1.7458,-3.7329,-3.1067,7.0821,1.3297,7.8081,9.5966,-1.2094,2.4679,4.5781,0.83169,-7.6029,5.9613,6.5466,-15.612,-3.0875,11.44,-0.10679,-0.47591,-4.6934,-0.45983,3.7708,8.5207,5.8454,3.0275,-4.0016,5.3287,4.6438,2.5942,1.539,-4.3969,-7.2219,3.7979,5.8247,5.9728,6.2296,-0.16379,1.4141,-7.5985,8.329,-7.4303,-4.9157,2.9471,9.4307,0.91377,-0.66684,-4.1759,-7.3488,-2.8546,9.6035,-6.5343,-5.5953,-0.44071,2.6885,5.227,0.51331,-1.0471,-0.53051,13.157,10.079,3.8696,-1.6783,1.0731,-0.28081,-0.072015
22.974,0.58667,25.984,-6.1873,-16.574,-7.7598,-7.367,8.498,15.741,6.8035,2.5302,9.6581,5.0647,10.287,0.30815,-2.3109,5.5542,-4.0422,-11.648,-9.1018,4.3107,5.1618,9.2176,-8.118,-5.4772,0.30804,0.66833,2.4878,2.2469,3.2429,7.5114,10.187,3.7991,-5.4451,-4.4009,-4.0782,-1.4342,-6.4081,12.96,-4.3358,-5.9461,-5.4027,-6.0102,3.5051,10.489,-0.33438,2.1755,-11.301,2.0114,-7.2439,-3.0148,-0.32588,-3.3918,4.908,-2.1667,-7.1381,-0.83528,-2.7654,-1.3093,-8.5083,4.6435,2.7576,8.2775,0.91277,0.32695,-4.7186,-10.31,-0.31644,-4.3305,9.9798,6.5744,7.0459,-2.3284,-1.2021,0.53582,-2.194,5.5268,9.6166,-0.71131,0.031093
0.71941,57.606,-10.001,-20.727,-19.029,-18.508,-21.082,-4.304,7.6835,3.632,3.6356,14.493,-7.1698,2.5543,4.4119,-17.404,25.581,3.2281,-0.14302,-4.3422,7.715,9.5459,-3.941,5.3421,5.1089,0.14097,0.63945,-0.85386,-11.031,4.0038,2.7003,4.9172,11.844,-7.593,-8.7466,10.479,17.526,12.381,-0.95079,-1.536,5.2191,-7.2236,-7.2655,-7.7719,-2.7195,0.058188,-1.877,-3.5212,-6.2809,-1.7148,15.571,-6.9319,1.1532,3.9184,1.1656,0.95283,-1.1821,-3.2246,-4.8809,4.318,4.1466,-1.526,-0.67344,-4.6997,0.54253,0.19573,2.885,2.2451,1.1961,-3.5396,-0.96305,-2.8811,1.5918,-0.44888,0.20594,0.29583,-0.2455,-2.4956,0.15791,0.040568
7.1177,9.8925,-9.3638,21.273,15.366,14.055,-6.4824,-16.622,0.78621,2.9699,2.8809,-5.7572,2.3725,-4.0245,1.4132,-2.9004,-14.909,10.103,6.1453,-2.1726,9.982,22.761,-3.3361,8.7083,4.2706,-8.0452,0.23653,-18.828,4.9934,5.5754,3.9843,5.8977,1.0164,-1.5834,14.723,1.5391,-4.2829,-10.592,5.4526,-3.2428,5.5113,-14.969,4.9002,-2.1095,-0.49552,-5.6826,4.7481,-9.9364,-5.6436,12.138,4.6083,-0.034597,-8.3483,-4.0437,-3.2843,0.37153,0.28104,5.2078,-8.1077,1.5944,0.56665,5.7213,-1.3063,3.761,3.3033,2.5459,-3.5168,-3.1186,-4.101,-5.7316,-1.9969,1.8005,2.3748,3.1483,3.3347,1.6986,-2.055,2.3927,-0.56364,-0.029242
7.1244,7.174,-11.469,32.302,-4.0729,0.6863,27.865,-2.9214,-7.0781,3.2958,10.984,-2.0709,-8.4292,-6.9382,6.8584,3.7308,6.62,-3.4292,-23.885,3.8456,8.6596,-3.0469,-13.143,5.2481,0.43914,-2.344,6.0234,2.2494,-11.899,10.052,-13.653,-3.8222,-14.819,4.8395,6.6566,-2.8655,2.8252,6.1231,9.0149,-10.425,0.57205,-9.5585,1.64,1.6091,-6.9114,7.3868,0.30606,1.3198,-0.54101,1.4563,1.1714,7.656,3.3502,-3.955,3.7297,-3.3825,0.7421,-0.86121,-0.98419,-7.2263,8.1836,-0.53886,5.2633,-1.6314,2.6608,-4.8192,1.7426,-6.7087,-0.51905,7.0621,4.9832,-5.8196,6.5616,-1.4375,1.3602,0.30082,1.4186,-5.7494,1.1919,-0.13793
10.526,12.796,25.088,-3.8762,11.208,-12.776,13.682,-6.1374,0.4306,8.8688,-6.2373,-6.7697,-5.6068,7.7876,8.2229,-8.8409,-0.29,-3.3802,-8.7812,6.4612,-3.1634,-9.2296,-4.7391,8.429,2.2255,4.392,2.9807,2.3927,-0.1942,-4.9926,1.1025,-1.7289,-3.654,7.8019,-4.6197,5.1309,-3.4117,-4.7008,-5.5149,-0.059089,0.70303,-3.8755,-2.0471,4.8033,-3.6928,3.3415,2.0746,-6.589,-2.2645,-1.2679,13.072,1.3894,5.6287,-11.599,7.6326,10.106,-7.5328,10.787,0.26232,1.5701,0.23107,1.3368,-5.3997,-0.16983,-12.95,1.5102,-3.4472,-3.4493,5.9508,2.1854,2.7826,14.626,-6.0044,-1.6859,0.1924,6.388,0.28635,4.0842,-0.42322,-0.14705
-27.27,4.1887,18.157,-11.657,7.7426,-18.767,10.454,-6.1218,-12.067,-5.4007,2.2891,5.4398,-5.9303,-11.2,-4.9316,22.778,5.5861,-12.443,-1.896,-13.555,-4.9322,9.7596,2.4592,-12.892,-5.7839,-2.4102,-10.448,-0.10793,1.9539,-23.053,-1.5673,-27.759,14.606,-7.3304,9.429,5.7473,1.4792,0.6263,7.1412,-2.1308,13.111,-1.5093,-2.2231,2.6165,0.84355,-0.25696,4.8236,-2.2455,-0.95861,-0.9784,2.8855,8.8432,0.70382,-3.9774,4.0331,-1.4532,-2.1401,-1.3121,-5.4562,-2.0225,1.4467,-0.33559,0.053347,3.4863,-1.8119,-0.28994,2.2713,2.3872,-1.8339,0.97822,-0.56496,-0.33512,-0.97144,0.79059,0.11508,-0.78601,0.16204,-0.054073,0.060873,-0.050205
-22.2,-35.504,21.514,-39.552,-0.98666,-19.299,4.5249,-18.638,-22.739,-0.63369,-14.114,2.6781,15.234,18.539,-7.8503,-6.9372,10.801,-1.6933,9.6677,-21.263,2.6477,-9.1306,-17.456,16.087,8.7317,-12.596,-17.193,-0.011052,15.93,4.3863,-8.9168,-3.9337,-12.897,-7.2324,-1.5413,-7.325,-1.5958,0.17887,-1.2814,-5.3561,-7.567,-4.9049,1.0605,-2.424,7.7606,-6.3063,1.2611,3.161,1.1091,2.0134,2.3965,2.1107,-2.0326,4.4219,1.7203,0.97523,1.9009,0.75744,3.2311,-2.3147,2.1742,2.5816,0.86776,-0.46336,-1.6688,-2.158,2.834,0.23199,0.21002,-0.53866,0.74862,-1.6775,1.7086,-0.16173,0.055947,-0.026349,-2.6787,0.9522,0.52276,0.087811
16.868,-26.27,10.929,-7.4197,-10.886,-7.3817,3.0337,-20.834,14.243,11.657,4.623,1.9847,0.73757,-4.1295,-11.894,-23.258,-12.646,11.513,4.1012,-17.357,-4.3746,-7.6915,1.5442,7.9896,-9.7395,11.89,11.483,1.9019,-3.5626,-1.0973,8.9277,-4.1412,-1.8382,0.95001,10.6,-3.8546,0.15325,0.17117,1.5373,2.9217,10.944,-0.53808,6.9964,-5.9178,2.1547,5.0994,-7.5537,6.7588,-2.7261,-5.9431,3.6024,9.0841,-5.2936,1.6872,-3.6569,1.8677,-8.8273,2.5421,2.9699,5.0882,-0.3558,2.9538,3.8368,2.7621,9.9713,-5.5731,2.3831,3.8931,0.098634,6.5993,-1.8964,1.3301,-3.4186,0.38441,-9.6375,2.8304,0.63835,-3.6832,2.4996,-0.052166
-4.2305,-15.071,-20.273,-5.1318,-64.565,-4.3899,-25.282,-45.76,-15.271,-26.788,38.34,-7.5273,-4.3615,-3.0608,8.2524,3.4415,-17.735,-20.727,-3.8335,8.05,-20.797,-8.1684,5.8229,11.255,4.2395,2.4458,-7.0438,-1.8902,3.275,3.6361,0.94487,3.0236,4.9677,1.0566,-2.1292,-2.3027,-0.44681,-1.2382,-0.028185,1.9253,0.58041,-1.3924,-1.1195,0.36341,-0.43596,1.845,1.5042,-1.7096,-1.4546,0.98585,0.4104,-0.66821,0.50093,1.0079,0.032546,-0.20454,2.7105,-1.7944,-0.37605,-1.3885,0.52799,-1.2161,0.048549,0.79784,-1.6047,-0.54221,-0.81412,-0.9271,0.33513,-0.019494,0.49943,0.61509,-0.72766,0.27219,0.12153,0.80713,0.48256,0.39913,0.29852,0.056265
-33.474,-33.52,31.002,-12.827,2.7027,-0.066598,-0.37777,7.8562,-0.91351,1.3579,7.3495,12.184,22.562,1.4516,8.0549,11.063,6.3441,-2.6131,-2.9446,13.644,2.9039,6.4454,-1.3022,4.7689,-14.212,-2.037,0.92757,-11.138,7.7349,0.90372,-4.0051,0.68652,-2.7583,4.9658,-4.0527,-4.4972,-9.8874,6.599,-1.8918,11.162,14.241,5.9912,-5.9439,-12.045,4.305,12.845,-1.3427,-1.2216,-0.89392,6.7782,-3.8052,-7.4833,6.2105,7.8113,3.1129,-1.5803,-5.4312,10.356,-1.4271,4.0475,11.379,-2.5432,-3.5808,0.83296,4.3778,-0.99938,-3.6478,-4.6061,-2.2095,-2.3506,1.0269,-0.21864,1.6111,-1.9477,-2.837,-1.0065,2.8087,-1.337,-0.64955,0.10665
-51.516,-30.603,11.433,12.075,20.47,7.0895,-28.689,4.7863,-9.525,-0.62923,17.588,-13.853,-3.8364,3.5525,0.43466,0.27675,13.299,-3.9003,12.799,-0.85908,9.1592,-12.966,-4.615,7.9517,4.0695,3.7555,1.9665,-0.95336,-9.9328,-3.2245,-4.5889,1.4915,-5.8163,-1.062,6.7805,12.112,-1.1593,-0.35672,2.953,6.026,6.5279,-1.6828,-0.87574,1.3444,1.9294,-4.185,-1.0669,-14.624,5.4014,-2.2141,-7.4749,-11.226,-4.8733,-9.7365,0.50529,-7.4181,-7.3755,0.55158,4.6352,-4.191,-6.1927,-5.6404,4.7019,-0.26206,4.5706,-2.1966,6.2147,4.0725,3.6672,2.7645,-1.2188,1.5159,-2.1144,-7.8502,-0.46453,-3.4414,-2.2071,-0.43968,-4.9837,0.12366
-64.127,12.652,-22.172,-19.677,6.599,-15.414,-27.341,22.524,9.9671,8.7281,3.026,10.239,5.4893,-4.4356,-4.3552,0.57817,-8.7783,-12.101,-6.3378,-0.50068,-2.2715,-5.2046,-1.6834,-6.1602,2.1248,-5.5056,4.8177,-1.3718,1.3526,4.6866,0.57739,-5.5166,-13.081,-2.97,-4.3191,4.0583,-2.8879,-7.6526,0.13287,5.5444,4.1839,5.2514,4.049,8.8765,3.8354,4.2854,-4.8562,6.1239,-12.426,8.5465,-0.57766,-4.6533,-6.2504,-9.2377,-5.2385,8.0414,-1.4713,-6.3178,-2.398,-2.4322,7.5796,5.4001,6.8923,-7.5387,-3.1296,1.0552,-3.6391,9.0371,2.394,2.9921,-2.4001,-1.6768,1.7919,5.8487,5.6042,4.1648,2.0623,-2.4254,-0.30585,0.27616
-36.569,-16.142,-39.406,-18.143,-10.576,-10.591,11.593,-4.1089,-7.171,28.106,-17.731,-19.183,-8.0358,-9.8722,33.419,4.4297,1.3032,3.2815,1.1977,3.272,5.1835,-4.4191,-9.7273,8.9309,-5.0826,12.258,0.39828,12.157,-4.5238,-4.0129,-0.38369,-1.1805,8.9055,-6.0976,0.37087,-2.4191,-5.114,-11.164,16.824,-5.8366,-3.8395,13.581,5.1491,-1.9817,2.5322,2.8822,1.2364,-0.23927,-1.0712,4.4516,2.9017,-8.0114,-4.5786,9.2242,-2.6174,-3.9862,3.2583,4.0247,-2.8286,3.4282,-0.97206,-2.0548,0.15364,1.2318,-1.4351,0.50003,0.47107,1.2721,1.758,-0.15202,-1.2012,-0.10003,0.089307,1.4536,0.56146,0.42311,0.049384,0.47664,0.44737,-0.078198
13.208,25.956,15.478,-1.7406,-13.948,-3.2961,-4.116,7.875,19.729,-0.13975,-1.8269,5.3241,0.19648,9.2699,4.8218,-2.5521,0.27611,-6.1979,1.2393,-1.0534,0.018577,-0.64448,7.1145,11.147,-12.353,4.9207,-0.46806,9.3245,5.25,-0.051215,-4.2731,-2.3932,-3.3419,2.7511,8.5537,7.7622,4.1614,-9.2848,-2.2829,2.7086,1.2033,0.86014,-4.282,-8.5119,-2.8109,4.2477,-0.91404,0.9754,6.0012,-1.7473,-0.64699,-2.2751,-4.9667,-6.8354,3.0426,-0.019435,6.6254,3.2124,4.8903,-5.7681,-3.8907,8.8283,-4.0015,0.98448,-1.4858,9.1787,6.5634,0.45349,-1.3426,-0.45214,1.5951,3.4911,11.874,7.5863,2.5336,-15.094,1.1386,-1.3863,8.7261,0.11239
-66.96,-21.229,13.325,17.594,0.61613,12.561,9.3912,24.863,-14.458,-4.1635,2.8117,0.38138,21.376,-12.088,1.1748,-28.652,-5.8833,-0.72278,1.5118,18.68,-3.9443,5.4493,5.8016,5.7942,-1.5151,8.2598,-4.2532,-0.66006,-3.3863,5.081,-2.3119,-3.2174,8.5868,-13.68,12.504,-3.1403,6.2064,17.366,0.82233,-1.348,-9.9634,4.5355,2.9894,2.8663,10.117,-2.0229,7.9502,5.8521,3.5285,-1.7817,2.0521,-0.55147,-1.619,-9.0873,-2.4601,1.1438,1.8115,-1.9809,-2.6127,-0.3095,5.8496,3.5028,-1.7151,0.34621,-2.4578,-0.28441,4.0884,-0.18562,-1.2538,-1.1648,5.0238,3.7355,-4.3129,1.0326,-0.86297,-0.63669,0.58179,2.2188,1.2908,0.06704
3.3113,9.132,20.261,16.223,-16.8,-6.0482,-8.7226,5.5212,15.693,-7.8501,-8.2864,9.9146,-1.6404,-12.136,1.4809,1.5495,-3.5649,6.9163,-1.8848,8.2386,3.3411,-1.5175,4.0132,5.9067,-0.8912,-8.0955,-0.47576,9.5389,4.4849,4.1566,-4.9917,-0.87406,1.919,2.5853,8.5692,7.1274,-2.1711,-4.7661,4.2254,-3.1728,-0.4099,-7.1533,-1.3787,-16.362,-3.5214,1.8073,-4.6257,9.0414,0.70714,1.7977,-5.1332,6.6358,0.44685,2.1116,-0.7593,-0.97179,2.3157,3.7244,4.7095,1.5021,0.80515,-3.0365,-0.73762,-1.6317,-8.7933,1.6909,5.6978,11.76,0.86342,0.14039,3.5115,-6.2188,-4.1879,-3.4413,2.9571,5.2469,-1.2029,10.153,-13.428,0.089592
13.771,-6.7539,24.754,-10.045,11.599,6.4525,-22.603,-6.1108,13.056,7.4252,6.8394,-6.2923,-12.738,-4.6589,-0.073531,6.8363,12.073,-11.985,3.8647,-6.0877,4.5999,-9.6907,9.0479,2.6903,-14.683,9.5249,10.085,-8.1157,2.9786,4.5963,4.0201,-2.9159,-3.5582,6.0886,6.5242,-0.2574,1.1479,0.47849,5.0364,-7.1875,-16.562,5.3749,-4.28,-2.1407,-0.10251,-11.449,11.082,2.3049,-6.1926,11.254,-2.2577,1.5272,16.608,0.10861,3.2677,0.093342,-4.4245,-8.1611,1.2677,7.1747,0.68574,7.5164,-4.5395,-2.8202,1.647,-2.2919,3.0711,-0.21328,-6.3403,-1.4476,-1.8941,-0.27842,0.36471,-0.7242,0.12405,3.1768,-0.51789,-0.5523,0.18679,-0.046449
26.09,-17.472,-0.69937,7.8975,19.963,6.6573,-3.5229,-22.161,5.3644,22.697,-16.201,-10.372,-19.925,-8.471,-5.674,-4.4354,2.8128,-12.29,-15.042,-1.947,-15.017,14.249,-4.2758,2.4193,5.4592,-5.3249,-8.9195,18.639,-4.1619,13.537,10.142,1.2347,3.9435,2.4603,-1.522,-3.0668,-10.621,11.622,-5.2216,5.2303,4.5654,6.5699,-8.3117,-2.386,9.963,-4.4388,-1.532,0.82408,-5.9859,4.0993,-5.3087,1.4331,-6.0226,-5.9795,7.0462,2.8876,-2.2896,-1.0004,2.716,-2.4995,-0.74927,-1.0399,2.3996,-2.7321,2.3915,3.6016,-0.25871,-3.1341,-4.5469,-3.9674,0.60883,-1.7849,-0.46395,-1.2369,-2.488,-6.3026,-1.657,1.3316,-3.8906,-0.16226
-11.461,17.961,30.211,11.722,16.894,-1.2684,-2.3695,-6.5261,-19.821,2.4737,-1.8071,-7.9857,-7.5726,-2.1792,-4.0849,-4.4434,0.00023707,8.6712,3.3968,2.9067,-3.9818,-13.052,5.9815,-8.326,3.1923,0.8754,-1.0983,-7.1029,3.4889,-5.412,15.439,10.719,-3.5876,4.3997,-1.8226,3.8661,1.7041,7.6381,9.9191,3.2245,1.5509,1.5786,0.38141,3.7185,5.848,5.9327,5.928,-1.0947,0.93001,9.9489,8.243,11.994,4.5509,3.6717,-5.0767,-0.90702,6.9897,0.84866,4.4048,-1.4143,3.8346,-8.1393,3.9725,-2.4798,1.6972,9.4603,-0.1193,3.15,12.174,0.45248,-2.3029,-2.6248,10.3,2.3666,-3.6249,-4.5497,2.0454,6.0909,0.66955,-0.0038812
8.7,21.756,-0.92855,16.107,-16.793,-0.17894,19.296,17.085,-6.0279,-8.2705,-13.93,-10.878,14.991,-4.5698,-0.63189,3.2463,-2.0714,-3.4797,9.8856,-1.8238,-8.966,-1.7598,-3.8145,9.1686,1.7408,0.76957,-3.075,-9.2091,-7.6157,-8.325,1.3767,11.321,0.6864,-6.4876,-12.2,3.1739,1.9163,-7.82,6.6172,-3.4161,5.486,0.31827,-5.6229,3.4519,-2.3046,-6.5624,-16.281,0.20244,-2.7235,2.2657,-4.2895,6.0922,9.9764,-5.3633,0.32319,-2.3603,-1.5172,-0.26167,4.2805,5.9374,5.1345,0.28897,10.752,-4.7851,-0.66425,6.8652,6.7818,-3.5886,-13.56,-1.0256,-1.1825,3.9147,-2.9012,3.5097,-4.117,-2.0849,-0.75784,-1.346,-1.1032,-0.070119
-16.227,28.293,-14.147,31.439,-29.127,3.0148,22.203,-2.1435,-11.357,3.1312,4.7793,-0.68216,-4.9582,-3.0869,-23.79,8.0925,7.3087,10.434,4.6993,9.1777,0.98528,2.5219,0.84203,7.0383,-6.2574,-12.438,4.0482,5.6167,14.62,-1.7905,-1.0794,0.12708,-1.6759,11.972,-8.4903,1.8176,-4.7415,-3.8562,6.86,2.2425,-5.7207,5.6275,-1.6243,1.7799,9.844,-1.4166,8.7803,0.86304,-2.3542,-14.726,7.9358,-3.022,-1.7544,-0.88212,-7.7213,1.3551,-14.177,0.63382,-7.362,-0.74062,-2.6481,2.5892,-2.7152,-6.2302,3.4404,4.3741,5.4259,0.72268,-2.2884,0.074649,-3.3605,-2.1141,0.68361,-1.6269,3.0626,-1.3451,2.5067,-1.9925,-1.7794,-0.020124
-65.879,-47.746,-10.852,-8.0481,-7.5903,10.702,22.723,-0.24456,4.1087,-9.7976,-5.7645,4.8299,-14.593,8.5053,-4.9994,-8.1602,10.269,4.1381,0.49794,-6.7546,-2.3803,-16.37,14.195,-11.873,0.1636,-5.4836,5.004,-3.5956,-2.0012,0.66926,-10.176,7.2322,6.5943,3.2533,-2.6549,-16.505,-5.2218,0.94193,1.7084,-5.1709,11.405,1.7511,-8.324,-14.227,-11.603,-7.4805,9.6857,2.3039,1.5308,2.8061,1.8441,-2.6249,-5.5383,-10.836,-2.6858,1.9243,5.2477,0.41161,-3.234,5.1719,-4.1205,-0.32384,8.4326,-1.9075,-0.44256,1.8322,-4.8296,-1.7624,0.47245,-1.033,0.67201,1.3805,-1.0301,1.6552,2.3209,0.27576,1.7031,-0.41124,0.036749,0.046881
3.6567,46.725,14.882,18.543,0.94051,5.733,4.6908,4.5569,-4.4718,-1.2817,0.87441,0.58448,-3.26,3.2135,-1.2252,4.479,0.60143,5.705,1.1253,-2.85,-2.9518,-4.2353,-0.58135,-0.31734,4.5944,-1.8939,-3.8701,3.1141,-4.8141,5.2035,-2.7643,0.3741,5.57,-0.1639,0.78009,1.6959,-6.0497,0.76496,2.5756,0.70566,4.9149,-3.4867,0.1181,-3.7142,2.118,1.4821,-1.1967,2.6738,-1.1184,6.7494,-4.5236,-6.934,2.3509,1.2145,-0.82064,2.6434,-1.712,-0.25789,4.6061,-5.9613,-1.2663,-0.17645,-2.3685,-2.6738,-0.57845,-1.7553,2.6334,-1.7929,-0.3422,2.7028,-8.9979,-8.1024,-12.603,-2.7706,2.9233,4.6321,1.5328,9.8569,20.614,-0.040441
-14.578,-25.666,-5.3559,-18.173,1.3829,-16.112,29.947,-25.31,4.749,-5.1408,-20.947,-7.3092,-18.658,0.60623,-0.8136,-10.716,4.5528,-7.3022,10.046,12.04,-16.545,3.5831,7.2759,-20.832,0.79727,-8.5547,16.768,-13.812,-3.8493,0.026062,-10.122,2.5497,-2.7017,-5.3099,9.0369,1.8255,9.9566,-7.5837,-2.3193,7.5421,-9.3311,-7.5954,1.0346,-1.5861,11.147,4.2631,-8.3763,-1.776,-6.6368,-1.883,-6.0403,-6.5709,2.023,3.6653,1.7009,-0.74441,-3.3927,0.96651,0.70073,-3.8994,2.3888,-3.5469,-3.9129,1.8392,-0.78431,0.94565,4.1291,-1.5461,0.4598,1.4236,1.0684,-0.68749,2.0754,-0.43441,1.4589,-0.151,-1.1195,0.24992,0.62798,-0.070663
19.016,-20.497,-30.479,16.57,5.4955,-3.7489,-9.0925,-14.377,-4.1906,28.455,-0.91118,15.505,16.006,23.598,-13.761,8.1983,-9.3648,-23.555,28.629,17.277,15.002,-7.9623,2.3366,-16.538,-0.47341,4.3055,-3.7553,8.3111,-10.37,4.389,1.904,-0.53062,4.7919,1.5772,-2.1571,0.62736,-0.93913,3.7241,0.24902,-5.8395,0.40755,-3.2632,4.1951,-4.6458,-0.83839,2.8506,-0.086599,-1.1839,1.7758,-0.2564,4.4805,3.1078,-0.97404,-0.6088,0.77624,4.4203,2.8017,3.1515,-2.0258,-0.98712,-0.017326,0.83658,-1.2207,0.59042,-2.4223,1.9067,3.1524,-5.2271,-6.2746,6.1296,-3.0206,-2.6081,2.7077,0.13674,-3.1486,2.6909,-0.3633,1.9632,-2.3212,0.069113
9.4242,-35.411,-20.516,11.583,-7.2855,15.927,-6.0439,1.5797,1.1628,15.735,12.012,12.467,2.5634,18.352,-4.8586,27.089,15.841,22.006,-19.412,3.4625,-17.172,-14.426,-12.143,-0.94774,-2.6109,-8.9395,3.8135,-5.9859,4.2501,-3.7962,11.55,6.5554,6.4029,-12.439,15.994,2.4848,6.2616,0.33734,-7.8985,-3.2656,-1.2408,8.6676,7.0341,-2.409,2.7176,-2.2794,-9.6937,-2.1028,0.70937,0.86839,2.8999,-0.25295,-0.14025,-2.6521,-0.60334,3.4461,2.9819,-2.9964,1.0151,1.4361,0.14265,1.6776,-3.0078,0.89641,-1.5555,1.6781,1.4948,-4.3561,0.026487,1.7294,2.5299,1.2259,-1.0421,0.19286,1.227,0.19116,-0.69381,1.0055,-1.3091,0.099987
-32.208,5.3118,-13.461,18.895,9.1611,20.911,-11.101,-18.24,-5.2195,-5.2767,-18.933,-17.037,2.6382,-4.5866,-9.7784,10.303,-7.8417,-5.3615,2.1132,-3.1251,3.2052,7.453,-6.5377,3.3779,-7.4791,0.73962,10.03,5.2084,-2.967,3.4369,-0.21494,3.8465,-4.3533,-5.903,-7.8803,-0.84922,16.524,-3.5867,-6.892,3.6755,11.626,5.8461,-9.7013,-1.7291,1.4129,-6.1508,3.3063,-0.62021,15.431,-0.87405,-3.3979,4.906,-0.7055,8.0745,1.5467,4.0466,-1.9445,-4.6051,-2.1812,5.4261,7.0938,7.9266,-0.11411,5.4767,-1.5515,1.3606,0.58184,1.8429,7.8406,5.7644,6.0331,0.73875,1.2875,-3.0191,7.0832,5.3682,0.37459,1.8776,3.1044,0.0033033
-85.476,30.694,-19.471,-3.5076,1.4043,16.338,-17.459,12.42,13.164,5.7686,-8.0116,9.2136,-7.0664,2.0686,1.1926,-9.8707,-10.285,-1.4377,-6.8111,1.0852,-0.61094,-9.6397,-1.0827,-3.5085,-2.074,-1.182,0.23714,-5.6349,10.168,6.9444,4.3735,-8.1444,0.67952,-4.6722,-7.3723,-4.0703,-2.8897,-13.688,1.3471,1.1107,-4.5196,-4.1415,-9.3292,8.8987,-6.6628,-0.41697,-2.5076,-0.73345,3.0817,-3.7782,8.2258,7.5391,-2.5756,-2.693,5.3024,-1.8455,1.7674,-0.44612,3.5137,2.1276,5.9378,-9.6622,-10.395,7.8827,8.9457,-2.1338,4.4975,-6.9095,-1.9165,-1.992,-1.0129,-6.3263,-4.6651,-5.9664,-1.9479,-6.0967,-1.2244,1.7943,-0.88486,-0.18529
14.441,-7.6333,8.673,8.8657,-5.0078,5.4953,8.9132,-7.2991,14.347,-3.6204,6.6328,4.7981,15.386,-11.675,6.9895,5.7047,8.5907,2.718,-1.4675,3.8467,-5.0935,2.4349,-17.187,-11.756,5.2023,-0.4958,-8.3083,0.11018,-8.5974,9.1458,1.1385,2.4588,-8.2833,-2.1369,1.5402,-6.4783,13.121,-8.6475,0.085247,6.7555,5.4004,2.4461,-3.0288,4.8244,-3.9924,-8.2812,12.407,14.589,-3.0847,-2.5959,2.6057,-4.6123,1.4908,-1.2954,0.49047,-3.4992,-0.79244,3.4175,1.1813,-1.3636,-3.2857,-4.4124,-3.6398,5.2081,-1.4848,-3.1254,-1.8129,6.5223,-3.7979,3.4306,-13.897,7.5249,5.9391,-1.3505,-5.5431,-2.0179,1.8686,4.8893,-1.6082,0.022386
-98.646,-46.657,4.0395,21.289,1.4988,25.441,-16.68,2.9044,3.6182,-5.9008,-21.963,9.2149,-9.5327,-2.2377,3.8484,3.5432,-10.292,-0.88478,-2.2003,-8.8111,1.9358,0.73311,-0.2231,3.5427,9.261,-7.9398,-4.498,4.7146,-3.4932,-2.7255,6.9813,2.6489,4.5253,2.3601,5.82,4.2785,-3.5467,2.1757,-4.1993,-6.9531,2.2293,-6.6875,-0.30955,4.6072,-1.8887,10.032,3.6782,-1.9924,-5.9913,-12.567,-2.7559,-3.6161,10.011,10.42,-2.0049,2.4387,1.0655,-0.77888,7.3423,-0.42119,-5.4409,0.32862,-0.99097,-6.398,-0.1843,-4.6889,1.9359,-0.95373,-4.8135,-3.7115,0.60205,7.0037,9.1653,3.439,-1.8473,6.2789,3.8168,-1.7772,2.4626,0.19833
-55.699,-6.6243,3.2478,24.506,-1.4956,21.864,4.6798,24.093,-8.9682,-0.92458,13.074,-12.681,1.9708,-1.5252,-2.7615,-8.9178,7.3579,-7.8021,-5.2511,-6.1579,-3.1595,0.29733,7.7386,-4.9773,-3.0789,0.011818,2.4913,2.1952,4.8543,6.9735,-0.35371,1.408,-2.6675,-0.034272,-2.6156,3.2864,-0.41004,0.091102,-0.37352,0.26249,-0.67724,-2.5374,5.0874,-3.4308,2.9208,-2.94,-11.727,-0.66631,1.9951,4.0964,9.2421,1.7711,4.9092,13.983,13.156,4.1003,-3.6056,2.8856,-7.2848,-4.3445,-13.556,3.0157,4.1999,9.0753,-8.3419,-2.574,-6.6145,3.3349,-1.0732,1.4496,-5.7738,-4.6402,-1.3915,6.9248,-1.714,-4.1332,-3.6175,-2.757,-2.1739,0.050788
22.92,-13.753,-22.281,7.9874,0.98051,1.8281,29.332,13.155,13.469,2.6951,9.9858,-13.013,-15.905,14.247,-0.33159,-7.3481,-1.9366,-3.8972,-6.1917,-0.12466,8.7543,-4.3542,-0.79695,-1.5169,-8.4838,6.1937,-8.0518,-4.1727,25.028,12.946,4.8484,-11.835,4.372,-6.8619,-8.6437,7.0695,13.134,6.5854,-3.0333,7.5498,8.4572,-5.7781,9.0992,5.5616,-2.292,-1.2113,7.3504,-3.0819,-2.6859,4.1395,-10.516,-0.91858,-3.0737,5.6857,-3.5541,-3.4711,1.8999,4.455,5.4924,5.3835,-2.6039,-4.011,2.6458,-6.0243,-3.5198,1.5455,4.4729,-1.4407,-3.0105,2.0749,0.69723,2.2469,-0.91109,0.9795,0.77445,3.1602,1.8384,-0.60347,-1.1672,-0.09882
-18.066,-16.282,13.382,-3.7756,8.358,-10.709,-3.9687,-0.49843,14.496,-4.1388,3.7075,11.284,0.74955,0.34753,-8.8012,1.323,-8.5852,5.406,-3.0257,2.2238,-4.4646,7.0358,4.7201,0.40176,-7.86,6.5204,-8.339,7.675,-6.2141,-6.7797,1.585,7.7681,-7.1833,-9.224,3.1923,6.0828,-1.7488,-4.159,-1.5704,4.3436,-4.8374,-0.25173,-3.0782,1.4135,-1.1545,-2.6747,9.1284,3.9809,-5.7269,-1.094,5.8348,-0.80299,-1.1327,4.177,-4.4149,-11.348,-2.5481,3.9488,7.7758,0.040869,-1.691,1.4103,8.8853,3.8346,-10.677,8.6721,-4.4877,-12.635,2.4766,-0.53393,-0.85205,-8.036,-1.624,-7.9264,2.0748,4.4816,-6.4895,-9.8147,1.4474,0.05029
-5.2495,88.066,5.1252,-0.5268,1.7762,51.41,-10.537,-15.929,8.1074,-5.4968,-11.971,7.9239,7.5271,12.153,13.124,-1.7831,-0.33826,-1.9505,6.8202,-9.7489,-8.6826,-1.0902,-6.5456,3.7682,-9.6818,-11.08,4.2249,-4.8313,-4.2208,-5.022,-2.4764,-6.8458,9.0885,7.7387,-6.3001,-3.8694,4.3996,5.7593,-4.4785,3.581,-12.882,6.6616,7.8771,-1.5924,0.22658,7.9368,1.4742,0.077629,-1.6355,3.9408,-5.4261,5.3001,-7.7336,-5.3862,1.2509,-11.409,-4.5795,3.8027,-5.0411,-0.78505,-1.6202,-2.7554,8.3335,-1.1214,-6.4439,-4.8888,0.56685,-1.8041,2.1183,0.9931,-2.5701,0.73001,2.7432,0.62318,-1.5439,2.0401,-0.8091,-0.041037,-1.0052,0.081363
-4.6389,-9.8635,20.663,11.606,13.599,-9.5448,2.6295,2.301,-8.0704,5.024,0.24766,-1.7409,-4.8668,-13.413,-6.9458,-0.96391,-3.3171,5.3522,3.568,4.866,1.5256,-13.966,-3.7726,2.1161,6.8915,7.1211,-3.5094,-2.5235,3.0822,-6.9374,4.0019,0.085523,4.3782,9.668,-2.6844,11.973,-1.7538,1.1356,-5.3797,12.589,-7.2194,2.1026,-2.1792,-7.3621,-10.383,-13.692,-5.2455,3.0651,-12.122,-8.8073,-4.8103,0.57951,-7.9934,6.7726,5.8977,-5.0343,12.501,1.7904,-11.509,-5.0084,9.8049,5.2953,1.3671,0.40686,2.2706,-7.3418,-0.22109,-5.437,0.8305,2.2027,-1.0633,2.7818,0.90522,1.4441,3.5558,0.85426,2.3814,0.54546,0.94012,-0.03859
-7.8209,24.564,16.348,3.9565,-3.8013,-0.25592,9.3983,3.5304,3.6955,-13.937,9.7714,-3.4821,-2.5313,-0.96393,-2.4926,9.5455,5.5558,-6.6853,2.0896,-10.297,3.0434,3.5343,6.0026,-12.786,6.1696,2.6899,-3.9731,5.9915,-3.7177,4.3101,5.0854,3.887,-5.0263,-0.75973,-2.108,4.651,0.87472,-7.012,1.6824,-1.8782,-4.2049,5.203,6.8502,-0.90833,3.3959,-5.9465,-7.5601,4.4884,6.7496,7.5278,3.7246,-2.1745,-9.3299,-2.1465,-0.54969,1.382,-0.72388,7.1789,-0.20171,-0.84408,-0.43705,0.64668,-3.7101,-0.34565,0.31062,-4.3053,4.5394,-3.2407,1.6655,-13.095,10.182,-0.53746,2.5701,-5.2072,-9.3454,7.3641,15.485,-3.5824,0.72051,0.20511
-30.718,40.493,-4.1869,-12.971,-21.64,5.8599,-8.2231,-1.7918,-6.7058,1.0804,-3.8404,-12.002,6.538,2.4106,15.159,18.577,-3.4473,19.471,16.149,-6.9876,-5.6805,10.976,0.35482,-18.868,4.3451,21.671,9.2351,13.694,20.867,9.0191,-8.1079,3.5221,-10.002,-1.9137,4.2724,-0.44953,-1.5677,14.523,-2.3714,-3.7786,1.6285,-2.0011,-2.0617,-1.8104,-2.8003,-2.3711,-3.7917,-6.4705,-8.9626,-6.6714,-0.86676,4.318,2.5434,-7.8976,0.43004,-0.70659,0.028272,0.63762,2.8355,-1.9429,3.3501,-0.36467,-0.33229,0.12155,-0.87376,-0.21121,-3.2424,0.43967,-0.30165,-1.0996,-1.4412,0.86836,0.23873,-1.0648,-0.49306,0.15568,-1.4428,-0.46047,-0.19471,0.027978
-21.449,0.29739,-26.356,-20.891,-14.022,-5.8875,4.8222,-0.44983,-12.129,26.174,7.4836,-18.758,3.0185,-6.0952,24.324,7.3153,-3.9095,17.245,-1.5021,-5.4378,14.583,1.1611,21.473,-3.8419,-15.022,-13.794,-18.547,-7.1753,-11.514,-6.3728,6.9751,2.6953,-2.6643,6.0722,-3.3214,-2.6018,2.7624,2.1124,-14.201,8.644,-4.202,-11.766,-2.3625,0.42633,2.5234,-3.0573,-1.0941,6.8753,4.4713,-1.5983,-1.0269,1.6837,1.5311,-5.2834,0.89137,2.9006,-1.9934,-0.86979,4.0702,-3.9019,-0.5399,4.1096,-0.3222,-2.1128,0.9511,-2.0171,0.65311,1.0489,-0.838,2.4957,1.3353,-2.243,0.13422,-1.0709,-0.42086,0.4493,-0.14566,0.37848,-0.87873,0.0018571
36.622,2.1461,5.4013,-1.2201,13.97,0.79238,16.019,12.597,6.7605,-2.4901,12.529,0.19863,-8.2018,5.9907,7.2061,-0.43687,2.8572,-1.7452,-1.2131,0.211,-1.826,2.8715,7.3484,-5.7936,10.646,-0.053519,-9.5209,0.2582,3.4423,7.0715,8.335,7.7426,3.4294,-1.8689,1.8928,-9.3613,-17.232,-2.8961,-2.0317,0.67142,-2.0423,1.2549,-1.9238,-1.8877,-1.6358,3.8055,-1.7286,-6.0302,9.4985,-4.8795,0.97632,0.11739,-1.9147,0.15435,2.1482,-5.6667,-4.3777,-7.2586,-3.7058,4.2592,12.66,0.099282,-0.034497,5.1062,-5.8434,-1.6384,14.017,9.5485,2.5525,1.1478,-5.9724,3.2976,5.9892,2.2977,1.2432,7.3723,-7.5085,-6.584,2.7055,-0.27106
-2.3123,-43.355,-3.0558,-30.326,-0.40221,-13.972,6.0966,11.609,-9.2188,-24.253,-7.4344,-7.1852,11.789,24.117,-0.70393,6.4994,-3.3418,-1.1137,-2.7456,0.35459,2.5894,15.277,-7.9253,5.1743,-13.431,-5.326,14.906,-0.16854,-7.7834,9.7361,15.124,-3.8396,6.7162,17.581,4.8914,-2.3056,-1.3105,9.1201,15.108,8.668,-1.9105,-1.3649,-5.3006,8.4702,-7.1494,-6.2732,-6.5683,2.2653,-1.4001,-2.4699,3.3806,-1.5213,-2.4266,-1.3043,-0.60358,0.84099,5.7201,-3.1591,4.9419,-3.4141,-4.2981,-1.2564,-0.51788,3.9198,-2.4271,0.95887,4.6955,-0.29186,3.1786,-1.1627,-2.4813,-1.1866,-1.478,1.4075,2.3777,3.3987,1.5522,0.093128,-0.97338,-0.022102
1.3525,37.13,-39.252,-27.647,18.157,-14.939,-11.999,4.329,11.95,1.984,2.0086,6.4688,-0.39462,-13.653,-4.0533,1.6897,-10.941,4.1109,-2.726,2.1485,-5.1958,1.4375,3.1185,-0.25519,6.7299,-13.869,-4.356,-7.335,-4.7059,9.5572,-4.0925,-7.395,-8.3796,-3.77,-4.3466,2.8772,-2.7119,9.262,12.069,4.6376,-3.3867,8.4259,9.8471,-16.603,0.094746,-4.9829,0.1022,-6.5447,7.398,-4.5938,0.035223,7.4994,10.107,2.7524,-1.5876,1.0826,2.9719,2.2342,1.837,-4.0859,-6.9854,-2.4916,1.691,3.332,3.1426,3.7175,1.0249,-1.9779,-0.328,0.68254,-1.4009,12.586,-2.4529,-3.7928,3.9312,0.48497,2.8952,-3.5377,2.1055,-0.11521
21.866,-18.529,-9.0082,-6.293,23.152,-3.5524,-11.535,14.208,-1.2203,-7.2645,11.364,-13.48,-2.4209,18.48,-7.5029,4.8916,-11.239,15.887,-4.4718,1.3588,9.9947,-0.09969,12.942,6.9546,18.72,6.9197,-7.1471,-2.8232,-6.0698,3.2478,-14.914,-8.034,9.3111,8.5311,4.0137,-10.584,17.304,-7.6895,-2.3534,-3.5978,-2.2641,14.913,-9.1068,-0.36453,4.3597,4.961,-2.5007,-0.99303,-9.6371,-0.50611,1.8247,5.4856,-2.223,4.6518,4.0125,0.90279,-8.5475,2.6077,3.01,-4.5043,2.5088,-3.2834,2.7528,0.79811,0.82867,3.4823,-1.409,1.1014,-3.2421,-2.9015,0.61624,-0.70697,2.2267,1.0582,0.7383,0.91665,0.84564,2.3841,-0.33806,0.04418
13.606,49.504,-32.049,-12.924,12.331,-18.052,3.6768,13.677,-2.0249,4.4851,-3.3494,-1.6759,1.5416,-5.0536,-14.169,3.2931,-8.3694,0.12824,-2.9484,-2.5354,-11.11,-6.5446,3.5085,7.6705,2.7986,-0.93016,-0.74305,-5.4769,-3.2028,2.6478,-1.3921,-1.2873,-5.7053,-1.4214,2.8115,-1.3982,-0.4071,3.8725,4.8001,2.6382,4.9965,1.7789,-4.8655,0.054691,-3.045,-3.2214,2.459,-5.9507,3.0518,-7.1781,-4.5429,-8.422,2.6866,-2.9533,-1.9434,-8.8694,-2.3727,0.18662,-2.0119,4.6568,-4.2739,4.225,-8.3179,-1.3479,-6.5994,-6.0245,-4.8342,-3.93,3.2081,0.027622,6.2691,-9.5529,6.0579,10.524,-14.136,3.1582,-4.6777,8.0203,-1.0775,-0.026443
34.024,-35.749,-5.3439,-7.5644,18.671,-2.4203,10.834,-2.3791,15.006,-16.035,9.7519,-0.27727,-7.2731,-23.213,7.1523,11.323,7.167,-0.46582,18.871,-0.17458,7.5191,-6.9533,-7.7123,4.6462,-10.455,-6.3097,4.2625,-11.093,-0.68606,12.871,-6.2876,4.2622,9.5991,-11.674,-7.9481,10.5,-11.084,6.4697,-9.302,-7.8287,-3.8245,6.4737,-9.0879,8.0409,-3.4094,5.7965,-0.81025,0.70436,-2.8526,-3.6788,3.7041,7.7878,-6.3597,0.80638,-8.3124,6.5115,-3.0503,2.627,4.4822,-7.2293,-2.4738,2.0411,1.4375,6.0669,-1.1794,-1.5967,-2.6141,1.4415,1.1078,-0.43602,2.7344,-1.5267,0.39219,3.3983,-2.182,-2.1077,-0.5249,2.5053,1.4255,-0.03604
33.655,-4.1738,-14.217,-2.092,29.31,-15.456,-17.77,0.36377,-21.754,-19.887,8.1153,-10.854,3.973,-1.5856,2.9524,-22.479,-5.1207,0.69896,1.7066,-2.1302,6.1502,5.1792,-8.4314,-11.647,-16.249,-12.124,-2.0159,4.9141,11.316,-1.9276,11.522,10.566,0.78972,-6.5096,1.4369,-1.384,1.8418,-8.7687,-1.6408,-12.184,2.7042,10.411,3.4726,-5.5802,-7.7113,6.7782,0.82104,4.9112,-5.3769,-7.3295,-4.5135,-2.6987,6.3857,-6.6533,11.609,-3.1665,-0.49178,0.70656,-6.3574,-3.264,-3.3955,-3.7468,-1.5941,-6.2827,2.1305,2.5964,-0.48785,0.076814,-0.16093,2.8915,3.4467,-2.8129,0.079198,-3.5872,-0.21611,1.2915,0.67176,-0.048229,2.1801,-0.026684
16.694,23.923,8.0415,0.79325,21.727,-9.579,-10.077,-2.6219,-10.36,-9.8555,-0.44404,-11.929,-5.4004,2.6489,-9.7909,5.1992,-4.112,14.6,-2.8006,11.275,-0.46701,-8.7619,3.5938,2.117,-7.1526,-5.7193,10.476,6.3766,-1.8981,-4.7742,-6.3653,1.5702,-0.31968,1.2816,-12.9,3.8302,-1.698,2.4733,1.4416,-3.9463,6.6441,-6.3351,4.1339,-0.35885,14.397,5.1567,3.2959,4.978,-1.3504,3.3898,5.641,-2.5284,-8.355,-2.3171,3.9187,-6.3725,11.757,-8.2099,6.4131,4.995,-0.54355,-1.6949,-5.6752,6.6036,-3.9002,-8.4149,-4.1612,5.1548,-14.017,-2.0836,1.3085,5.4451,1.2502,-2.0373,-0.55902,0.60257,-2.942,-4.7451,1.4066,-0.077141
35.359,-32.983,-42.963,25.233,21.006,-10.344,1.1386,-5.392,-17.389,-8.4791,-9.2316,29.079,7.2193,-7.5677,10.271,-3.8386,5.7137,5.8365,-0.88026,-9.4884,-9.6537,-0.23474,11.465,2.5436,-2.849,6.4789,1.3438,4.2818,2.9589,3.4077,-2.547,-2.4508,0.10023,7.581,-3.1486,2.7169,1.154,-2.6615,-1.9358,0.87047,-1.5972,-2.3187,-0.06954,4.9771,0.75886,-2.1898,-0.2389,-3.6054,1.6588,4.3678,-0.21614,-1.0787,1.3477,0.4017,0.42139,-1.4659,-0.74052,0.54883,0.16073,1.2635,1.4611,-0.18735,0.13186,0.54539,0.49497,-0.22944,0.61404,1.7774,0.64587,-0.10305,-0.49038,0.88188,-0.8096,-1.9706,0.001086,-1.3814,0.6585,-0.13771,0.33305,8.2559
28.202,-37.518,-42.117,24.608,18.665,-9.372,-4.003,-3.5993,-17.679,-9.757,-8.7216,30.436,9.6365,-6.5888,9.7897,-2.8905,6.9296,6.3094,0.10474,-10.002,-10.063,-0.40542,11.639,2.3465,-2.7863,6.547,1.306,4.8244,2.2327,3.5256,-3.1752,-2.3581,-0.23928,7.4946,-2.7775,3.6598,1.6387,-3.2043,-2.548,0.91792,-1.5825,-2.6583,0.041531,4.8556,1.5403,-1.7324,-0.040317,-2.8788,1.4639,4.9331,-0.83453,-1.3063,0.85315,0.50298,-0.069655,-1.3178,-0.57738,1.0648,-0.3777,1.016,0.81141,0.16566,0.35043,-0.37592,0.37312,0.11297,0.30804,1.8107,0.9959,-0.21748,-0.12445,0.80932,-0.43263,-1.4172,-0.20933,-1.0484,1.4885,-0.20355,0.1626,-8.1587
12.287,-38.657,-7.6568,-19.942,2.8447,4.4629,2.7287,26.159,20.42,-19.88,-2.0934,-13.846,-5.0394,5.9383,0.20139,12.543,-0.67265,-8.3943,6.4358,-0.30227,-1.7085,0.16602,1.7988,7.764,-1.1289,-8.7553,-1.667,15.367,-8.1609,5.0899,-1.5612,2.2344,3.153,4.8941,3.2531,3.542,3.1889,-5.5187,-7.348,-3.4493,0.8273,-7.0691,14.103,-0.44168,10.075,-2.9287,2.7466,-2.2126,-0.63911,-5.1505,1.753,6.3084,8.3615,-3.2548,-4.2561,-1.5729,5.1622,4.1451,-8.9951,8.8129,10.409,-1.3886,-0.047722,-5.0934,3.6647,-3.3312,-6.8673,-0.99103,8.2379,-1.7314,-5.906,-2.1373,-3.7541,-2.0891,-3.3355,-8.2727,-1.5276,0.27733,1.4879,0.085662
-4.7934,49.421,-19.646,-24.973,6.9671,-12.308,-2.3349,23.354,5.5362,4.439,10.345,4.1843,3.6778,-4.8543,1.3347,7.4421,2.2146,-4.1937,5.6915,-4.2529,-4.6385,-5.6828,-10.352,3.68,8.1542,3.607,4.1958,3.2982,4.4384,-3.4942,-5.6204,13.551,7.7317,8.4002,9.2725,0.21372,-3.6369,3.0094,-3.8973,0.34694,-1.3403,-14.07,-4.2084,6.1462,7.648,2.6983,7.7585,12.979,2.0029,2.1594,-8.2075,1.0876,-3.4272,5.1033,8.9433,2.4924,-2.9132,-3.2869,-6.9599,5.6217,-7.1564,-6.5428,3.0531,6.5254,6.8357,11.089,2.0815,-4.4553,1.4015,4.2462,5.5151,3.9367,-1.2976,2.6071,-0.13321,3.6241,3.1357,-1.0726,-0.42462,0.14955
52.51,-11.791,7.3995,-45.925,2.5406,49.84,23.754,9.7055,-20.682,3.069,18.022,21.755,-10.853,-9.3338,8.9389,-1.1372,-10.876,-0.1696,9.4826,6.9796,9.5677,-1.1377,3.7544,7.2883,16.558,-9.4127,18.448,14.744,2.9007,-8.5243,15.097,-9.8161,-8.6995,-9.2894,-2.4348,-2.6155,5.6422,-1.9028,-0.26713,1.3544,1.039,-2.2359,-8.7449,-1.9024,1.8486,-1.501,-0.80584,-0.41827,-1.2696,2.2073,-0.92958,-3.7881,3.3614,-0.57024,-0.54051,-0.13719,1.4515,1.1548,0.29037,-0.75737,-1.5836,1.1829,2.3953,1.4728,-0.33705,0.64908,-0.54406,-1.0366,-1.6613,0.2578,0.57148,-1.8034,-0.027941,-0.50484,0.17234,-0.62564,1.0144,0.55285,-0.26383,-0.064036
16.443,25.54,-46.736,-26.897,8.0246,35.271,5.9465,-32.962,17.828,-24.058,-11.528,-17.016,34.77,-3.7253,-13.597,-6.1655,21.396,-0.8173,-19.595,8.8419,19.013,-8.1441,10.739,-2.7061,6.9892,9.5755,-2.6935,3.6391,2.2205,-9.4962,2.4963,-2.2334,-0.83916,-3.783,5.8573,5.4565,-11.906,-0.45953,0.97704,3.1005,0.31565,-2.6933,-1.6058,2.2172,0.40847,0.80802,-1.4721,0.58312,-3.6794,-0.44488,-0.85071,0.67004,1.7348,2.1044,-1.1714,2.0152,1.0224,-0.27604,-0.10091,-1.3904,-0.39463,-0.79436,-0.79096,-2.1925,0.64622,0.64341,0.24491,0.85349,0.45484,0.050496,0.13026,-0.2405,-0.16275,0.58322,0.14905,-0.49403,-0.32004,0.090901,0.55466,0.011456
13.528,53.567,3.1571,-1.4234,12.865,-2.6035,3.3313,-2.6014,-3.2856,-21.039,-0.18293,1.2428,-8.5666,10.467,9.5379,-0.78313,-0.33914,5.6979,7.4804,1.4594,-9.1924,-7.9844,1.9702,-6.9195,3.5342,0.033529,-8.5732,-2.1735,-10.597,-2.0108,8.2942,-0.89345,-7.9786,-1.8551,3.8213,-1.6443,-2.41,7.6368,8.0017,-3.699,1.3841,1.4727,8.481,6.2333,-6.8689,4.2626,5.1566,2.1482,1.0553,-5.8591,-3.875,-6.3335,-6.2668,8.7378,6.2139,10.223,-6.9022,4.4198,5.9595,10.199,5.5765,12.662,1.2084,2.0838,2.0994,-1.8744,-1.6783,-1.569,-3.2762,-0.99939,0.08908,-3.5634,-2.6993,-0.30429,9.0715,-9.7384,2.1295,1.8078,-6.2939,-0.091939
-27.452,-23.272,-0.70018,-3.8197,4.4044,7.4611,13.234,-11.45,4.9462,-2.029,22.409,0.35561,2.8392,2.4447,-8.9893,-8.9268,-20.785,11.042,-12.531,-14.9,2.4023,1.0902,-21.94,-18.893,0.72684,8.279,-3.0034,-1.3087,-8.0297,-2.8666,-1.5127,-7.0539,5.0452,9.4702,-11.977,9.9678,-2.5001,2.3291,-0.062244,-12.155,-9.8533,-4.1291,-8.674,-5.6651,7.0075,2.3788,-5.7672,1.064,4.7651,3.5731,-7.2728,-8.3022,5.3324,-1.9542,-7.6061,-1.6742,0.48702,2.0888,-1.7991,4.799,1.5533,5.104,-4.8146,1.1664,-0.83483,5.6939,-0.10356,2.065,2.8304,-0.34723,-1.2567,1.2188,0.28727,0.55334,0.56936,-4.9483,-2.4248,0.24208,-1.895,0.021423
-9.4662,58.394,-3.8433,16.094,3.566,0.043527,21.863,-4.8736,6.7268,-1.1939,2.8542,7.315,-11.076,16.683,8.7211,-8.1789,1.0348,-8.4868,-0.36734,1.7643,1.4496,-1.9591,-0.43939,5.6212,-5.8191,-3.0452,-2.295,1.6543,4.7544,-6.3164,-7.8435,0.31648,2.4618,1.0307,5.1512,1.3321,0.81924,1.8451,-1.4684,1.0717,1.7701,7.1932,-1.1975,6.9329,1.4262,-2.0938,-3.3728,-0.15365,3.8809,-2.9621,-1.3925,-4.6788,6.2291,0.76875,-0.56184,3.3791,11.427,-0.15404,1.6945,-9.2561,3.0644,10.016,2.3238,4.033,13.255,7.8637,-9.6023,6.931,-0.57863,-5.3934,-4.3711,0.047536,-0.12138,-6.6641,-7.6732,10.396,-5.9734,0.047661,-4.1231,-0.12787
30.615,-24.616,-10.664,26.896,-11.256,-11.959,-10.788,6.6988,-14.505,-7.2167,-7.8227,-0.71749,-10.987,8.3665,7.0012,4.2715,-1.0276,-12.106,-12.38,-14.352,16.192,0.10121,-9.1246,-0.596,6.9972,11.399,14.221,-11.634,-6.4083,-6.2804,-0.11278,-1.9359,-5.8098,-11.669,-1.3871,-4.7196,-9.0172,3.7731,-8.6588,16.021,-8.1968,-0.9515,5.3263,-7.2646,3.4934,3.6999,4.2697,3.1695,2.8559,-10.223,3.5246,4.5653,0.28961,-4.2641,0.62233,-4.9261,0.26583,1.4399,-0.96232,4.8122,-1.1253,-0.87353,-0.38101,0.56219,-1.0505,8.5818,-4.3694,4.9063,-6.5706,-5.7372,-2.2485,-4.7174,-1.2328,1.703,1.7276,0.050517,4.7204,4.6507,0.92273,-0.00015233
40.62,18.273,5.0411,7.3319,-20.491,-12.067,7.9318,23.142,-8.8936,-5.5771,-18.767,-2.7972,2.7604,6.5014,-2.6238,-5.8026,-8.3858,-1.4131,-3.0534,-1.5912,-1.0102,-6.9355,3.7947,7.3561,-2.5572,5.3656,-2.7313,-0.11037,-3.3562,-3.4997,1.0844,3.2246,4.7211,-13.721,-1.3023,-1.1961,-2.6273,1.926,-2.7317,-4.9964,2.5527,-1.8875,-6.7245,-4.8296,3.1106,1.9863,-0.34019,-2.6125,-3.7701,7.8624,-9.1551,4.4447,-0.57588,-2.7568,-3.8213,1.9109,-4.8785,-5.9013,-1.553,-5.8738,-6.0496,1.2419,-11.795,3.2337,2.0991,-6.0884,-3.5532,-5.9372,8.1477,1.346,-13.391,0.57479,6.2994,-4.231,5.5235,1.2911,7.6688,-6.0139,-7.3686,0.025641
19.94,24.03,-17.015,28.291,-9.8441,-1.7119,14.827,-1.7114,-7.0666,22.312,0.090705,2.776,8.7312,12.89,-11.03,5.3581,-6.5549,-8.4002,6.2762,7.3976,0.96866,-2.5145,-2.5956,-1.2834,-5.1722,-4.606,-2.6674,-1.823,-2.618,1.1795,4.3895,-2.8537,-1.5437,-4.4596,6.1237,-0.25095,-1.6125,-0.97418,0.60637,-2.1827,-3.8962,-4.4128,-8.5501,-1.9378,-6.5544,-1.916,1.0252,4.0604,-7.7001,0.062709,-2.9319,-0.12129,2.9464,3.4763,2.3949,-5.7424,-4.6905,-2.0606,4.518,2.7332,-0.2256,-6.65,4.0705,1.3009,1.6419,-6.3799,-7.6857,12.782,10.645,-14.171,8.2524,6.5934,-5.2242,1.2873,2.6106,-6.4163,-0.65107,-4.7362,4.9958,-0.081076
20.359,-31.322,-6.4636,3.4166,-12.331,0.64197,-11.189,4.5965,18.584,-10.916,-16.052,2.2286,-16.773,-9.0445,-12.106,10.115,-10.753,8.698,4.6817,10.651,7.3942,0.47967,-3.9567,1.7946,-4.2794,2.1852,-9.7456,-3.6052,4.3767,-7.473,-3.7473,-3.1477,-6.1306,-3.4697,-0.29093,-16.63,-0.72412,11.242,0.2152,0.77758,-4.132,-5.0845,-0.52565,7.8026,-5.5128,4.9258,-9.983,-2.1731,-1.3589,8.7267,6.2485,-7.8815,-1.1488,2.3493,6.7949,-3.424,0.60249,-4.7543,-10.027,1.2467,-5.4721,6.9196,2.9893,-3.7287,-2.3135,3.8318,3.5364,4.1288,3.6359,3.2696,0.7054,3.8634,-0.20413,-10.539,-7.3815,-4.8086,2.6753,2.6409,2.2609,-0.035583
41.502,-13.393,0.55251,8.8309,11.072,2.4024,-33.323,8.1121,-1.1102,-7.814,-2.9534,-7.389,-8.751,-1.1169,12.784,-13.206,8.0472,3.0043,2.6024,14.413,-2.0779,-8.1881,-17.594,-13.151,-4.8076,-3.9489,-6.996,12.683,6.5041,-9.8694,-5.0639,-4.3173,0.019754,5.2988,2.8717,-7.9282,4.2092,-2.5248,4.4819,9.8904,0.1484,-8.9619,-2.5061,-4.9408,-3.5136,-2.2327,-2.427,-1.3554,7.4911,1.8718,0.50214,3.6625,0.70128,3.6841,-15.007,3.9206,-9.0828,-7.8771,0.11082,-5.8506,3.2745,1.7303,0.52063,0.78514,-1.4536,-0.30133,-3.5344,-6.0329,-2.9927,-7.2612,1.3486,1.2308,-3.6561,8.8856,-3.8328,1.0785,0.43296,-3.2132,0.25127,0.050063
55.11,-8.5347,13.547,-50.538,-20.156,48.329,-8.0285,9.5072,-33.649,12.73,-12.702,14.717,-16.857,-5.0553,-12.906,-4.9254,-3.6413,-5.9592,-9.3108,1.2673,4.0461,4.2447,-2.251,-7.0752,-10.638,7.9826,-13.211,-9.3383,-3.4411,6.0274,-18.778,13.242,0.66626,6.784,5.0688,10.769,-1.4078,-3.0332,3.3144,0.38686,6.2217,4.3594,7.4551,6.4882,-2.5864,-1.9676,-2.2363,1.2274,0.79956,-4.5667,1.2308,1.9019,-1.891,0.67181,-0.29172,-0.88711,-0.74836,-1.1845,2.1394,2.4159,0.53496,-0.95653,-3.2111,-0.37006,-0.84167,0.92288,-0.78743,2.6806,0.34233,-0.75102,0.073672,0.99155,-1.44,-0.10205,1.149,0.53705,0.27887,-0.24799,-0.07178,0.0031652
46.625,4.1872,8.7815,2.4754,-20.871,-2.5696,-11.544,26.317,-5.5952,-3.7893,-7.7643,-9.8876,5.5599,-4.8838,-8.4171,-1.6647,1.146,-3.4421,-7.402,3.1287,-11.287,4.5505,-3.172,-6.7568,-4.9036,1.5167,-3.4145,4.6143,-1.6877,-6.9648,-0.82956,-6.1279,-0.54058,-0.37395,-3.6829,-2.3584,-1.8598,-0.83898,-7.1601,0.31551,-8.9952,-0.76826,-0.41392,-2.2405,-2.2649,-1.946,3.3676,-7.5925,-4.2038,3.7898,4.3818,-6.4872,1.6317,-2.2212,-5.9105,11.081,3.23,11.678,2.029,6.4115,-4.8763,-5.2938,9.5529,8.1186,12.219,-7.2295,4.8099,2.3374,-1.8747,3.4829,5.5246,-2.8799,9.5012,-1.9334,4.5167,4.9985,-6.5745,3.8162,2.4484,-0.0080139
9.5368,-33.03,-0.25986,10.875,0.56564,9.1521,13.767,4.9532,10.66,5.9755,-4.7579,-1.3151,9.9093,-7.4816,5.4468,4.4612,0.0078082,-11.114,-1.0898,-5.5095,2.6059,8.5416,2.125,6.1497,8.7827,1.7909,-3.3357,-8.9686,10.347,-10.456,2.4865,3.7782,-1.4034,10.177,-9.3124,3.9957,8.799,0.091411,5.9055,-3.8643,-2.3268,1.1787,12.667,-12.446,-4.2813,4.7947,3.8336,-0.42396,-6.132,-5.4008,-2.097,-6.8019,-4.7233,-5.1994,0.81636,11.069,-2.2223,-18.445,6.9576,-0.43047,2.721,-3.3407,1.1162,11.512,-2.8256,1.4898,-2.0694,-2.8903,4.5253,-0.37766,1.0505,-3.4016,-0.70766,-4.6948,-6.3189,-2.5986,-1.5069,1.6807,0.7297,-0.15606
-54.562,20.447,-22.921,-7.1598,-21.897,-13.288,-4.5718,4.4008,-7.8837,-4.4379,7.6151,10.553,-20.425,-0.77944,-15.437,-10.345,29.025,7.7336,10.529,16.397,6.2342,19.485,-7.4964,5.409,2.6444,11.214,-2.2987,-4.7181,-6.0076,-3.1773,12.288,-6.5325,-4.4614,8.6978,-3.1843,-8.6706,-5.4302,-8.1353,-10.566,-7.003,2.107,3.6084,6.6242,0.70323,1.6797,1.3256,-0.91095,-1.0099,-0.5661,2.8429,-12.74,9.2151,2.4342,-0.9297,-1.6792,-2.197,3.9029,0.17796,5.2636,-0.50943,-1.231,2.196,-0.17679,5.8395,-4.4125,-1.6478,-3.0925,-1.0683,1.2954,1.6366,0.97826,1.8263,-0.11269,1.1181,-0.93184,-0.5735,0.029832,2.2059,1.2323,0.060463
-29.739,-5.3873,25.381,-2.1323,8.6513,-9.4495,9.5712,2.9294,-9.2217,-1.5389,11.251,3.901,12.603,-1.8118,9.3861,4.6199,4.3357,-11.46,-13.805,7.3008,-0.75888,4.8222,5.507,-5.67,-2.7,-5.8382,3.7411,7.1642,-6.9872,-3.6422,-4.7546,3.4305,-11.785,-1.3663,-5.8405,-3.0238,4.6595,0.89002,-4.7,-5.8622,-3.7385,0.62433,0.87069,-1.4625,-7.0339,1.5269,-1.6429,-8.8036,-7.6453,0.48,-2.3483,11.067,-15.893,8.5556,-3.3705,-4.5496,-0.38707,-4.4117,0.69208,7.74,-9.0256,4.5498,-7.8302,-8.117,8.9216,5.5779,4.3662,-0.78842,2.5453,-2.1353,-3.4405,5.2026,-4.7091,2.4667,-2.8282,1.9728,-6.4967,4.9131,1.2147,0.04782
10.565,22.47,5.3276,23.046,19.386,-0.38215,-11.205,-11.703,0.20454,1.8413,14.243,7.7766,-8.5439,19.178,12.275,-1.7065,-4.282,2.338,-3.5006,1.3782,6.7799,18.933,2.5284,1.6196,1.2034,-0.41135,2.5562,-4.6026,3.1562,-9.3762,-14.885,4.4465,-1.2779,-7.7112,0.061369,-1.3664,-7.484,-3.3832,6.3731,6.0451,-0.9487,4.4462,-7.5049,2.6742,5.378,-7.2144,-0.9557,6.519,-2.7759,-3.7239,-4.0623,3.0299,2.3392,2.1641,-4.305,14.638,9.1571,0.33035,-1.3901,8.1806,-4.967,-4.2422,1.4428,-6.0217,-5.5442,-10.089,5.7549,-2.5351,5.8677,7.1648,0.23935,-0.1293,-1.1435,0.3074,-6.3412,-5.722,0.54299,-3.312,-0.51932,0.00048807
34.093,-18.686,-3.1987,3.3314,20.141,24.866,-15.881,11.425,5.829,12.157,5.5479,-13.945,1.0959,-2.3934,-1.758,2.9455,12.57,-7.0153,7.6453,-1.2756,-24.432,7.8085,5.2572,8.2211,-1.5964,10.369,0.47075,-14.093,-0.5076,-5.9771,3.7224,-9.7409,-5.5177,-0.3609,-4.9534,-7.7934,-0.18446,1.602,4.766,-13.009,-0.63086,-10.11,-4.1392,-2.4023,-0.89044,-0.63303,-4.5569,9.1536,6.6245,-8.8414,1.1827,-3.173,-8.3759,3.417,-2.2133,1.2614,5.1873,7.3261,0.64761,-5.9113,1.9322,-5.5218,-6.2955,-11.545,-0.57509,5.2154,-6.1486,2.6748,0.82708,1.9418,-1.4189,-0.45811,0.42622,-2.1799,3.5805,4.2828,-0.21392,-3.5189,0.089971,0.085513
-1.9752,-7.5814,14.479,-18.511,7.6619,1.0712,12.644,1.6816,1.5012,-2.8873,-5.4962,2.2335,7.0086,10.391,5.0969,6.5117,-7.5071,9.4237,0.52827,13.444,-13.07,6.7014,-8.5759,-2.4334,8.6539,15.26,5.0994,-6.5939,-2.2464,5.3859,0.25407,-2.6575,10.439,-3.0022,-9.8618,4.5956,-6.7805,-11.972,-4.591,5.5969,2.7504,-3.8875,7.064,-5.441,-2.2526,0.40078,11.293,2.6346,6.3875,3.5543,7.0945,3.1257,4.6901,1.286,6.3471,-1.2912,-2.8529,-8.8596,1.6372,-10.289,-7.1453,8.3503,4.3418,-12.989,7.8971,-5.3446,2.3188,1.9547,1.7581,-0.2456,6.2141,-3.4853,0.32703,-0.85514,-1.4338,-1.8156,-2.7233,-0.44466,-3.2292,0.056352
