SCG3	0.5062066939580513
SMC4	0.451664287844761
TCERG1L	0.43716681110386796
LHFP	0.4262026719800726
FMN2	0.4170920161490816
LTBP1	0.4153618703012511
BSPRY	0.4071250004604238
GALNT9	0.4030904061488712
CADPS2	0.4011183395635139
ANXA3	0.3995688178500553
ESRP1	0.3951107287549433
HNRNPD	0.38726695670220146
KNL1	0.3871833141953499
FRMD5	0.38199269873039804
CDK1	0.38188838322669716
SRRM4	0.3817418087027137
TOX	0.3810226641772106
LRP11	0.3804590609378272
NCL	0.3773257114028691
ALDH1A7	0.3767350847392692
EPCAM	0.3745755468296029
SMC2	0.3729279671218784
TOP2A	0.3719394458859875
VWF	0.3714823700562174
GALNT14	0.3714060155095356
KSR2	0.36895707806081035
GNAO1	0.3661764239914254
WNK2	0.3652645095936506
ESCO2	0.3614635533492808
NEBL	0.36050531691088245
NFKBIA	0.35928617922645273
SNRPF	0.3582131795148432
PEX5L	0.3562583444929195
HMCN1	0.3556598908335727
MIS18BP1	0.35300745336023986
DNAJC6	0.3505932331424443
DNER	0.3489345952656775
ARFGEF3	0.3488779026750037
DDX39	0.34754913356270656
ST14	0.3470049457954812
GXYLT2	0.3462112166327688
DEK	0.345963438072933
SCG5	0.3449870331075391
CNPY1	0.3445377335306597
PRMT1	0.3415966451950743
SYNCRIP	0.34141138475652827
DUT	0.3413175093977987
RPTOROS	0.3412179394914221
NIPAL2	0.3401713450613067
EZH2	0.34007381920973
MYOF	0.3393298136358245
DIAPH3	0.3393147576496342
MDH1	0.3356802718835443
SHTN1	0.33497029349012386
KLHL41	0.3337790613259213
CDCA2	0.3329228158507601
CTNNA2	0.3329114656191521
TXNRD1	0.33289431039948925
PREP	0.33274366094225727
CABP1	0.33267205453150245
ME1	0.3320993965633886
PRC1	0.3315359296954068
NEXMIF	0.33141394971223587
GPC3	0.33117811040051215
ESD	0.33056506261184593
KIF11	0.33053932053962914
KIF20B	0.33041830825048096
CCT3	0.3283192781300315
NUSAP1	0.32762473956187105
NCAPD3	0.3275674462564437
PHYHIPL	0.32720646119776436
FOXP2	0.3270812958830549
TPX2	0.3270147980069088
CCT8	0.3266945487995248
NFIX	0.32669212867251307
TRAPPC6A	0.3266750877307116
EFTUD2	0.32596376771696217
NAP1L1	0.3241806078305475
MCC	0.3235148611392546
TMEM163	0.3232750941948545
KIF15	0.32321738751149853
SMPDL3B	0.32297452296268764
WDR43	0.32277981284855656
RAB3B	0.3225990530940714
PSMD1	0.32255820948811825
RIC3	0.32223985547835804
UNC13A	0.32195834008128993
ANLN	0.3212633869338159
AUNIP	0.32045999972636874
CENPH	0.32037748191367527
NPNT	0.3198295520319718
RAD18	0.3192467894473702
RNF150	0.3192429756232688
SRSF2	0.31888691480834636
G2E3	0.31877849334894426
HELLS	0.31842440697613517
TGFB2	0.318261966119916
AVEN	0.31822709780101677
ARID5B	0.31799258368102573
NEIL3	0.3175699609883735
ANXA2	0.31725646393506596
RSPO2	0.3172050394240473
TK1	0.3166882420086916
SOBP	0.31647198755351147
GSR	0.31579930019222885
PRKCZ	0.3155305766049486
MCTP2	0.31540724759523747
HSP90AB1	0.31520653618983085
NAA15	0.31490354591713926
ABCE1	0.3147390877384231
SLC7A1	0.31372291910899347
ARL6IP1	0.3136743244934845
ZBTB20	0.3133301754649492
CENPF	0.3124740623641177
DPYSL5	0.31179718518403327
DDX46	0.3116675725194994
CDCP1	0.31114399721842867
TOMM40	0.31084452757069375
NUCKS1	0.31077878223365873
NOL4	0.31049423695818673
CS	0.30991718929992307
PROX1OS	0.3098239451494014
TTLL7	0.30948110885727337
VRK1	0.30930840764499246
TMPO	0.3085367381571728
PGBD5	0.30829816331976195
CENPK	0.3082695676679017
PUS7	0.30815215714181066
KIF4	0.30754158025742895
CKS2	0.3074587415923057
RBM28	0.3065964937507627
EEPD1	0.30651790969965176
TOMM70A	0.3065021887905225
SNU13	0.306388155966263
IDH2	0.3062071727740765
UBE2Q2	0.3061515487737582
MYO1B	0.3049984884980001
PTPRZ1	0.3049708137239134
CLSPN	0.3048090604730971
TCERG1	0.30480049005309406
NOMO1	0.3045391139325446
PLAUR	0.30444435499548533
PGD	0.3041465896023204
LAMC1	0.3038664913940413
NOP56	0.303760866074919
HEATR1	0.30268055434779617
CCN3	0.30241312195375003
FBN2	0.3022981352948719
PGLS	0.3022912198415481
SMC1A	0.3022824148501912
BAZ1A	0.302071570125121
EIF5	0.30168384864067666
GTF2F2	0.30154694725756753
BRIP1	0.30137942582302796
SPECC1	0.30100665076546756
TNFAIP3	0.30044834617985816
S100A6	0.3002296110737913
ZBTB11	0.3001416386051494
EXOSC8	0.30013376015692184
PLPPR1	0.30003160311608695
NFKB1	0.3000090773048328
IPO5	0.29932326939335946
HSPH1	0.29907577185181705
ETFB	0.2989054921896568
ABCB1B	0.2984555511495584
ELOVL6	0.29843430836718965
BCAT1	0.29827816621878994
DHX15	0.29804634997097135
CHST11	0.2976891673475307
WTIP	0.2975596148369729
SORBS2	0.2975073902800642
GRIN1	0.29741877344605844
MINDY3	0.29724300070843024
RRM1	0.2970495910224083
SHANK1	0.2970142738719965
PPM1G	0.2969767885889655
STMN1	0.2965313205500368
FSTL1	0.29644686928614317
MAOA	0.29617084386191034
CIT	0.29600938010998845
ABCC4	0.29600648660501777
PIR	0.29586146676752256
HMMR	0.2952428806957144
PAKAP-1	0.2951479918929668
PKIB	0.2948435131765886
KIF18A	0.2947079249325796
CYFIP2	0.2946635865328885
HRAS	0.2946508593862739
HNRNPF	0.2943228508051929
THAP3	0.2938289595516261
MKI67	0.2938113813661268
NOP58	0.2937078999378897
SET	0.29353674568254995
PAKAP	0.29329688371774215
CDCA7L	0.2932476859207931
IL33	0.2930675324066638
EIF4E	0.29277799149816414
SYP	0.29262061084830954
CEP55	0.29260858884522745
MCRIP2	0.2926005735807428
HNRNPA3	0.2925416717268002
HOOK1	0.29244550521282525
TSHZ1	0.2923806906253691
PRDX4	0.2922710465036656
UTP18	0.29224431032075826
AURKB	0.2921940032343287
KIF23	0.2921272469797107
BLM	0.2919192329020148
DDX10	0.29136888257381066
OSBPL1A	0.2913534561619528
NCAPG2	0.2910298121545009
GNAI1	0.29101173063837155
CTCF	0.29075605234031937
FBXO5	0.2904138365877777
SNRPD1	0.29035740115131503
CDH20	0.2901777197243118
EIF2S1	0.2898286923737842
RIMS2	0.28952544176366607
LPAR1	0.28940547565153385
COL18A1	0.2882522505177517
HSPA5	0.2880741062460404
ACTN1	0.2879441483324837
IRX5	0.2876336249445714
FAM162A	0.28757536380034765
LSM4	0.2875712732080562
TBRG4	0.2874118715070093
SNX7	0.28729765987879996
NCAPD2	0.28725796809517173
SPIRE2	0.2871713678005291
ERH	0.28708257652546654
MT1	0.28699152003455114
RPL18	0.28696084237904346
SMOC2	0.28695364829271464
INCENP	0.2868674882048586
AU020206	0.2868017572477975
SOGA3	0.2864253384551158
PSMA2	0.28627596305819897
NCAPH	0.2861211317182867
EPRS	0.2861008819215011
BIRC5	0.2859504526873443
PCOLCE2	0.2859185502367201
BRCA1	0.28497979392457146
RAB27B	0.2849281320865204
KLF13	0.28419222198642197
CNBP	0.2841293530535229
YBX1	0.2840129134881977
SYBU	0.2838830974045198
NSUN2	0.2837478326899244
FOS	0.2832349237674571
ST3GAL6	0.2831409948287249
ADD3	0.28313413431039736
CINP	0.2829882666372779
KIF22	0.28291715508759124
COBLL1	0.28264890031863016
NFKBIZ	0.2822688536053482
WDR36	0.28222070984504294
RRP1B	0.28198636356577583
PBDC1	0.2818789356577493
SPATA5	0.28184296264950714
CENPE	0.2817260693310788
KRT8	0.2815912460897486
G3BP1	0.28140774974011434
NEDD4L	0.2813603245374378
PTGS2	0.28111209474910037
RCC1L	0.28104878114989207
CCT5	0.2810451947059082
MRPL20	0.2808970822528593
RSL1D1	0.2807345110893707
NAA25	0.2805359551853169
LARP1B	0.28053157659703504
SGO1	0.28043459487132155
NCAPG	0.28031143884214205
MTHFD2	0.2802533914354731
TPM1	0.28025323066297464
GALK1	0.2800667281827713
EXO1	0.27994103447658925
SEPT11	0.2799241098643384
PINX1	0.2797684990366429
DTL	0.2795591444664572
COX10	0.2792591888136964
VCL	0.2791339671186304
ANTXR1	0.27909050242020395
SEMA3D	0.2790271629818178
LTBP4	0.2787030589204861
BICC1	0.2784987508798517
SNAP91	0.2781975289979847
DKC1	0.2781391171926621
RACGAP1	0.2779651001272587
HMGA2	0.2778869168550137
RAB11FIP4	0.2777175655147566
CENPN	0.27755787285256184
CD44	0.27746597494481434
SNAP25	0.2774108272840716
COX7B	0.27731603392032267
ANP32B	0.2772682941175232
MELK	0.2772366613783953
ASF1A	0.27698986360393246
CUEDC2	0.2769605084973219
TIMM9	0.27661941906632975
ORC2	0.2766099305241598
PFKP	0.2766079306790245
KPNA2	0.27660482938222564
LMO7	0.27660149191116007
SMCHD1	0.2765964275249283
PLS3	0.2765509885178871
SLC7A14	0.27612657201237817
GMNN	0.2759099692146337
KIF14	0.2756550431266592
PDLIM5	0.27556113083418365
MPPED2	0.27533969385807416
TTK	0.27529399463598075
TACC3	0.2752719785203243
SHCBP1	0.2750823652180992
ALDH2	0.27502343074332847
BZW2	0.27495900365600184
EEF1G	0.27492140003604615
MRPL28	0.27481323418580594
HES1	0.2747756181384725
E2F7	0.27461426244618686
CFDP1	0.27459921535992166
ROR1	0.2744972311594974
LGALS3	0.27408125876185696
WEE1	0.2739925276775426
KRAS	0.2738121291515719
NCKAP5	0.2737400629635175
SPC24	0.2735989061968146
PRDX1	0.27350365263217374
IQGAP2	0.2731771395213056
EPHA4	0.2731477168530943
ZFP618	0.27291824731453324
FOSL1	0.2728548229135728
RRBP1	0.2726168830736337
MEGF9	0.27246864457508524
MCPH1	0.27212961844301864
MPP6	0.27176855416901247
SLC7A11	0.2717519182338019
KANK1	0.27154699265141097
YBX3	0.2713693166221077
SLC12A7	0.2713196557588995
NME2	0.2710143178120941
TES	0.2707693100998219
CENPP	0.27073458174188
MASTL	0.27062531976863347
ACTG1	0.27054517604453154
POP1	0.2704889286044111
U2AF1	0.27048864245616105
ACYP2	0.2704350269409199
USP15	0.2701778177547385
EIF2S2	0.26996717411334026
UCHL3	0.2698538665695644
DAB2IP	0.2698396770449451
HIRIP3	0.2697833147121448
NRP1	0.26971046418707545
MTAP	0.2696229158944902
GRB14	0.2694931072184977
ATAD3A	0.2694766978025011
RABAC1	0.2690383190657601
RAE1	0.2688003068924739
CCDC191	0.26864633860059467
GSTO1	0.2686119571899714
DSP	0.2685459068795471
GAS2	0.2682342132765714
OLA1	0.26818195736781275
DEPDC1A	0.2681703393191434
CTPS	0.2681643589934943
ELK3	0.26807002970991867
CCDC18	0.2678776071902386
TECR	0.2678727619602299
FAM49B	0.2678515125063266
PFDN2	0.2676251367405267
SUCLG1	0.2674916855268957
ZC2HC1A	0.26744124117978907
IRF1	0.2672739036350063
MTUS1	0.26718410783966395
CEP57	0.2671319096347373
ANXA6	0.2670840980077965
GNG5	0.26702069705132886
SPOCK3	0.2670019633480675
CDT1	0.2666721106901529
RELB	0.26659439815709257
SLC12A8	0.26656492505030416
NFE2L2	0.2664867508017104
DAAM2	0.26605977731342817
KIFC5B	0.265979831911174
SHMT1	0.2658534763722126
EIF3A	0.2656762880447506
CSNK2A2	0.26545581473574936
CENPI	0.2654148737867629
IQGAP3	0.265379357975059
WDR12	0.2650753196618867
EEF1B2	0.2644489303536168
AXL	0.2643713041028508
HOMER2	0.26427063788151023
RAD54B	0.26423072036768036
SYT14	0.26421044592724746
NDC80	0.26420823481421934
TAF4B	0.2641045275659557
KIFC1	0.2640914332186806
ST18	0.26409038717959105
REPS1	0.2640176525259207
LGALS1	0.26397397614330786
ANKRD12	0.26374944030914316
NAV2	0.2635550148588085
TSEN34	0.2634786281820802
CNNM2	0.26345621421220466
EIF4H	0.26341621201679605
CCDC34	0.2634091113909088
GPRIN3	0.26337934796537543
MCM7	0.2630619733347641
AARS	0.2629593403331709
GTPBP4	0.26288281003231057
NUP43	0.26274573054920114
FOSB	0.26259470932422024
CUX2	0.26236664916142305
HMGB2	0.2622635952920447
MTREX	0.2620673345651867
IFT74	0.2620362574639048
PCOLCE	0.2618976366788984
RET	0.2618330000647499
PMF1	0.2618111855944018
SDAD1	0.2617288171121639
TFDP2	0.26141636871991236
LURAP1L	0.26140356534734743
NETO1	0.261376019324422
DDX5	0.2613753889698008
FMNL2	0.2612447119163541
NUDC	0.261164936077891
GARS	0.26109241267583055
PAK3	0.26100031041585015
POP5	0.2609766558320962
OST4	0.26089566911088535
RGL1	0.26079964632851205
PARPBP	0.2607256352281865
PCDH7	0.2607152305745972
CD109	0.2605482155629472
ATP1B3	0.2604856577204761
FKBP9	0.26025376183872695
CENPV	0.26022901940527027
P3H2	0.2597060304328295
NSMCE4A	0.2595615143602166
SESN3	0.2594652603912498
MECR	0.2593695507829754
BC030867	0.25932966554610376
LPP	0.25927411722978516
FARSB	0.2592516500556389
NIFK	0.2591601816609423
NCAPH2	0.25911248276873466
PDE1A	0.25888547889134017
DNTTIP2	0.25885397684037537
SPC25	0.25864700500821175
SPAG5	0.2585203917411003
BMP6	0.25847672693752943
SLC12A2	0.25829634019718734
GNL3	0.2576963277876677
LIFR	0.25761193345316163
YARS	0.25759424097014894
AK2	0.2573413640457045
JOSD2	0.25705671244776257
SMIM14	0.2570126385892206
SAMD4	0.2569832785068779
CDC34	0.25696521933578464
RERG	0.25680827493846603
DTYMK	0.25679179834611515
GM35019	0.2567485915867813
RSU1	0.2567428946343162
H2AFV	0.2567137501220639
UNC80	0.25662922216238165
FKBP3	0.25648537482602607
BUB1	0.25626508658136166
GLI2	0.2561720181377325
BUB3	0.25600164536886744
PLK4	0.2559289762579433
CEP85L	0.2558898736564091
NOL10	0.25584061233980243
IMPA2	0.2557133932162425
NXN	0.255387960656512
SLC4A4	0.2552478292703424
RCAN2	0.25519761451184886
XRN2	0.255153011601083
FXYD5	0.2551149893631716
GCLM	0.2551037921374636
LOCKD	0.25493914266456585
RETREG1	0.2548635312643617
HNRNPM	0.25485862343622945
DHFR	0.2547438602724945
MYBL2	0.2546699318362543
CSRP2	0.25428409715053774
SKAP1	0.25423956973712114
CEP83	0.25410023738797516
CAP2	0.2540645219460141
CNIH4	0.2540326318975796
GART	0.2538265318981328
LIN54	0.253693841718726
TCOF1	0.2531196619287657
PRR11	0.2530677454329146
LSR	0.2530179476775408
P4HA1	0.2529141146615125
RCL1	0.2528690452195352
HSPA14	0.25278058125864933
BARD1	0.2527358571638791
ENOX1	0.25234285168049225
PSMB5	0.25227492278917024
LETM1	0.2521051054551154
MMP11	0.2520835111892571
CFL1	0.25202560233957044
TUBA1C	0.2520074282066114
KCNK10	0.25180333027207163
HINT1	0.25179860591555236
LRRCC1	0.2517710797585032
GEMIN5	0.2516792370085172
KCNK2	0.2516396886789871
CDC25B	0.2515828589440007
AEN	0.2515469613663778
ERC2	0.25152399751471655
PTPRN2	0.2512728920854574
GPI1	0.2510309013805323
LDHA	0.2508810963123151
KCNJ3	0.2505921145214642
SH3KBP1	0.25056998947938874
PDE3B	0.2505352770061152
ARGLU1	0.2504352171533363
MYO5B	0.25042683002786015
SNTB2	0.2503328830703782
SNRPG	0.2502483274522666
NOC2L	0.25012246990348075
PSMD14	0.2500828126051475
EXOSC1	0.2500075047729568
PSMD11	0.24976262729587692
GCLC	0.2496975197717475
RIMBP2	0.24961001563159377
RAD51AP1	0.2495720971286151
CREB5	0.2495393721540138
ICAM1	0.24942286478032008
PFDN6	0.24940452643405303
FAM117A	0.24939663518925378
DBF4	0.2491416905429499
BCL7C	0.2491367447442263
ATP9A	0.24912604445598704
RHOU	0.24894113772793044
HSPA4L	0.24891472467682108
EMC10	0.24890909393772118
NARS	0.24888369613106548
SHISA6	0.24879448328700468
PDK1	0.2487770777291107
VCP	0.24864908632645588
CTSL	0.24849788436344175
SGCE	0.24848653606325502
CARS	0.24839835411236583
IAH1	0.2483853960814997
UTP20	0.24827836432088185
ELF4	0.2482041992012837
CALD1	0.24814146106204332
EEA1	0.24800809808246188
TROAP	0.2480055625214529
CYB5A	0.24799458016521406
LGR5	0.24793416903689985
MEF2C	0.24790905970550722
IFRD1	0.24765535543548206
DNAJC2	0.24763550757840033
SPDL1	0.24754181354305027
CKAP2	0.24749740537396175
FAM189A2	0.2473212400445775
JHY	0.24730925079171703
PPIH	0.24729293034608063
UBE2CBP	0.24724915500565595
TYMS	0.24723601939465922
RBMXL1	0.24702129810420956
KRT7	0.24702019249651935
TJP3	0.24683748664121127
RFC4	0.2467962026780624
ENO1	0.24670504508789828
SEPT7	0.24666981257252601
APEX1	0.24660270223426925
IQGAP1	0.2465909087652897
TIMELESS	0.24657054230504333
AHR	0.2464856818042274
MXRA7	0.246276628214377
TXN1	0.24622388638939585
FAM102B	0.24608170140015403
DSG2	0.24604334137107933
MCU	0.24603975063661818
HK2	0.24599306758448208
CDH1	0.24582093120038426
PRPF40A	0.24578816360478598
SASH1	0.24563683305983594
GM15892	0.2456347386883607
FLNB	0.24560581073442195
NR4A2	0.24554377361064914
POLD3	0.24551790155379666
TSPAN4	0.24537632587275598
RPL5	0.245255067010647
CDV3	0.24522328151776487
PSAT1	0.245212098635122
DDX27	0.245203379454222
ANAPC5	0.24505531304778352
SLC3A2	0.2450066316744615
SERF2	0.24488675844601307
PRRX2	0.24483592016527284
MSN	0.24483167368577113
RNASEH2C	0.24470221069668052
ATRAID	0.24465085118644025
USP39	0.24461347165649489
IGFBP5	0.24459390073664258
ELFN1	0.24453026774948566
LACTB	0.2444240341799047
NOCT	0.24434290534336417
RBBP7	0.24430946565642248
FADS3	0.2442013722087136
CD9	0.2441346606659802
ASPM	0.2439746864344192
FUT9	0.24396770671641932
FGF1	0.24383834422973966
THSD4	0.24379886673832923
BRCA2	0.2437293818916033
WSCD1	0.24337249121773408
FABP5	0.24332110930536505
ELOC	0.24329762862507998
ANGPT1	0.24297287609015647
SLC22A23	0.2428190039094853
ATP5A1	0.2425302345147755
ANTXR2	0.24252778005116937
EIF4E2	0.24232160465646083
PIF1	0.2422533784146476
TAFA2	0.2419498013270738
C430049B03RIK	0.24193893762911062
NUP93	0.24166254249219687
EZR	0.24163777134608624
CDCA8	0.24157620110261113
TCEA3	0.24124525976640132
SSBP4	0.24118175351259846
GSPT1	0.24110979623107698
STIP1	0.24090638533670997
TIAL1	0.24090348611056006
DHX40	0.2407040433140538
E2F8	0.2406247432233316
RHOQ	0.24054155276298889
ADH7	0.24052191126022004
ADGRL3	0.2404704961366041
ZCCHC24	0.2403531340063893
CLSTN3	0.24030704283327836
SPINT1	0.24027064957143673
ACAT1	0.23995579241472473
SAV1	0.23988686026402875
SSR4	0.2398647263139826
CCNF	0.23985644860804214
CHD1	0.23983706668608665
TM4SF1	0.23977751315793747
SRPK1	0.23959163490347302
PHGDH	0.23949830725679405
UCK2	0.23939378472924747
CALM3	0.23937758435391565
ESPL1	0.2392955165829092
CENPQ	0.2391260488738557
RGS7	0.23906652117904564
ITGA1	0.2390365877072564
F3	0.23894881112955157
PKP4	0.23877542172522176
ANK	0.2387310784786846
ATP2B1	0.2386577165997264
GJC1	0.23861590076017708
EIF3C	0.23840124895814413
ARHGAP20	0.23823985419406463
HAUS1	0.2381376248563335
LYAR	0.23802564227784256
CCNB1	0.23799885829609047
THYN1	0.23795226263429922
IFRD2	0.23790825658736986
PHLDB2	0.23785627992521682
CCT2	0.23775724450030578
SLC8A2	0.2376984715610205
HSPG2	0.23760577051233897
HMGCR	0.2372333681027002
MINDY2	0.23712957905056906
TRIM27	0.23703637219370807
SMARCD3	0.23694569065074744
SORL1	0.23681743549944756
DNAJC8	0.23672644416423336
NAF1	0.23656113598023912
NHSL2	0.23642199889061755
ANO1	0.23635362279314004
PHACTR1	0.23628548641385255
ST8SIA5	0.23624753390638617
CHCHD1	0.23614947310101095
YPEL2	0.2361227757779254
SEMA3E	0.23592553999459723
UBXN1	0.2358612149912375
SNRPA1	0.2358059221042888
STMN3	0.23557519977769836
MYO1D	0.2354495798226394
MNS1	0.23530627782930594
OSBPL9	0.23521254414340192
DIS3	0.23520010998978805
EEF1D	0.23516868280190553
PRDX6	0.23514861445122295
MIIP	0.23494152153547782
WDR83OS	0.23486219218943957
SYNGR1	0.23482865962963742
PODXL	0.23465992632859056
SGF29	0.2345410475730451
ECH1	0.23435721151652483
ANGPTL2	0.23428047808397298
PSMG2	0.23416117826015284
RPS3	0.23400426832026608
SCN8A	0.23384734269110333
NCAM1	0.23384095235824548
UMPS	0.2336978853938343
KIF2C	0.23347107401419387
PDE8B	0.23344358122797967
RBPMS	0.23333603340007478
TGFBR1	0.23331315340614375
POLD2	0.2332066091731864
LSM7	0.23304699880337815
ARL3	0.23289250860211763
WIF1	0.2328842119223939
PROX1	0.23288292831658386
SLC37A1	0.23278769000712432
RNPS1	0.23249527449228585
TSC22D2	0.23244145849014125
PECR	0.23221959586406718
CLVS1	0.2322122309051234
RRP12	0.23196983205649477
GNL2	0.2319308338866035
ALDH18A1	0.23185581451925072
ITGA9	0.2317806888974182
TDRKH	0.231733256560563
LRRFIP2	0.23172156133774385
GTF3A	0.23140878821454333
ANP32A	0.23137051936265593
BNIP3L	0.23136268359892775
PTGS2OS2	0.23129791521216564
SCN5A	0.23104312158659235
PGK1	0.2308959755441633
SYT7	0.23078182733223784
PMEPA1	0.23065342710796732
RRP36	0.23056030947650508
BSG	0.230542972488385
CAST	0.23049017584831774
PIEZO2	0.23019956752825915
JAK1	0.23012667944854112
UBE2H	0.230085187478526
ACOT9	0.2299884967017323
PARM1	0.2299537925615507
PSMA5	0.22988566564944915
RBM25	0.22988043094216912
FHL2	0.22949774739312712
VEGFB	0.22939171360713517
TIMP2	0.22935559542400782
WWTR1	0.22907524522772285
MBNL3	0.2290408048896856
MRPS15	0.2288580021055354
FAM129A	0.22877216816868157
UTP14A	0.22876612812115982
NUDT21	0.22875585063726425
SERTAD2	0.22871302592618578
FAF1	0.22868999967641454
NOP14	0.22865483629633865
OTUD7A	0.2286245545118356
U2SURP	0.22854646171738827
NSA2	0.22851262016311683
SLC1A3	0.22840999318675995
B2M	0.22803977903366437
RTN4	0.2279723615791
PSMC2	0.22790133172009722
MRPL13	0.22789654518783944
PSMB3	0.2278741516327592
ATPIF1	0.2277260136423356
RBM19	0.22772417733441344
CKAP2L	0.22762777382666416
FAM83D	0.2274977967397956
GLT8D1	0.22740538284429043
CP	0.22733545994957502
MARC2	0.22733354807279701
PSIP1	0.22720822141761737
GMPR	0.22702827564659192
MRPL38	0.2269090625953241
RYR2	0.22670197529354105
CDC6	0.2266870294850612
ZFP91	0.22665144398098364
OAT	0.2266230953310129
GUSB	0.2266001585247931
CAR13	0.22657808236916963
NEDD4	0.2263976738095723
MAN1C1	0.2263011869074446
NEURL1A	0.22609130619720944
METAP2	0.2259585745988358
RIOK3	0.22582024200264808
CTH	0.22581978972933972
UNC79	0.2257393348704904
VPS36	0.2255043188683567
HNRNPK	0.22547966180867396
GJA3	0.22545235683906398
MYL6	0.2254128157417037
WDSUB1	0.22530970685032572
GSN	0.22518499880500253
LGR6	0.22498090106038407
CREBRF	0.2249622406296383
CMTM7	0.22495563477490443
PKM	0.22472092450359818
ARHGAP10	0.22470855026565104
NARF	0.22457617720312267
PALLD	0.22456468875327737
VPS29	0.22451126911344843
RAB3C	0.22449438123015353
RSRP1	0.22445352736939092
ZC3H6	0.22444750484491552
PLXDC2	0.2242661673079215
TWIST2	0.2241559802757202
UBE2K	0.22410690951287673
COQ7	0.2240525845330093
BTF3	0.22403596464241085
STK16	0.22400601134461
ADRM1	0.2239673812755668
HLF	0.22388835407844443
NDUFA4	0.2238019608588296
NT5C	0.22376294609538835
POLR3GL	0.22374997228906657
TMEM59	0.2237432985478288
SPARC	0.223735319956816
IRS2	0.22345770734557724
PWWP3B	0.22345231951332745
CAV1	0.22340364796150378
EEF1E1	0.22314226593138792
EREG	0.22310638952446654
PBK	0.22308764514587076
ANXA1	0.2230365441619248
FBXL16	0.22281993188471677
FKBP4	0.22274615781505663
UBE2Z	0.22268961345164054
RIOX2	0.22259017537670198
FGF14	0.22235719926625724
EHD1	0.22232487424257782
CTTNBP2NL	0.2222208383640582
KYAT3	0.22217202318967547
RASSF9	0.22213628371325328
UNC13C	0.22202210567794212
ZBTB8OS	0.22198785272259372
NEAT1	0.22191462430655018
SLC38A4	0.22190279244186326
NOL7	0.221846048564706
C1QTNF12	0.2216945520081807
ST13	0.22167138648947093
ACAA2	0.22164571312785303
EGLN1	0.22157068495949578
ASF1B	0.2214281409251974
SLC2A13	0.22131900467935728
MARS	0.2210512917390725
NBN	0.22100855252999999
SLC4A7	0.22094805918118185
VAMP5	0.22082102757274383
ALDH1L2	0.22081491359972827
ETS1	0.22070767229786192
RPS17	0.22061661161202836
CNTLN	0.2205347787317023
SH3GLB1	0.22032871152005323
GALNT15	0.22031638876150264
NENF	0.2202277250356004
NRGN	0.22008807320142812
GRHL2	0.22006036164247939
EEF2K	0.22005388939950055
MXD3	0.21995452791512826
LAMTOR2	0.2198798553828923
IFIT2	0.21986499640487675
SNRPE	0.21977492648358565
SRM	0.21959932067943055
GAS2L3	0.21957970869832205
P2RX4	0.2194900823061918
SUCLG2	0.21942351771746388
ZMYND19	0.21931238435174938
RBM8A	0.2192361245305024
SNHG6	0.21916794939405557
PRKCA	0.21907147866492793
SNX5	0.21902478501226288
KRR1	0.2190132640259101
PSMB4	0.21897247669534997
SLC16A1	0.21887868040924682
GFRA1	0.2188212393610614
RPL29	0.21872657271561086
SMAD7	0.2186558316394951
PCLO	0.21847338375922337
CYP1B1	0.2184585525569445
NSL1	0.2184218578201262
ATP1A1	0.21839524158186663
TRAIP	0.21836718348838535
NME4	0.21816437569410618
JAKMIP2	0.21807887142328664
YY1	0.21805535077083757
MALAT1	0.21799662977041045
JAG2	0.21763072631672217
UBE2B	0.21759208707322658
SMPD3	0.21756256489098763
TOP1	0.21750265812166403
NDUFB8	0.2174281025333293
ST6GALNAC4	0.21739843066010267
ARL6IP5	0.21735636315241855
PRELID2	0.21724005217743123
MXI1	0.21723263131781365
ATP5C1	0.21710430169367795
RND1	0.2168761905553542
RESF1	0.21683077050462143
RGS10	0.21678422596973873
ARHGAP11A	0.21677937603743935
NDUFS2	0.21666943490638343
GM12829	0.21660952863327093
COX7A2	0.21632958345239972
IGFBP2	0.2163177160715027
CASD1	0.21626209618440337
SPOCK2	0.21620671509817252
KLHDC2	0.21617639312735137
TRIB2	0.21605003068339293
SEZ6L2	0.2160177516788704
SLAIN1	0.2160079143142238
PSMD4	0.2159285076542355
KCNS3	0.215779995854624
COL4A5	0.21576613989914373
PSME1	0.21565827669720825
PDE10A	0.21535667630137437
PDIA5	0.21526086962561553
ACADM	0.21515278315382894
INSIG1	0.21488934464705892
RRP9	0.2148861817637763
WDR46	0.21482836723331616
PARK7	0.21481627327248695
APBA2	0.21477317668257354
STK32A	0.21470015054123984
SSPN	0.21462847374647054
GNAI2	0.21453887948922742
NDST1	0.21449697782234203
EIF3D	0.21445098959136896
CDC37	0.214443042107251
MAP3K15	0.21442649910531564
PCLAF	0.21426696095536032
TMEM97	0.21423141328213036
SGMS2	0.21420434551765655
PDGFRB	0.21403497894736212
S100A10	0.21398368091358214
UBE2T	0.21398308823047843
EEF2KMT	0.21397700456612398
ATP1B1	0.21395626736999987
RRM2	0.21395348600973182
NDUFAB1	0.21390396890280491
SGO2A	0.2138801594186202
SERPINB6A	0.21385874401796418
HDDC2	0.21366279699350357
DCTN3	0.21358749286819925
SUV39H1	0.21345914021457724
LHFPL4	0.21345669366525136
ADGRF5	0.2133798208495488
TOMM20	0.2133656000953565
DPYD	0.21323732226240893
CPLX2	0.21317861906947433
SYNPO	0.21315253900401424
SKA1	0.2129949040880643
IFNGR2	0.2129622853876236
MRPS12	0.21290868302797092
CDKN1B	0.2128262205259418
PBX3	0.21277985503513605
NRG2	0.21269258981286657
KLHL24	0.21268705084563064
TMEM53	0.2126286693599362
DDX24	0.21250309264949527
MTUS2	0.21237385638554604
EME1	0.21235021932449683
CYP51	0.21231455363121463
DAPK2	0.21228398218470004
SDC4	0.2120010480794194
TMTC4	0.21197417981435107
ELOB	0.21194617458287004
NAXE	0.21190523014057586
PGRMC1	0.21188675688307676
BSN	0.21176828756033594
INSIG2	0.21159333436561312
TRNT1	0.21158333486968672
DLGAP4	0.21158193761918967
UBXN4	0.21148360510527858
MRPL42	0.21141394701336239
SMIM19	0.2113704673452271
PPAN	0.21135067270667038
ORAI1	0.21129859731645428
CYC1	0.21127688548329424
BDH1	0.21125115305170952
ARL2	0.21104419293999266
F11R	0.2110100098219541
PIGX	0.21099634354460667
CSF1	0.21092560639944324
PNRC1	0.21091575589567302
BPHL	0.2108851109580017
PLCXD3	0.21086857760637945
L3MBTL2	0.21062685638070988
PPID	0.2105066526622632
RBM47	0.21038182362043067
MTDH	0.20983747651596532
AKR1B3	0.2097551707494982
ALG5	0.20964664397217633
CAR14	0.2096308382399876
TMEM208	0.20953792194262363
SKA3	0.2094729062899003
SNF8	0.20900915335831366
GLIS3	0.20882299990754605
PPL	0.20876349867178845
METTL27	0.20863155820101564
AKR1A1	0.20856038530625975
FZR1	0.20843274801797415
KLF3	0.20837408816371486
PLPP3	0.20828256745825308
FAM53A	0.20824838229370515
STOML2	0.20822714237602494
IFI30	0.20804854433097542
TXNL1	0.20793485222588418
DIPK1B	0.20784663926661376
REL	0.20776899355371697
UHRF1	0.20773656580221345
NXT1	0.2077053768723498
COL27A1	0.20752475318770158
AP3B2	0.20746991481250093
PGM1	0.2074630409563065
ATP6V0D1	0.20743442992855096
ROCK2	0.2074337597626728
TENM4	0.20738446398613464
LGI2	0.20738360624167018
CHTF18	0.2070868336314183
IMPDH2	0.20675807848852645
NMRAL1	0.20642537413987305
MRPL52	0.2064088468372125
TMEM147	0.2063390872593275
MYCBP2	0.20617251431617337
2010300C02RIK	0.2061337699105753
SNX21	0.2059587385985874
FGF12	0.20595378983284307
AIG1	0.2058820617665224
RUVBL2	0.20585793817396889
AKIRIN2	0.20582741866026924
STK17B	0.2057295877950147
MCEE	0.20564373221448182
REEP3	0.20559243393758422
CCDC136	0.20553747246309495
ATF3	0.2054163161738817
POLR2F	0.20541169965466585
PFN1	0.20527962308976183
MFSD6	0.20519496053009134
S100A13	0.20512624066614799
MXD4	0.20511790999415144
VILL	0.2050588346656751
AREG	0.20504296754994458
PTPRN	0.20497265570103768
FBLN1	0.20494747660633802
CFAP298	0.20493262159414857
GCK	0.20490890203078305
MRPS35	0.2048583421952505
SLC43A2	0.20475577883526147
CMC2	0.20467865215847494
HADH	0.20463456514985884
APIP	0.20462912756211202
NIPSNAP1	0.2045520424421332
MRPS6	0.2045318954402409
TRIM2	0.20445554766873988
SRRM3	0.20428119270828632
KLF9	0.2042231489186105
FNDC4	0.20413617143228252
COX8A	0.20411389061934937
CCNE1	0.20410697159644342
UGDH	0.20410193615846137
SDC1	0.20409318830580522
RPL31	0.20407749328825522
CNPY2	0.20397937522748863
CENPT	0.20393212972267238
DHX38	0.20390920267277154
KRTCAP2	0.20385882503899125
PCBP4	0.2037600714791156
CCDC12	0.20368458451458527
BNIP3	0.20366528020869343
SKAP2	0.20363959706321785
CLTA	0.20358659016414404
FAM174B	0.2034664677754337
ANAPC11	0.20345762054834085
CORO2B	0.2034570729015261
THBS1	0.20327626821497657
KCNB1	0.20315633836204836
CDCA5	0.20314288548075118
ACAT2	0.20308469121274242
FHL1	0.20289715722761245
TMEM238	0.20285699428041268
OPTN	0.20260139339180602
CTNNA1	0.20231426952663586
DIXDC1	0.20220350219833289
KDR	0.2020515688100967
ISYNA1	0.20203434883661633
GNB4	0.20200851889221158
ZFAND6	0.2019788036242234
TFPI	0.20193293369502416
TGFB1	0.20182788521656625
CNN2	0.2017915075015937
PNN	0.2017536971990586
DDX56	0.2016580342387495
MAP4K1	0.20153948891941978
PRKG2	0.20151250704701393
TPM4	0.2013775113805779
PCSK9	0.2013714365204394
AURKA	0.20135822957513758
CD47	0.20133987013438853
CCDC59	0.20110456081851882
INA	0.20095732985873735
CLIC5	0.2008445449763865
SCAMP5	0.2008444145826055
NOVA1	0.20079527336368155
TALDO1	0.2006531209988177
TMF1	0.20064231479198677
MGST3	0.20058147613681224
PTPRU	0.20057447210832421
GSTP1	0.20057125376052715
1700019D03RIK	0.20050686270598564
ROCK1	0.2004252749136168
EHF	0.20039063456730072
FCGRT	0.20036105941281132
SCN9A	0.20034598639987852
FDFT1	0.2002565600839108
4930453N24RIK	0.20023065134022855
BCKDK	0.20019292168052105
GCAT	0.20016513621546803
ESPN	0.19996379163315942
ABCG1	0.19986357571086164
MACC1	0.19986064120082256
FAM136A	0.1997207058094716
TUBGCP3	0.19963737769921774
BCL2L12	0.19956963936276195
SYTL5	0.19955632812747198
TMBIM4	0.19939187995862656
NDNF	0.19922350348504295
F2R	0.1992118491345884
DGUOK	0.19920738377239156
POLR2J	0.19916698961184187
ASPHD1	0.19910219144417976
GLIPR2	0.19904511599121505
ALCAM	0.19895559779166913
SMN1	0.19892610856628787
ALDH6A1	0.19869781671475575
MLYCD	0.19869242396445957
CDC42EP3	0.1986458647551309
PSMC4	0.1985263000731409
RPL27	0.1985139971465262
LGALS8	0.19842733073127433
PPIC	0.1984027929264837
RPL41	0.19828710431932325
TOP1MT	0.19807518933641352
OXR1	0.19805742224515838
NDUFA13	0.1979892748287872
FDX2	0.19791666818895864
SERPINE1	0.19783421937270795
RAB40B	0.19773859622723788
RRAGD	0.19767079184349653
NAGK	0.19766994854577644
PON2	0.19764353790503641
CLMP	0.1975294440114412
ZFYVE28	0.19751811523093116
UQCRQ	0.19751749360087067
AURKAIP1	0.19736879489415174
NUF2	0.1971730257822122
NECAB2	0.1970377191954092
PLEKHA2	0.1968185508737558
SAP30L	0.19678680319640068
VASP	0.1966050999489556
CLIC4	0.19660164333411848
CYTIP	0.1965240635093808
ZC3H12A	0.19646580973170427
TBC1D1	0.19645293380772114
GABRB3	0.1964412725863116
NFKB2	0.19640709180874924
BAG2	0.19602249670538202
H2-K1	0.1959910619230097
SCX	0.19589997159588032
TSPAN13	0.19588294927633554
TIPARP	0.19578700353966003
CLIC1	0.19559991768816645
TAF10	0.19550234844778644
PPARGC1A	0.1954251531388178
CSDE1	0.19541922508788082
KCNIP3	0.19533095876949158
TBCB	0.19529655302383025
DSTN	0.19522044750211787
SULT2B1	0.1952029020946284
STC2	0.19505530221334128
RAPGEF4	0.19486067336776033
MEOX2	0.19481909943662232
CENPM	0.19470200154383271
CCNA2	0.19469446746926075
NUDT9	0.19467420709995611
NDUFB7	0.19460953646681176
VCPKMT	0.19451099408455078
SART1	0.19447737342020627
BUD23	0.19446860959631168
PXMP4	0.19436061598254464
NANS	0.19423448977252453
JKAMP	0.19419923860381313
PYGO1	0.19418582691482553
PEG10	0.19410173350721627
DYNLL2	0.19406243394469697
PLEKHO2	0.19404201478905037
TMEM205	0.19401678160623656
FAAP24	0.19383691420106963
TIMM8B	0.19381006985805477
MAPK3	0.19366260777398459
EMILIN2	0.19365982911142987
EFEMP1	0.19363268110834758
NDUFV3	0.1936284628314819
PSME3	0.19359856256477165
GM20465	0.19359481107730472
MRPS21	0.19351406866510287
UGP2	0.19336650279790918
NFATC2	0.1932433318531295
KCNK3	0.19310961199701118
NDUFS8	0.19301497510700377
SYT1	0.19300659157274905
H2AFY2	0.1928737423725947
TMEM246	0.1928565530633544
USE1	0.1928228750337717
LAGE3	0.19277702148194542
AKR7A5	0.19268301720958447
9130015G15RIK	0.19253124013642028
CHMP4B	0.19251015247175848
TIMM8A1	0.1924898461609988
FBXO22	0.19243808034876145
RRP8	0.19236862257192863
FDPS	0.19236569437051237
LAMB1	0.19236342806261045
CTU2	0.1922559049288528
TRIM6	0.19221094105727377
MATR3	0.19211695420918387
GFER	0.1917883919022953
NDUFB6	0.1916351512213596
PSMB6	0.19151938734956037
PSMA4	0.19147528120544927
PPP2R2C	0.19143692781044455
MT2	0.19135950880499453
SELENOS	0.19133414032130194
SQSTM1	0.1913019424511818
SGSM1	0.19129868986632634
GCH1	0.19113941031533002
MCRIP1	0.19102768446904914
WIPI1	0.19081318582231535
TMEM28	0.19074106020689974
PDE8A	0.19069260280369274
HINT2	0.19068090711339167
NEK2	0.19052305613858056
NDUFA6	0.190219246163129
BRINP1	0.19021259443194508
CCDC68	0.19018551215456006
EDEM2	0.19015708962626554
RGS7BP	0.1899557531930836
NAA38	0.1899065619252366
MSMO1	0.18979887333130413
AHRR	0.18970995792283607
EDF1	0.18966751335353124
ZFP30	0.18957342124325935
KDELR1	0.18949764931336605
STOM	0.18944687699027662
STX7	0.18936184088642838
COMTD1	0.1893565689559335
PLGRKT	0.18932361500757097
HSCB	0.18931467558558462
PRKRIP1	0.1892718698484063
RELA	0.18919994905811477
GSTM5	0.1891223601168956
AIMP2	0.18909927383250028
TRIM54	0.18905315943444737
PSMD2	0.18902001926312995
FFAR4	0.18893714401743608
RIMS3	0.18885875844673047
SMDT1	0.18869618090215934
BCL10	0.18853366798782867
GLS2	0.18851400706303442
ALKBH2	0.18831639296564143
SMCO4	0.18825649731948693
FGF13	0.18825542528791328
RAP1GAP2	0.18823757224474036
MEDAG	0.18808266120243486
HMGCS1	0.1880555482309315
FLNA	0.1875925633983014
ECI2	0.18758878130649725
ACOT7	0.18753266036622257
SUMO3	0.18745729698132008
DCTN1	0.1874292130760882
B3GALNT1	0.1873381257838733
POLR2H	0.18726298260576554
ANXA8	0.18712041438360452
ABAT	0.1870595996822313
TMEM256	0.1870524412891258
CCN4	0.18703241063399006
MRPL53	0.1870226189432964
EMP3	0.18681540151180087
UBE2D3	0.18668983735144995
NDUFB2	0.18633189093941852
H2AFJ	0.18612452924365197
CENPL	0.18601965326491263
MMAB	0.18581053315736243
CACNA1B	0.18565710763548285
PPFIBP2	0.18559526293584708
SERTAD3	0.18537982510500714
CIB1	0.18530310690448076
ZFP637	0.18522328682267283
PRMT2	0.18511341621444247
FKBP11	0.18487523407950193
DNAJC9	0.18477181722257796
ROMO1	0.18470516669018333
ADAP1	0.18461768204223608
MRPL57	0.18447853874296863
EPB41L3	0.18439025537393572
CIAO2B	0.18408572751425062
NOP10	0.1840113254763218
TRMT112	0.18396526737783825
RGS17	0.18386415200707165
UBE2C	0.18384689841044635
PRXL2A	0.1836712860367339
PES1	0.18364576934041024
KIF20A	0.18332564071179547
RORB	0.18326008870820845
POLR2I	0.1831739383034016
ECHS1	0.18314578601885745
CHMP2B	0.18309143571726436
FAM72A	0.18302442144512784
PRPF38B	0.1827028686099342
RBM22	0.18245483449482994
ATP5K	0.18239720329412493
EIF4EBP1	0.18217773134890075
HSD17B11	0.18213201694864678
YIF1B	0.1819761715020201
PSENEN	0.18184761269223923
MCM2	0.1818432916061672
TMEM134	0.18176869858405195
COX5B	0.18175658030500327
2810408I11RIK	0.18170312804133723
ADGRB3	0.18157480741677362
RSL24D1	0.181466306534189
TMEM117	0.18139049837997315
NDUFA2	0.18127285506330224
ENO3	0.1812616644944925
AUP1	0.181242664303391
SAP30	0.1811111852031449
C1RL	0.18107013454434676
QDPR	0.1810389486269089
GLMP	0.1809876023399734
STARD4	0.18091022721683273
HSD17B7	0.18089641588147948
SSR2	0.18085834182387545
GM19325	0.1807329290606835
REX1BD	0.18061808317799813
ZFAND5	0.18049760484026844
CHCHD7	0.18021672496595234
CTNND2	0.1801053118349041
SVBP	0.18007669694128836
MYL9	0.1800175104354513
RBMX2	0.1800025998272897
YRDC	0.17990900364070347
EIF6	0.1799018418342349
FTSJ3	0.17977120031030436
ALAD	0.1796415477217982
EIF3G	0.17944639265037463
SVIL	0.179422414701782
EMP2	0.17933355291283962
YIF1A	0.17931153360896548
2310009B15RIK	0.1792974828843513
PLXNA2	0.17928557370550138
ZCCHC10	0.17913579912504077
MVB12A	0.17903098707376205
PRSS35	0.17894744719992176
CHD3	0.17885273698577994
LRRN3	0.17875943814341144
HSBP1	0.17867661209916533
ROBO3	0.17857347995663794
PMM1	0.17856377570319037
MRPL51	0.17847788572858075
GCNT2	0.1784478405595764
ASNA1	0.17836414330100822
A330076H08RIK	0.17830099249591552
CTSA	0.17828830571438803
GDPD1	0.1782063949662708
HAUS5	0.17812615533975337
TMSB10	0.17811950784059205
SCN3A	0.17802509647974274
GM28172	0.17802006230892592
DCXR	0.17772103953679
FKBP8	0.17767913630092372
CARD19	0.17764959237300673
COX17	0.17760548874116344
GNPTG	0.17748747234324783
AKR1B8	0.17740437885750884
SQLE	0.17740176169942387
HABP4	0.17739990883465534
CHCHD4	0.17734408003996366
SUSD4	0.17732431760974585
STXBP5L	0.17728193321907637
PHLDA1	0.17714085875728752
JUNB	0.17712630137513813
H2-D1	0.1770634078703089
SOX13	0.1769677265874756
CKAP4	0.17696315480322483
ANKLE1	0.17674791513187513
SIRT2	0.17659775572720193
CSTB	0.17653889225496355
CDKN3	0.1764958751249333
SNRNP25	0.17643388531352128
CALN1	0.1763984521249991
ZFP593	0.1763839368549873
NOL12	0.17636425868522576
NTPCR	0.17626244932981
PIK3R3	0.17626052598290384
FLOT1	0.17623856823025172
FRMD4B	0.17616819237458112
TEAD2	0.1760747473003462
TTLL12	0.17595469427946686
FAM111A	0.17577033450680982
UBL5	0.17553257128271957
BMP4	0.1753753111825745
ABRACL	0.1753532204180654
NDUFAF8	0.17528498121225472
SMARCA1	0.17514674280314113
UFM1	0.17513194374411284
PDIA6	0.17503244103100682
MTFR1L	0.1750166319739759
SMIM26	0.17497037881533964
ABLIM1	0.17486933357322007
UXT	0.1746919523958564
FAM76A	0.17456651494485834
SLC39A7	0.17454661622654477
NDUFA8	0.17450805291162785
C130073E24RIK	0.17438185030891945
RPA2	0.1742952963404046
SNX17	0.17424311969286177
CRB3	0.17421365938700825
OSGIN1	0.17394993539889406
NPR3	0.17378864915285308
NFASC	0.17370969910552783
YPEL3	0.1736031642246668
PLRG1	0.173579286621715
BST2	0.173495536806849
SWI5	0.17340593267102317
ENDOD1	0.17337085658794843
CCDC102A	0.17333424387733212
ELOVL7	0.17310027806238085
ARPC3	0.1729650136843886
NDUFS5	0.17295496408050862
TMC4	0.172641289006648
KDELR3	0.1726367019082331
SNHG20	0.17261404881662507
FN1	0.17260583793664844
LRP1	0.17253644282217467
TSPAN7	0.17252156264375126
SELENOK	0.17227410186792058
MRPL19	0.17222719691022703
RANGRF	0.17211135042262954
NPDC1	0.17206759809923536
TCP11L2	0.17192910170030934
PSMB10	0.17187925548965072
RERE	0.1716134387592712
GDAP1L1	0.17147838962232884
OLFML2B	0.17134705503169792
KCNIP1	0.17110362826224226
HEXA	0.1709778927353784
MYRIP	0.17083785754326503
MMP24	0.17055867232142527
MTLN	0.16986794296948224
ATP2B4	0.16979785610410852
NKD2	0.1695333157855074
OVOL1	0.16949225432893755
ZNRF1	0.16949133478373277
HIST1H2BP	0.169240766410259
FAM110A	0.1691313377689898
SLC7A7	0.16911718507741763
RSPO1	0.16910072030081735
DPM3	0.16909644049961717
CSNK2B	0.16908969962543804
ADPRH	0.16892344157590694
HSPB11	0.16850521036046756
COMMD4	0.16847801752217875
TRP53INP2	0.1683799735921451
EGFL7	0.16836795186331388
ATF5	0.16783398735147315
ELAVL2	0.16782605253889551
TWF2	0.16777704607254926
CBR2	0.16763195096448252
GRHPR	0.1675975791021643
ITM2B	0.1674559570474263
HSPB8	0.16735711586921245
GHR	0.16734178924061335
A230057D06RIK	0.16699835241236347
S100A11	0.16694018899205876
ELMOD1	0.16648848622940118
PLIN2	0.16627441694746467
GAMT	0.16621911956165808
APBA1	0.16599529568866267
SRI	0.1658856293376673
AU021092	0.16583561664150043
RGCC	0.16582429903935708
ZFAND1	0.16581097213294202
PTK2B	0.1657934589823072
MRPL44	0.16578129755834511
GPRC5A	0.16576258016752962
ADGRV1	0.16574311141764683
GLRB	0.1654275763556711
TMEM50A	0.1652280106202118
KLF16	0.1649596316711267
PSME2	0.1648458010378362
CACNA2D3	0.16460113715684527
ACOT13	0.1645962752278726
ADCY1	0.16428723600215453
PIMREG	0.1642056558325485
HS3ST3B1	0.16408362908985125
MYT1	0.16393133020929712
NUDT14	0.1637502059535926
JSRP1	0.16372237694342315
CCND1	0.1636893842081546
TOX3	0.16343411202669336
DLK2	0.16320539496872477
AP1M2	0.16314339090846952
SNX30	0.16311481940751732
MAP7D2	0.16311394378381244
COL8A1	0.16293384413630613
MCF2L	0.162899635078371
GGH	0.1628184035652172
CAR5B	0.1626818440776517
SELENBP1	0.1625130379763278
NID2	0.162410954750073
MARCKS	0.16231188615329417
CTSC	0.1621179229581197
FRY	0.16209594413959655
ETS2	0.16187031848343064
KRTCAP3	0.16185711763026778
RASD2	0.16180291154442752
DYNLT3	0.16169138100399152
AGA	0.16162680443501853
MITF	0.161515649261429
CIB2	0.1612680095094192
SULF1	0.16103390117639985
TGM2	0.16081913906444567
CORO2A	0.16077853618609797
SORD	0.1605713728255376
CACNA1A	0.16056243123978395
MAP2	0.1603644993599436
ZSWIM5	0.16021474796150897
4930523C07RIK	0.16014167408574706
KHDRBS3	0.1600943403612731
RAB27A	0.16008019032186946
PXDC1	0.1598735908586855
ARF5	0.15975592151992718
LDHB	0.15974709677420673
BMP7	0.15934823756231994
WNT4	0.15934235873164848
HDAC9	0.15914653188601016
MARVELD2	0.1591099021121745
KCNC1	0.1591077595053301
SLC41A2	0.1590948869283011
PMP22	0.15902504899082942
NETO2	0.15893505966310922
RUNDC3B	0.15873215296189372
MORN2	0.15869804400015874
IGFBP3	0.158621032577409
PRSS23	0.1584006131813756
EFNA1	0.15832290469756294
TPD52	0.15828313109540088
SHMT2	0.1580398770361874
RIMKLA	0.15801719346294063
DYRK2	0.15795110671851262
CCDC112	0.15779722043508834
FBXO32	0.15776206472387821
PSTPIP1	0.1577616789517572
TMTC2	0.15775980204748966
APBB1	0.15774397596200954
SEC11C	0.15766971037575062
LOX	0.15757707588284908
PLPPR4	0.15751262511173483
PRELID3A	0.15748981629985007
CERK	0.1574877638454405
UAP1L1	0.15748455050828641
TAPBP	0.15733492649223296
LRRC42	0.15730499195106495
HPSE	0.15720550452566542
SCD1	0.15713678457946115
CEBPA	0.1570296565666712
CELF2	0.15702306826525542
FASTKD1	0.15678686951811693
COL4A4	0.15630808667577153
MYH7	0.15600696472663653
MAP6	0.15585921827785962
PIK3IP1	0.1558583313408516
HMGB3	0.15566691405807312
BEND7	0.15558661678623364
CTSZ	0.15543529523951377
RUNX1T1	0.15541391923227305
ZFP524	0.155206742319077
RNF227	0.15489424092444318
SLCO3A1	0.15487720495752336
PACSIN1	0.15480500023518057
DDC	0.15441541190193483
CENPW	0.15365153409263185
DUSP10	0.1535800942958317
CXCL17	0.15355214141007095
GRM5	0.15337821609757288
STEAP1	0.1532937847347307
NALCN	0.1531809910731079
0610040J01RIK	0.1531182572218206
GRID2	0.15310092257944066
SQOR	0.15309443706377154
NFIL3	0.15307529385684845
TJP2	0.1529240914421828
ACADVL	0.15289429134082785
NECTIN1	0.15288533245589833
CARMIL1	0.1528088455119344
SYCE2	0.152562727123346
BCAR3	0.15216577598378941
HEBP1	0.15183891212417272
CELF4	0.15164213572380952
CD200R4	0.15150955319477308
STBD1	0.1513929226827212
RGS3	0.15129459287786914
TMEM176B	0.1512707481070538
NOVA2	0.15120010690021102
SNHG15	0.15112894911740227
IL4RA	0.15107209466735005
SOCS2	0.15098821362739134
BPIFB1	0.15097366932078257
KCNH6	0.1509602640872621
LMCD1	0.15089647656644256
RIPK4	0.15086440463742476
CD59A	0.15075754562812174
OCIAD2	0.1505253305017944
VLDLR	0.1504655476958645
RASGEF1A	0.1503258860317186
REEP4	0.14983972988904104
CADM2	0.1497529402311778
PRDX5	0.14957236736627413
SAMD12	0.14947105817855744
AFP	0.14942101094204055
COL11A1	0.14933493173615076
HS3ST3A1	0.1493237603831191
MVD	0.14922627606664216
CLIP3	0.14905620073185175
TGFBI	0.14886374908083178
UNG	0.14877932869385452
NRTN	0.14868058487852276
5330417C22RIK	0.14859407130463467
CD55	0.14855362569067052
DGKZ	0.14851355609586273
HCN1	0.1479354977643046
FAM83F	0.14787480308303638
CDH13	0.14738758649621436
FAS	0.1469287901621972
FGF5	0.14681442341057846
FBXO41	0.14655488403575542
CRYBA2	0.14618931786832015
TPM2	0.1461054144654226
NAGPA	0.14593172926899153
CCNB1IP1	0.14543960204435624
PPP1R15A	0.14542862925039599
LNX1	0.1454020726739048
GGT7	0.14530733459421236
SLC16A12	0.14519236021646068
FLNC	0.14516791436986692
TBC1D9	0.14509750399667448
CTTNBP2	0.14398226174469678
CNNM1	0.14391397068623513
ORMDL3	0.14386131034692454
2200002D01RIK	0.14384818311707046
CYP2S1	0.14364190341642155
HDAC11	0.14362249984782824
COQ8A	0.14318593701915458
PLCB4	0.14308760737906334
TMEM178	0.14308031947142236
SEPT4	0.14291064582681487
SMAP2	0.14256786872195193
VWA5A	0.14252581847399676
OTULINL	0.14204385210547402
CADPS	0.1416214929792766
MFNG	0.1414461825612745
TNFRSF1A	0.1413739344601526
SFTPB	0.14124486500753317
DLGAP3	0.140979933405772
ROBO2	0.14071132957419838
QSOX1	0.1406295364932787
STK33	0.14042573952297535
GCA	0.1396270250686988
RBM24	0.13961870056035827
FAM50A	0.13958013015609164
ZKSCAN2	0.13901435096006068
TIMP3	0.13897735508046868
VWA2	0.13879602174741107
EPS8	0.13849889058318265
PARP3	0.138446394913735
SYT9	0.1384391327974154
NLGN1	0.13818198076496874
DANCR	0.13718606706155456
GPX8	0.13697885863756787
ZFHX2	0.13694501748373536
ISOC2B	0.13694034033000005
KRT19	0.1369095344197982
FGF7	0.13673712104349578
CHODL	0.13670927048332526
CDKN2C	0.13665993692403233
9330182L06RIK	0.1361625190351397
SERPINE2	0.13612982416625735
ROBO1	0.13599447691024805
MYB	0.13593760051850706
SPNS2	0.1359035681726536
GM10406	0.1352157047747314
MAP1B	0.1352036216514499
OIP5	0.13487065442004814
DLK1	0.1347928146659073
4930478M13RIK	0.1345953008776891
DDAH2	0.13376348940825236
GM13056	0.13376251420890617
KDM7A	0.1336086698257436
PALMD	0.1331964466037897
CERS4	0.13319161564715354
KCNC3	0.13315077493406033
SLCO1A5	0.13297394331058326
TBC1D30	0.13296039290179473
CAPG	0.1325963882312937
ADAM22	0.132578544583202
NTN4	0.13204816643125633
ST8SIA4	0.13204404675088713
CRIP2	0.13187816423251858
AGT	0.13180711496717187
HIVEP3	0.13129567431062492
PLK1	0.13122516059517064
DDT	0.13099131006634684
BIK	0.1307682289441774
ADCY9	0.12995355284140875
IL1R1	0.12956365250385776
OSR1	0.12949840664181508
CASZ1	0.12942482428992416
TSPAN8	0.12938798742646998
TRIM46	0.12929768917541554
PBXIP1	0.12919377793443065
CLCF1	0.12898534843131615
RIT1	0.12866146890624772
BRSK2	0.12828127814880358
TNC	0.12803136470292975
CHRND	0.12781776781286464
UPP1	0.12752366841743526
EIF4E3	0.1274145377839526
PTTG1	0.12714498331450502
PTGR1	0.12710459198426097
SLC16A6	0.12689251230095527
SPRYD7	0.12680524647029953
CRELD1	0.12657764346422917
ADGRG1	0.12612467463665133
FAM13A	0.12611778836711338
DCLK2	0.12611554691565632
XKR6	0.12574343798797408
BICDL1	0.12559769261203568
KNDC1	0.12558757294534292
CHST1	0.1255304536047072
CCDC92	0.12525724631209398
FUT1	0.125145404866217
ATP6V1C2	0.12471438647940519
COL16A1	0.12462496488153349
DECR1	0.12446838309317033
ARHGEF4	0.12442063880306753
GM26802	0.12426180042835591
RNF130	0.12425606488581348
SGK1	0.12418823673223023
ADAMTS17	0.12364500700347232
CAMSAP3	0.12333363606110936
CNKSR2	0.12329322697547998
BTC	0.12327263570784625
CPNE8	0.12312001395501289
SMPD1	0.12252391579676646
ISG20	0.1217129265598191
DNAJA4	0.12132105295283317
COL2A1	0.12087349446354584
CARMN	0.12082930342570405
SNCA	0.1205179573523805
GLDN	0.12040391716954055
FAM222A	0.12013545480334889
LMO1	0.11939694640482602
GM17056	0.11920241102080541
SCN2A	0.1191716302004209
RPS19BP1	0.11909363155927713
ABCA1	0.11895587383466075
PRR13	0.11880252858815192
SMIM1	0.11860139190750434
STX11	0.11858626308409678
TMEM178B	0.11824488570832588
PTTG1IP	0.11824322836412199
RTN4RL1	0.1177793010611335
GALNT18	0.11753334843480762
GNG2	0.11752594148340333
IGSF9	0.11742135291794041
KY	0.11734428386954388
CXCL1	0.11685705050278616
TANC2	0.11660217226024898
2900005J15RIK	0.11566848673661309
GM15261	0.1153566440259469
FYN	0.11484897018910538
SORCS2	0.11481750826984616
SEL1L3	0.1147873473790083
MAPK8IP2	0.11457130910367597
DBN1	0.11454627492993294
DEPTOR	0.11393127256541705
RNF152	0.11391595909674383
HMOX1	0.11355456203079822
GJB4	0.11349190602795738
TRNP1	0.11338421941385533
DTNA	0.11284547171355529
SAT1	0.11272363732444149
SYN1	0.112434399116781
PPP1R13B	0.11237925967629056
CABLES1	0.11221036936892943
NSDHL	0.11214425473217497
DPP6	0.11182768702939203
TNFRSF23	0.11178336907044359
SLC8A1	0.11166690374353364
CDKN1A	0.11152564702224942
PLCL1	0.11148854256568885
AMPH	0.11139478716447537
MYZAP	0.11081779343812267
NRN1	0.11058888055052643
GM26579	0.11014082007337828
ARFGAP3	0.10982284597900638
PROS1	0.10953166869806112
EFNA5	0.10941527761394354
CADM1	0.10839322201250652
HYLS1	0.10829443097040053
DNM3	0.10797767756404401
FAM171A1	0.10747051133435526
REEP5	0.1071401886996834
ZDHHC23	0.10682950658718576
DLL3	0.10647138362985534
CXCL10	0.10632205969255558
RENBP	0.1061324043093361
SPINT2	0.10607612629031236
CDKL2	0.10529021309452624
RNF128	0.10431556380884278
RPH3AL	0.1041215531001309
ACTB	0.10365214414793307
6430548M08RIK	0.10358945649909251
TTC39A	0.10354883296160115
SYT17	0.10320566202620338
TMPRSS4	0.10270865105101988
FAM160A1	0.10223060936617362
MBIP	0.10201146613728126
BDKRB1	0.10182798760025051
CRYBG3	0.10140961654966005
NDUFA11	0.10132666709888107
DENND4A	0.10095274137968291
LLGL2	0.10009460966906086
IGFBP7	0.09977447632889641
COL6A5	0.09961144336765909
ENPEP	0.09906910633898455
GM3696	0.09862336842358442
EPHB2	0.09840647930258788
ARHGAP32	0.09803988073087806
GADD45B	0.0977023465377341
FLT1	0.09667305506782486
CRMP1	0.09656003546665626
REDRUM	0.09653471165486978
TRIM62	0.0964001485927148
WHRN	0.09593289581714046
MID2	0.09566763440739645
COPZ2	0.09560819104690577
CCDC148	0.09558791087576166
KRT18	0.09548656708326746
MSRB1	0.09522577414145787
ANXA4	0.09522124718531093
PHYH	0.09506491124982293
AFF3	0.09492953148350018
PREX1	0.09423033044941527
GPR83	0.09405361585101774
MGST2	0.09290460149264486
NXPH1	0.09256718921430424
CACNA2D1	0.0924232167547568
BASP1	0.09240431176413438
KCNK1	0.09197476356474903
WDR66	0.09156065330362838
GDF15	0.091190375202777
CDC14B	0.09092184511745642
CACNB3	0.09088363988459956
TMEM219	0.09035562788976274
SLC16A7	0.09027050983201686
MAL2	0.09012912958735166
LONRF2	0.08998825669233541
EML5	0.08930311372255927
CUL9	0.08918724374527087
KCNQ2	0.08901671291816747
NFKBIE	0.08877915266120608
AUTS2	0.08847408586342256
KLF4	0.08845490515485269
RASL11B	0.08792024698426905
RIMS4	0.08741257550196628
KIT	0.08686612409603149
LIMD2	0.08656605568006502
NRXN1	0.08638973163200007
USP43	0.08608074218592712
ITK	0.08563809829988592
FHIT	0.08540857763245463
YIPF2	0.08515425472774074
ASTN2	0.08503899861911739
PLXNA4	0.08501236660128574
HID1	0.08443121631309342
CPPED1	0.08413192180148032
ATP8A2	0.08366083412361319
CGNL1	0.08348037136571011
ELAVL3	0.0832290687055644
MARVELD3	0.08321323926416505
RAB39B	0.0818117986624281
TSPAN1	0.08171529908075635
NR3C2	0.08138224134541007
EN2	0.08047942499363381
B4GALT2	0.08046024870506745
MGAT4A	0.07947359332885374
ILDR1	0.07920577454186876
PNPO	0.07792046062215119
GM4070	0.07783154658868148
TNFAIP8L1	0.07738339765850463
WINCR1	0.07698731953469033
LIMCH1	0.07610032590798932
PLEK2	0.07608352503390559
AHI1	0.07578393313269435
GRB10	0.07532766591443274
TNFSF8	0.07513283305748351
JUP	0.07446067327738173
GPRIN1	0.07438627234143191
ANKRD33B	0.07438043677378257
NRCAM	0.07433080073225769
ALDH3A1	0.0741856130601392
OGFRL1	0.07324449734566128
UPK1B	0.07245067664541173
OLFM1	0.07203290596626195
ATP8B1	0.07160796500125331
BCAM	0.07091011063286182
EPHX4	0.07053546395607999
TESC	0.06992333242640106
AI662270	0.06938858266378094
TRIB3	0.06936389823555661
SERPINI1	0.06923151319756911
EGFR	0.06917192992991229
FUCA2	0.06893622398468413
DAPP1	0.06879815508886393
TRPC1	0.06836145757292675
CGN	0.06806166158165672
CDH22	0.06731063846819194
GRAMD3	0.06729575321102865
GDAP1	0.06672931778739644
CACNA2D2	0.06632424840496855
CLSTN2	0.06582085307769185
CCDC92B	0.06567121694435919
GRN	0.06523452228724005
CBFA2T3	0.06501576108163745
SH3YL1	0.06488903330908642
SARM1	0.06451361000178915
SVIP	0.06385242009600205
MDGA2	0.06348707048311468
DOP1B	0.06334788827070338
RHOC	0.062933272427739
KCNQ4	0.06210996831656309
PDLIM3	0.06192412085485587
ATP2A3	0.061761495143572515
B3GAT2	0.061596479771799516
ARHGEF16	0.061551213754450856
TMEM150A	0.061460159302315916
ACTL6B	0.06129672764438405
TMOD2	0.06113973802465042
EFR3B	0.06095290054869346
VSTM2A	0.0601218370968941
FGD4	0.06002653522306051
CSGALNACT1	0.059783894893369036
RARB	0.0597673954909294
B230110C06RIK	0.05965069628763573
PCSK1	0.058468693800571014
SPTBN2	0.0580262549342375
ERBB3	0.057839115225500226
EDN1	0.05759773962621436
HTATIP2	0.05736951343522883
ATP8A1	0.057309728120916115
R3HDML	0.056474983530568755
GPR156	0.056002582365687864
DYNC1I1	0.05523925607951676
CNKSR1	0.0550830588216417
MACROD2	0.05478557119576169
BC023719	0.05455127062837414
CCL24	0.053452371996358675
PDE1C	0.05340373299933746
CNTN4	0.05324776152525853
DOCK9	0.05271240461043824
CELF3	0.052510448474691426
PEG3	0.052474440824002384
CAPN5	0.052317202548323595
SLC9A7	0.05190886581178489
PCSK1N	0.05176139972861214
PDGFB	0.050861296930097555
HAND2OS1	0.04968980842649763
SCNN1A	0.0491936188021369
TREML4	0.04916814252013633
KCNH3	0.0491276322068273
PRUNE2	0.049119742489984075
RAB11FIP1	0.04784354321764585
CEND1	0.04766727767812628
MCOLN3	0.047346592802517566
SLC9A4	0.04728774141658798
1700001L05RIK	0.04661086355727075
KDF1	0.04597246128868104
TUBG2	0.045681157690516526
9530059O14RIK	0.04502125332421983
HOXB5OS	0.04473362571837357
PSMG3	0.04458240327706785
ADAMTS1	0.04436620279877695
CNRIP1	0.04420840165496141
SEZ6	0.04396819290632228
PLPPR5	0.043246228844898024
DOK7	0.04306914816097397
LDLRAD4	0.0425973571313126
FGD2	0.04234588291934061
PRSS42	0.041588707356960776
MMP15	0.041471194237133246
SIDT1	0.04071062278616052
CPLX1	0.04066718339914886
GM32219	0.040575227261790844
CCDC33	0.03991176840784604
EDN3	0.03982604713939404
PDZD2	0.03966103262588528
ATP2B2	0.0390684829161803
KIF5C	0.03873645940016818
TNNT2	0.03772052169763336
9330159F19RIK	0.037208793213163095
ACSS1	0.03720463887494236
EPB41L4A	0.036943683538984494
ABCB11	0.03668015509577295
ARL11	0.03543474491394701
GNMT	0.03531907600236716
GPR173	0.035208724266100264
PTGS1	0.034922001220651123
SYN2	0.03437965419925176
BCL2L14	0.03423656281014588
NNMT	0.03407432538278797
MARCH1	0.03350931978778533
KCNH7	0.03342859978007066
HSBP1L1	0.033257557776924795
GM19705	0.03298277308046899
GPR142	0.03258228150698009
HHIP	0.03231411750072388
OCLN	0.03222024531205513
NUP62CL	0.03177055873761903
CDC14A	0.031636802559160467
COL4A3	0.0312066912745621
FRRS1L	0.030503686066004752
ST8SIA3	0.030241780858938885
GUCY1B1	0.029959739225259102
GM44275	0.029187537770966738
EEF1A2	0.028991680280456344
PCDH9	0.02891277171038908
ARNT2	0.028137857836907684
PTPN18	0.028032456827723165
IGFBPL1	0.027330376197439197
ACSBG1	0.027129516726729273
SYT11	0.02642694787206642
SHISA8	0.02634342733836734
1500026H17RIK	0.02454703259801176
DCC	0.024347565119661175
KRT88	0.024030020345378614
GM46123	0.023728958784111746
8030423F21RIK	0.02318091088649118
PTGER2	0.02309096239819375
GM37800	0.022677551592568398
CKMT1	0.021658850575349876
KIF1A	0.020933206855743933
RCOR2	0.02074685396592012
SIGIRR	0.020711426036324122
LRIG1	0.020515346148805392
FAM163A	0.019920470542012396
GM14964	0.01942524056605516
TNIP3	0.019280814561797897
GM48893	0.019150199985783583
GM20005	0.019137314030206295
GM5150	0.018962467369407432
KLHDC8A	0.018548075055687407
PSD4	0.018395748383832004
ATCAY	0.0183311590445857
SH3GL3	0.018321354200509964
FMN1	0.01816511423982204
SOX1OT	0.018139632962664323
GM35853	0.0178800304381653
GM9895	0.017406552022691774
1700001C19RIK	0.017304502861249245
NAT8F3	0.017225696559555862
TRMT9B	0.01714741607497345
DOCK3	0.01684290588341475
CYP26B1	0.016610336909944932
RNF165	0.016279176232419305
PDE11A	0.015924278121855096
CLEC2I	0.015523343205734513
SELENOM	0.015493807923174046
PTN	0.015199972196225738
CCL20	0.014618572354351805
MYO1H	0.01432515533455937
PATE4	0.01426881117111417
TMEM154	0.014241097551405225
ALPL	0.014148695535738824
MXRA8	0.013960083258604693
KCNN3	0.013919610425881801
PAK7	0.013145411541514091
EMC9	0.012892540153922173
RAMP3	0.012884817745427476
LILR4B	0.012875022023058078
ACKR3	0.01277231150512835
FAR2OS2	0.012604841811457863
DLL1	0.012249375153104269
SIGLECG	0.012121199973437606
IL16	0.011953873971357548
CLMN	0.011814963945161126
CHGB	0.011753009563890386
AW551984	0.011603638627676797
MAPK10	0.011324347641436885
SLC35G2	0.011323643613903353
LHX3	0.011194025816041278
GM3854	0.01104031630833896
IGSF5	0.011022375329822632
ALDH3B1	0.010612207259871427
1810020O05RIK	0.010515694817931907
RHOJ	0.010439981037932883
IFI203	0.010083194482813253
STEAP4	0.010080619782205046
SLC26A5	0.010037687086606245
DHRS7	0.00996438285778675
CTSF	0.00979801607784452
AIM2	0.009427428957837814
APOL10B	0.00907992959616881
MPPED1	0.00892772167785201
COX6B2	0.008847699772422522
POU6F2	0.00842624660292837
TMEM54	0.008266743157812475
PAK1	0.008239001306408245
PRR15L	0.008231176536637758
HEPACAM2	0.0077274568732984055
GM50196	0.0074735095849063436
EXTL1	0.007368047685634556
AHNAK2	0.0071933588986728405
GPR149	0.007183379842253588
4921522P10RIK	0.007136704171940719
DNM3OS	0.007076466745086151
APOBR	0.007010428442844615
ITGAX	0.007006938661180607
PODXL2	0.006974197695023155
BCL2A1A	0.006786728799313532
GM30873	0.006776187343197231
CHST9	0.006364040636009949
NMU	0.006300510775802278
FBLN2	0.00628878188022309
MSLN	0.0062809343976790374
TUBB2A	0.00602254157575092
ZFP941	0.005928402419732737
KCNV2	0.005829852793292124
NR1I3	0.005801298201093861
SLAMF7	0.005727911485653276
TMEM171	0.005632337229567136
SPSB2	0.005513052452798559
EVPL	0.005434411686682095
FHAD1	0.004578686743420622
CAMK1G	0.0045752040954490855
GM26917	0.0045726666595745065
GM32151	0.004419358335753556
MPZL1	0.004110855532587365
MR1	0.004004152120786686
SLC36A2	0.0039984997907507955
OLFR1033	0.0039905759752629855
TSPAN6	0.0039394421899135975
HOXA7	0.003934848659605341
LZTS1	0.003887084147118568
RASAL3	0.003817205738392527
WDFY4	0.003795859000183259
ELN	0.0037676277209319126
ENPP3	0.0037214753131819085
TMEM268	0.0036637152133903537
SOAT2	0.0036230367399455905
NPTX2	0.0036203853187423522
NDRG2	0.003519962777172792
SERPINA3G	0.0034872669958557613
2210011K15RIK	0.003484551595319951
CCDC80	0.003433090857540794
GM11963	0.0033533192469321457
PAX3	0.003346942949854871
GOLGA7B	0.0033202444743056897
CD300C2	0.0032303270091905466
PDE3A	0.0031912632535615886
GM11636	0.0031266617329639306
GM5148	0.00307414369633536
4930459C07RIK	0.0030403371348290253
CYP4B1	0.0029503590793551315
GPR37L1	0.0028726753265611174
CFC1	0.0028602070038288583
CPZ	0.0028158747756504886
NPTXR	0.0027390822493864935
FEZ1	0.0027388230578639324
TMEM132E	0.00273881746457421
CRABP1	0.002709413189089734
SHISA7	0.0026839771611483184
CES1G	0.0026292797923868055
DNAJB5	0.0025462980958120027
DLEU7	0.002529755498261222
TMPRSS13	0.0025240379489094972
NAT8L	0.0024885263328634417
NUPR1	0.0023537552633604605
GM20559	0.002352525575238049
KCNH8	0.002320366778091067
F7	0.0023202135966523874
LAIR1	0.002317176978269996
KCNJ6	0.0023030843256807436
PRIMA1	0.002217738874109798
TBX3	0.00221453794499499
CYSTM1	0.0022082472510514535
GM15640	0.0021800555291548885
IGHM	0.0021784437279292654
SLC15A2	0.0021635875363653478
CPA5	0.002153703072622093
GM2814	0.0021054751536707483
ZBTB8B	0.0020990442491473586
CABCOCO1	0.002065158227930741
CARD11	0.0020055898184236135
RHOH	0.00198748491904984
WDR17	0.0019410542652234474
CD48	0.0018698825607164837
6330409D20RIK	0.001850238241528138
HAP1	0.0018292685255869917
CCR7	0.001785051596090018
B830012L14RIK	0.0017282743298082655
LINGO4	0.0017227197083529286
GM11627	0.0017152946120857478
VWC2	0.0017064094832954836
CNR1	0.001698477637438494
LY6G6D	0.0016951066114612833
GM10561	0.0016712328213726341
CARMIL3	0.0016300228198933096
VAT1L	0.0016212639945816453
HGF	0.0016192303592247588
ARHGAP27OS1	0.0015198043667118822
CREG2	0.0015060857863781146
OPRD1	0.0015008818992572385
CAR8	0.0014263294221210205
PRR36	0.0014179759196294478
LRRC4C	0.00139454179150502
ALDH1A2	0.0013740911959518782
4930555A03RIK	0.001352285239032395
RGS8	0.0013465927003078004
ADRA1D	0.0013414771768068294
PADI4	0.001327294062083973
CYP3A13	0.001306898807381394
COL6A2	0.0013055212920911076
SERPINB12	0.0012826658299607652
FOLR1	0.0012666853200623562
FNDC1	0.0012383859339292272
EMX2OS	0.0012303177312645262
TOX2	0.001187678352849004
RARRES2	0.0011766453333410748
DOCK2	0.0011724215286639226
MEG3	0.001129537526174369
ITGA8	0.001122697218740638
SHISAL1	0.0011160073947450078
GUCY1A1	0.0011107873982841325
PAX8	0.0010956644848851879
KCNMB2	0.0010604473574066873
CASP12	0.0010416184768903213
IL1RL2	0.000997996269320028
DCLK3	0.000992868067544205
SRPX	0.0009744887040692758
GM36107	0.0009677967464232978
CFAP47	0.0009523461024773846
4930455G09RIK	0.0009420804685221084
TFEC	0.0009395420208124076
GM46401	0.0009357544775603011
PCDHB22	0.0009303489625805201
RIAN	0.0009038854122302693
ADGRG3	0.0009029099161746325
ITGB2	0.0008984387258918965
ERMAP	0.0008914361577881346
NAIP2	0.0008835855390598656
IL7R	0.0008835118863809808
PTGIS	0.0008803381133984876
RSPO4	0.0008619756000383485
IGHG1	0.0008498194339746907
GPR39	0.0008474113805342569
GM32742	0.0008315021481890959
SERPINB2	0.0007913134475703784
COL1A2	0.0007883536473370475
GM15221	0.0007853846282863219
IGF1	0.0007572716917572164
P2RY6	0.0007468859343451631
TMEM89	0.0007463794122572359
DUOX1	0.0007231623628492027
LBH	0.0007226694829689541
CEMIP	0.0007200720400638657
4930539E08RIK	0.0006707162683181505
PPM1E	0.0006680373810319951
4732490B19RIK	0.0006647902224564457
PDPN	0.0006635852122704994
BNC2	0.0006559352761601342
CD84	0.0006339472991988004
FAM49A	0.000621852584919578
IL1A	0.0006213339318433981
CTHRC1	0.0006148952194474034
PTX3	0.0005959607097779833
RIPPLY2	0.0005750492409764057
PI15	0.0005745842499696926
ADGRD1	0.0005494657706743165
OASL2	0.0005359088900170887
CD53	0.0005263089734558774
COL15A1	0.0005127191872427091
LMO2	0.000505506641538138
PILRB2	0.000492954194961178
ADAM28	0.0004925477071916126
COLEC11	0.00047887189528972714
ENTPD1	0.00046598920084994636
THSD7A	0.0004541670264238476
PCDH19	0.00042799390823712434
CLDN10	0.0004265291750351494
ZDBF2	0.0004089378680925053
FMO2	0.0004043696452595765
IFI211	0.00040243813386709175
5330413P13RIK	0.0003995741719656596
SERPINB8	0.00039681840260050047
ARHGAP30	0.0003784171642859705
EGFLAM	0.0003771481217448078
GM2115	0.00036775672772366996
GM13470	0.000353734949373707
SERPING1	0.00035274994517703995
KLHDC9	0.00035091075662416237
CAR2	0.00034802875032579944
HOXA3	0.0003310886722987678
CLPS	0.00032344587075966983
TBX4	0.00031706532604554506
3300005D01RIK	0.00030977053631386274
MYL7	0.00030766100332605144
RAB19	0.0002985567420669137
GM48791	0.000296115043798098
SEPT3	0.000287216754335369
NRROS	0.00028542903227496115
DYNLRB2	0.00028406599329371113
CXCL16	0.00028382514790922147
ALOX5	0.00028344687480864937
AI661453	0.00027672008458793615
EMX2	0.00027649808330136225
GREM1	0.00027443787631799797
GM16685	0.00027045613237273465
VSIR	0.00026972354928438033
SEZ6L	0.0002600906442849821
COL5A2	0.00025953132987271656
CACNG3	0.00025812519119081524
NWD2	0.0002491394145476106
CDH11	0.0002411921668952554
ZFP982	0.00023932365829353817
GM12298	0.00023640920448938702
FCGR1	0.00022870922932285
SRPX2	0.00022698407550714853
SLC11A1	0.00022287277853222368
FABP7	0.00021906100270384807
GIMAP9	0.00021351707731147098
PTPRB	0.00021330535339111585
GASK1B	0.00021325053618436203
MS4A8A	0.00021032996967286895
RNASE4	0.0002093992566064192
NOD1	0.0002033425537321075
2900045O20RIK	0.00020284657206949308
CSRNP3	0.0002015900568217725
PREX2	0.00020055738078450497
METTL11B	0.00019459766728942144
LSP1	0.00018886520671228938
GM7967	0.00018540587066178237
ANKRD22	0.00018307905073296945
GM27040	0.00018295415396608392
SLIT3	0.00017992984992381663
COL3A1	0.00017816809046518198
FAP	0.00017660802077617237
GM29128	0.0001751774868581303
GREM2	0.0001699708158747249
MUC2	0.0001664324326068787
GABRD	0.00016300643677372284
COL6A3	0.0001614375288634496
LCP2	0.00016060569944291371
GM8113	0.00015937063409671655
RSAD2	0.00015651104898666774
PLS1	0.00015299129378006833
MPIG6B	0.0001513893743853088
NCKAP1L	0.00014925828593904017
CEACAM16	0.00014849773483315354
FAM183B	0.00014833097000330466
SHANK3	0.0001481274785140602
PRRX1	0.0001455519388283801
PYGL	0.0001452917375592037
9530036O11RIK	0.00014164571353979407
CACNG5	0.00014056680111412578
PDGFRA	0.00014008244324399753
DIRAS2	0.00013825211837670406
TRPC6	0.0001379199560614036
GULP1	0.00013744985453570543
WT1OS	0.00013656738258633223
RFLNA	0.00013452146670514875
1810019D21RIK	0.0001344845217198838
GBP2	0.0001330581411029623
CLEC12A	0.00013248311575012379
CCL22	0.0001324378328515433
NRXN3	0.00012797191507831445
GM29019	0.00012685174766296375
TMEM35A	0.00012587572204556067
PTCHD1	0.00012464268666203596
GATA6	0.00012369755142657124
MRC1	0.00012278706395206642
CD22	0.00012173955826881443
GM28154	0.00012020686248714539
PROK2	0.00011999211695260759
GM19276	0.00011794945283740431
GM35533	0.0001157990714334452
H2-Q6	0.00011216950615750598
TMEM132D	0.00011178175485111482
D730045A05RIK	0.0001115771742755262
POF1B	0.00011092893614819308
VGLL3	0.00010605122641823768
TRIM30A	0.00010457924259669179
ARHGEF5	0.000102281794273349
TRBC2	0.00010188594587197763
HS3ST4	0.00010156627301027546
CLCA3A2	9.892021068265118e-05
ACE2	9.884592884986922e-05
PLPP7	9.700419143125573e-05
9930111J21RIK2	9.643198877128772e-05
PGF	9.522220866369933e-05
GABRA3	9.442938162748933e-05
CHIL3	9.026459075569848e-05
SPI1	8.982148558142103e-05
MT4	8.897432473620675e-05
BGN	8.875915025257733e-05
A730020E08RIK	8.677690165450534e-05
INPP5J	8.667647799102817e-05
VCAM1	8.554253752514123e-05
MFAP4	8.522670915688251e-05
KCNC4	8.313015532723405e-05
PDE1B	8.25604711428297e-05
H2-AA	8.202442250062979e-05
PHLDA2	8.062510485341714e-05
BANK1	7.964359605844084e-05
GM17745	7.727675499917755e-05
KYNU	7.683287423908856e-05
PLEK	7.599561680728832e-05
FHDC1	7.433454198766805e-05
SAMD13	7.120893310306198e-05
GPR85	7.083914664249652e-05
CXCL2	7.019789139605184e-05
HTR2A	6.930167867745978e-05
C3	6.910243018491943e-05
CAMKV	6.89907333554336e-05
GM38843	6.892936388759901e-05
ADAMTS5	6.677231812658179e-05
NELL2	6.665489451599118e-05
GM15987	6.551061428094134e-05
PIK3C2G	6.533095922800584e-05
CD83	6.399411989925377e-05
ZFP711	6.17895664501546e-05
PDE7B	6.117641550672214e-05
GM16287	6.0582103019485924e-05
GM50147	5.7988440855708e-05
GM31718	5.768769336167278e-05
DNAH12	5.6985798965533704e-05
PIK3AP1	5.6799425754887315e-05
TGM5	5.647589224133791e-05
GM8369	5.642870145129564e-05
TEKT4	5.587868315187362e-05
1700028I16RIK	5.554068397763769e-05
ZFP804A	5.4305411460104e-05
ABCA4	5.3316412957781546e-05
DCHS1	5.3233441181130315e-05
MINAR2	5.275356176368194e-05
NR0B2	5.27319223869463e-05
COL4A1	5.083604036782437e-05
VAT1	5.062956634832644e-05
GM47936	4.9382604472064046e-05
SPARCL1	4.889243726716029e-05
GM34730	4.8377381960508145e-05
LAD1	4.8136281385185756e-05
THY1	4.642268935636676e-05
FLI1	4.478630949701462e-05
GM29630	4.3915554334561925e-05
GM4951	4.3217157841721894e-05
ADAM23	4.1083012318000243e-05
PKD2L1	4.0569236126875164e-05
GM17733	4.0378618449002146e-05
GAD1	4.018526649571765e-05
GM20501	3.9999156420058846e-05
PRDM1	3.8223541980387764e-05
SMBD1	3.784517969505724e-05
M5C1000I18RIK	3.761772614076043e-05
CXCL5	3.726386412523881e-05
STMN2	3.5254132901831065e-05
NCAN	3.511258006097613e-05
GASK1A	3.50657634176116e-05
IL6	3.434191786997942e-05
GPM6A	3.3549245917291054e-05
STX1B	3.231943570021431e-05
2010007H06RIK	3.1206274312882006e-05
TCEAL3	3.072202435862329e-05
SLC6A5	2.93935357827228e-05
CCL6	2.9305966607516943e-05
BB123696	2.8541094047480473e-05
KLC3	2.829160551573654e-05
NR2F1	2.8176996095023077e-05
ZFP536	2.761895723990207e-05
TRP53INP1	2.7453889593240024e-05
RELN	2.6985762732725876e-05
LRRTM4	2.6288327470933416e-05
THBS4	2.628515455331301e-05
SLC1A1	2.595007760089426e-05
P2RX7	2.5548453090545948e-05
NYAP2	2.5427300176806906e-05
NME9	2.492545610371966e-05
CSF2RB2	2.486570271545447e-05
PHF24	2.445307950689953e-05
TMEM45A	2.430618153059296e-05
CMKLR1	2.3704453939019327e-05
CNTNAP5B	2.3701218949414208e-05
MMP2	2.3583832842123345e-05
IKZF1	2.3255376894007465e-05
RGS2	2.321963663044089e-05
ITGA2	2.304905882243385e-05
COL4A2	2.30279967682121e-05
F730016J06RIK	2.2807367807072322e-05
HOXB8	2.2568960349138572e-05
ADAM18	2.2547776165937084e-05
A830018L16RIK	2.2496094903519796e-05
NYNRIN	2.2352698188416358e-05
NELL1	2.2020744770194358e-05
GM47328	2.1739742992712192e-05
BST1	2.141421932694642e-05
F10	2.1334851455545135e-05
DNAH5	2.1172740642010012e-05
A2ML1	2.1018472395078273e-05
GABRQ	2.0681398849164878e-05
CNTN1	2.0559595422973754e-05
GREB1	1.993807069907543e-05
GM33370	1.9749869672933088e-05
INHBA	1.9668212167559314e-05
TBX3OS1	1.9648700533633678e-05
NRG3	1.9358683713628644e-05
PTGER3	1.9342494832558737e-05
RANBP3L	1.9073525907415322e-05
REG4	1.8031716853008242e-05
ANKS1B	1.8010183367247993e-05
EGFEM1	1.781418763243392e-05
SLC10A6	1.7781738485925797e-05
TSPAN2OS	1.766289218769182e-05
ADAMTSL2	1.717595362382216e-05
DGKK	1.611431200136462e-05
TMEM121	1.59643176128047e-05
PCNX2	1.5942444973980962e-05
GNAZ	1.5862492520773726e-05
CCL5	1.5849040544006998e-05
ADAM19	1.49277970123468e-05
SLC27A2	1.4255214067891553e-05
RAB37	1.3828784211767529e-05
2610016A17RIK	1.3764151419346461e-05
ESRRG	1.3417718643774257e-05
GM9899	1.282243401992332e-05
GABRE	1.2753312869746225e-05
GM29502	1.266802973866509e-05
RTN1	1.2125804964407769e-05
WT1	1.210821301126904e-05
CASP1	1.2098198867738598e-05
IL21R	1.2093690330615711e-05
IGSF21	1.1913757232236209e-05
TUNAR	1.155657653712836e-05
CTXN2	1.1149596136799871e-05
GM10244	1.0950757207523698e-05
FLT3	1.0705211550944815e-05
SGIP1	1.026542802668413e-05
GM50397	9.847098611587784e-06
BMERB1	9.77269999501797e-06
GM16099	9.400397879491218e-06
ATP6V0D2	9.058903215919947e-06
GM49767	9.039629985402306e-06
ERICH3	8.732620424838541e-06
SNHG18	8.699053809881112e-06
NUDT10	8.563968574112849e-06
PTCRA	8.481430568196483e-06
ANKRD1	8.343230506442987e-06
SYK	8.24696997916818e-06
OACYL	8.17051391691966e-06
SLC44A5	8.167429894933487e-06
COL26A1	8.115900522499171e-06
LRRC2	7.98624923078332e-06
TUBB2B	7.615999331101506e-06
1110017D15RIK	7.1090008019569015e-06
HHIPL2	7.032379655167371e-06
TSPAN11	7.018101541792258e-06
AOX3	6.953574794630647e-06
GM13063	6.813124935526218e-06
PKD1L1	6.802945545189033e-06
VIL1	6.687071892994296e-06
ITGAM	6.610179856695318e-06
ST6GAL2	6.584587605021012e-06
TMPRSS2	6.5063569358104075e-06
FAM124A	6.4808472929761435e-06
NEIL2	6.288121963070714e-06
STAT4	6.216896801525742e-06
CDH6	6.116186678827415e-06
TPH2	6.114109607115197e-06
ERBB4	6.095148699946882e-06
SPRR1A	6.001875505665204e-06
SALL1	5.870598552008918e-06
GM20208	5.818305461360836e-06
NDST3	5.598093351079785e-06
GPR132	5.4724504262471795e-06
GM46224	5.413352327595597e-06
CRYAB	5.279648986852069e-06
GM26760	5.238706361813971e-06
GM1627	5.213765048354732e-06
PPP1R17	4.9899677686757845e-06
CREB3L1	4.9599344021761174e-06
CATSPER4	4.937484938089722e-06
ISL1	4.867844135797365e-06
SEMA3G	4.724463393355645e-06
GM2956	4.7035247583575125e-06
CDKN1C	4.646002618465758e-06
LMO3	4.604615524696197e-06
PPP1R36	4.539393930522081e-06
GM14207	4.537304172619057e-06
CD80	4.456723928491773e-06
AXIN2	4.406712451006716e-06
HCK	4.333688654051595e-06
RBFOX3	4.255390303406206e-06
AMER3	3.910644746696479e-06
PIK3CG	3.904303514914113e-06
GM39302	3.841988952621472e-06
PINLYP	3.8419281770628325e-06
GDA	3.7866621358692507e-06
MMP10	3.7552136970824596e-06
GSTP3	3.5308411383399695e-06
KIF26A	3.473851488743045e-06
GM671	3.4683077775733e-06
ADAMTS2	3.454990919817499e-06
KCNC2	3.4320170584216786e-06
HAS2	3.2383681266956724e-06
FGF10	3.2063189383875993e-06
LCP1	3.1541930801633724e-06
GM3558	2.990863271296107e-06
CD1D1	2.9727920761953345e-06
GM29561	2.876131488799146e-06
TUB	2.7847072519741467e-06
TRANK1	2.7742748049954343e-06
CES5A	2.747314524358261e-06
DCX	2.6841984297313543e-06
MMP13	2.6669536558475227e-06
EHD3	2.6633539791766883e-06
MFAP5	2.653363731544024e-06
TMEM130	2.645592059486795e-06
MUCL3	2.6317089822115316e-06
GM33699	2.59488043781932e-06
KHDRBS2	2.5672313333735896e-06
CAPS2	2.50219534721769e-06
PCSK5	2.442911463494671e-06
MAGI2	2.405629711336304e-06
NSG2	2.3716098192493784e-06
SCN3B	2.2966377135503746e-06
BCL2A1B	2.2334895448438405e-06
ABCB9	2.2154364577683317e-06
SP140	2.182960599284331e-06
CLEC4D	2.162204928839263e-06
GM27217	2.161755327139512e-06
PPP1R3A	2.110886332863266e-06
SYT5	2.0750721910771874e-06
SLC15A3	2.057902958397056e-06
PPP1R1A	2.0571288946833186e-06
DMRT3	2.0534089886014888e-06
1700071G01RIK	2.023823482858156e-06
TRAF1	1.9950800829031096e-06
MAF	1.9680227082415728e-06
GM16630	1.8256287638570576e-06
COLEC12	1.7913942128868368e-06
ERICH5	1.779363164414782e-06
2810433D01RIK	1.7350104880307355e-06
CNTN5	1.7013469742071185e-06
MMP3	1.6382104128763256e-06
TPH1	1.5826079260261988e-06
TTC22	1.5386743040913575e-06
SEC16B	1.5302219297928303e-06
RAD21L	1.4378602857142744e-06
MS4A4D	1.3849510291180302e-06
RGS18	1.3413232998743458e-06
NEUROD4	1.3113005108925798e-06
TACR1	1.266194231560229e-06
ADAMTS19	1.2339694147272658e-06
CTSS	1.1661092032393819e-06
TDRP	1.1634823268502671e-06
HOXAAS2	1.1379578608494321e-06
GM42912	1.1244797202483563e-06
GNG11	1.113772206853993e-06
LGALS12	1.0591932951388076e-06
CACNG4	1.0542414966173877e-06
GPR179	1.0436901507233817e-06
TMEM198	1.0202275070782817e-06
BEAN1	9.970704066593628e-07
GNA14	9.475819029902637e-07
KCNMB1	9.406815360933258e-07
RARRES1	8.830129732612443e-07
DGKG	8.636909749911203e-07
GM6093	8.459341048160051e-07
FBXO43	8.237281763833701e-07
SLC9A2	8.22329358273943e-07
PRMT8	8.012448602698332e-07
EPHA7	7.672965082657113e-07
IRF7	7.287467629770075e-07
SMIM10L2A	7.223428197813648e-07
SPHKAP	6.7219846794913e-07
KLHL40	6.694659254726293e-07
HS3ST1	6.433617410317722e-07
MARCH10	6.43193009047978e-07
TAFA1	6.291979365516694e-07
ZFHX4	6.212983004554462e-07
APC2	6.1567894422735e-07
HPGD	6.136046620895916e-07
DKK3	6.086279391820442e-07
EDNRA	6.036484216930754e-07
CYBB	5.902820302905674e-07
CHST10	5.893263129241626e-07
GM26862	5.849955397313648e-07
CD38	5.818364246411954e-07
DMRT2	5.468438572718254e-07
CLEC4N	5.381583656890367e-07
MIPEPOS	5.363081179955769e-07
GM43400	5.210541893645708e-07
RDH1	4.953280485555952e-07
GM45833	4.921345414527355e-07
BCL2A1D	4.813800067908051e-07
PCSK2OS1	4.812877360752237e-07
TUBB4A	4.511240072179556e-07
FGF2OS	4.4690848974645297e-07
SCN2B	4.464706916450932e-07
MYLK4	4.444311864447717e-07
1110018N20RIK	4.0691268996206986e-07
CD86	4.005056451892048e-07
ASPHD2	3.976928294910904e-07
LDB2	3.702900704569923e-07
CIB3	3.693845067985709e-07
EPHA3	3.6005806157074066e-07
GM16152	3.5857729230403723e-07
PLATR27	3.2927008951502837e-07
HRH3	3.2338487584981765e-07
TTLL10	3.2304990908436947e-07
GRIK2	3.190692957474131e-07
MRVI1	3.085680798627847e-07
PRRT1	2.905529380575581e-07
PCP4L1	2.808278209625858e-07
UNC5D	2.7203665257377776e-07
PTPRC	2.686753222810025e-07
GM20139	2.6356396805983494e-07
GM41764	2.6042132446878587e-07
ITGBL1	2.351214822990893e-07
TMEM236	2.3468149362533602e-07
LILRB4A	2.2563488463309728e-07
GM31282	2.2061597862207788e-07
S100A16	2.1936047907980172e-07
GM31592	2.1722160154334802e-07
IZUMO1	2.0201433783009152e-07
ADD2	2.004026671907808e-07
HRK	1.8417070529265553e-07
VSTM2L	1.770702038730773e-07
GM11728	1.724820409633746e-07
CDHR1	1.6273412267070949e-07
DSCAML1	1.6206624085613433e-07
CFH	1.5268351040187729e-07
SLC22A2	1.5193096636164275e-07
COL14A1	1.5082626443989148e-07
USP18	1.444751994971413e-07
PPP1R14D	1.3741320128427718e-07
IL1RN	1.2458439969127075e-07
CACNG2	1.215850720645499e-07
CORO1A	1.214234860562236e-07
XCR1	1.2064879137606767e-07
MMP25	1.2048212873435657e-07
FERMT1	1.1773389962074629e-07
LPIN3	1.1735003025934247e-07
TCEAL7	1.1609309241761958e-07
ARG2	1.1318478882579245e-07
ART1	1.0982692283054961e-07
XKR7	1.0867900137756161e-07
SCRT1	1.0808945042433115e-07
THSD7B	1.0514977519680655e-07
ASB4	1.034377530952361e-07
A830082K12RIK	1.0289101010327955e-07
OIT1	9.897031456954484e-08
BMP3	9.460697002987488e-08
DERL3	9.341210817456553e-08
TCFL5	8.432135239821914e-08
GBP7	8.390692625187678e-08
CDX2	7.895296226844045e-08
MGAT4C	7.368606082890956e-08
CDH18	7.080618521192667e-08
GM29684	7.020144662848338e-08
CCDC187	6.762359446255525e-08
GM13528	6.481510576822795e-08
TTN	6.420905444398672e-08
LIN28B	6.405432541855246e-08
RADX	6.298217519116055e-08
RAET1D	6.260698552805468e-08
4930413F20RIK	5.930503432741285e-08
SEMA6D	5.9280991574194914e-08
MT3	5.8439881205071287e-08
ZFP467	5.402306390976991e-08
BPIFA1	5.063785620130766e-08
HEYL	4.926179832777265e-08
PDE9A	4.800201657766904e-08
MYBPC1	4.764697416271774e-08
GM20735	4.7251776233517964e-08
CCDC172	4.7063109031689846e-08
SHC3	4.7008092572535254e-08
ACNAT1	4.55539897100495e-08
TRIM71	4.5369537312024144e-08
MMP8	4.450771530969692e-08
GABRA4	4.4072395341936086e-08
GM3752	4.394157148384657e-08
CFAP52	4.2525470512561325e-08
SIRPB1C	4.201619837077971e-08
GM2974	4.195861774549144e-08
GM26725	4.1211526624863014e-08
MLKL	4.111130836519065e-08
OVOL2	4.079377401443811e-08
D830030K20RIK	3.9826277797566846e-08
KBTBD11	3.8210639594432295e-08
MGLL	3.814791464943293e-08
PATJ	3.776596337391983e-08
DHRS3	3.754584360762609e-08
PROM1	3.583379798338994e-08
GM15918	3.4555144593048404e-08
GM41231	3.397879650749487e-08
GM15351	3.392149266474708e-08
GM12951	3.146411788509852e-08
GLRA1	2.8350368067386845e-08
GM4610	2.5568938357284078e-08
KIFC2	2.4180512438645898e-08
HS3ST6	2.249184383351216e-08
AMHR2	2.155334983926626e-08
CCDC85A	2.1400903100103148e-08
CAPSL	2.1289234787690052e-08
ENPP2	2.07382367125946e-08
JAKMIP3	1.9895402930500225e-08
ZFP36L1	1.978593844819438e-08
BB218582	1.9510533148886632e-08
BTBD17	1.942710009538282e-08
TMEM255A	1.929418364719814e-08
ANKRD31	1.7579615615105495e-08
ANKRD34B	1.7272511437396096e-08
KCNV1	1.5591667409749675e-08
CD55B	1.5033411023305508e-08
TBX5	1.4317506440158778e-08
VWA5B2	1.3892795648319135e-08
CNTNAP4	1.3854152716217923e-08
GAP43	1.3430270398861474e-08
PTGFR	1.3310030046772052e-08
CMPK2	1.2504794601665134e-08
TAFA4	1.237734068639752e-08
WNT3	1.2116966282508992e-08
TNFRSF11B	1.1794262472376784e-08
F5	1.1633063419379663e-08
ARHGAP8	1.080885497067093e-08
PIK3R5	1.0759799330846079e-08
ADGRB1	1.0721744526472118e-08
MYO3B	1.0563524318323098e-08
HPN	1.0518640448400509e-08
FGF2	9.972930422648748e-09
LTBP2	9.676907393333556e-09
COL9A2	9.517598152394724e-09
FAT2	9.500730571994477e-09
LIN28A	9.37635734420347e-09
PAX1	9.116416861904376e-09
RASSF4	9.103585276806322e-09
L1CAM	8.590755360223702e-09
NKX1-1	8.568097016552426e-09
FLYWCH2	7.908566179120053e-09
STMN4	7.825911872388945e-09
SYNPR	7.817538679825815e-09
ARHGEF6	7.573091958929749e-09
RFTN1	6.894171048807552e-09
D330050G23RIK	6.7220276487250924e-09
GAS6	6.65847286895102e-09
H19	6.584939149951489e-09
NKD1	6.574424821828935e-09
HALR1	6.4385175022115615e-09
GM30085	5.7163527336923365e-09
CLGN	5.7137250181058065e-09
IQSEC3	5.577493563767196e-09
EPN3	5.407590335781706e-09
MAOB	4.889032648378219e-09
DSC2	4.879988836038697e-09
KCNJ15	4.8326464772307295e-09
GM45447	4.6366509532626584e-09
MEGF10	4.513352704347493e-09
DUSP15	4.233695670685868e-09
FXYD1	3.807410372786208e-09
RNF180	3.7842545011754735e-09
CEACAM1	3.741200862374047e-09
9530080O11RIK	3.713857662600038e-09
ITPRID1	3.673572381515849e-09
TMEM108	3.659200628929608e-09
GFRA2	3.353321133297535e-09
GM19590	3.341067008313206e-09
FRMPD4	3.324349922780182e-09
UBXN10	3.2243741394005376e-09
GM50339	3.1692144214182863e-09
GM26782	3.1424363771556755e-09
TCN2	3.1412553035075578e-09
TRF	3.0632814104918818e-09
MS4A6C	2.9760446256893655e-09
SLC26A9	2.9468416422619945e-09
ITGA4	2.6771808991591233e-09
SLC43A3	2.578575434292357e-09
KCNB2	2.514977044995324e-09
SMOC1	2.3850847896854785e-09
ULBP1	2.3711027254311053e-09
GM3252	2.3244831440281026e-09
GM5796	2.295094129158627e-09
HEBP2	2.113247585064951e-09
NKAIN2	2.1015284679516455e-09
DNAH9	1.8373781289178936e-09
GM8251	1.8295303859249556e-09
SCRT2	1.7522220355215705e-09
BDNF	1.7494097180082976e-09
GALNT6	1.5651015817576431e-09
SLC7A3	1.554696394983993e-09
GM4791	1.4506667029973517e-09
GSDMD	1.4389336591812702e-09
CLU	1.2267978885687394e-09
ITGB6	1.1982066068338849e-09
XDH	1.1315422549578852e-09
IL20RA	1.1102608758158111e-09
CRTAC1	1.0871462761147094e-09
ESYT3	1.087001762507447e-09
TNFAIP2	1.0556418002028777e-09
MEST	1.0074655529041923e-09
ATOH7	1.0066237605251865e-09
GRIN3A	9.44091323973905e-10
C230038L03RIK	8.999234168008439e-10
UPB1	8.943543967361364e-10
SLC29A4	8.94144700771395e-10
S100A3	8.218783407627678e-10
OLFM2	8.190779734916303e-10
CAPN13	7.192722581793318e-10
PIRT	7.053874427635515e-10
MIR142HG	6.583912609387321e-10
USP27X	6.421751219996764e-10
CLCA3A1	6.345664227740769e-10
1700113H08RIK	6.223683051188091e-10
DISP3	6.193264149272646e-10
ARSJ	5.826540672895184e-10
GM48284	5.459443305645821e-10
4930488L21RIK	5.266946709491396e-10
CDH3	4.846559571155087e-10
VCAN	4.750567097983376e-10
CASP4	4.739019327948933e-10
LYPD1	4.6464010702557555e-10
CHST14	4.5581653077973915e-10
GSDMA	4.51293242563427e-10
4930471G03RIK	4.186714724708225e-10
VMN1R210	4.10356486769459e-10
STFA2L1	4.083277251353725e-10
NXPH4	3.8000645663125196e-10
GLB1L2	3.75859720879461e-10
5730420D15RIK	3.522963059841222e-10
GM40841	3.40770882373734e-10
BMPER	3.228389730986218e-10
STKLD1	3.049177772011465e-10
LTF	2.9535818622917864e-10
NGP	2.9423076663006215e-10
CDH9	2.9219370623148686e-10
GSTM7	2.8457864476290204e-10
UMOD	2.839356727224183e-10
PRICKLE2	2.723583026619145e-10
FBXW10	2.688623521044368e-10
GM13049	2.5932324953768203e-10
LAYN	2.586661921497564e-10
NUDT18	2.501487626608276e-10
CRIP1	2.484532052364866e-10
GRIA4	2.4438348444831034e-10
SERINC2	2.3953195074909983e-10
LRRN1	2.1670299605253244e-10
FSTL5	2.1556749821478378e-10
SYNDIG1	2.1514209847110438e-10
SNRPN	1.9778862425374034e-10
MGAT5B	1.97278646660743e-10
FA2H	1.9073590670734764e-10
TRIM12A	1.8625142050777234e-10
AJAP1	1.6292921814262408e-10
EXOC3L	1.6283274853453053e-10
GM17749	1.610500162384009e-10
PDK4	1.5801958707366523e-10
PCSK2	1.5539388049142933e-10
PLD5	1.5295492658962715e-10
AI463170	1.5123956541745783e-10
DTX1	1.477938210132549e-10
GRXCR2	1.40279951657916e-10
ADGRB2	1.23092284156228e-10
KCNQ3	1.2026785183010337e-10
MMP23	1.1894966815326246e-10
GM33103	1.1779916502797202e-10
APLN	1.0766118070223983e-10
CELSR3	1.0552674666473271e-10
ARMCX1	1.0512249660599325e-10
HSD11B1	1.0221068192018132e-10
CD200	9.184716519557598e-11
ATP1A3	8.981040883339505e-11
U90926	8.833482683256633e-11
TPPP3	8.248716053118947e-11
GM50304	7.678274057408715e-11
NKAIN3	7.139409967259682e-11
SVOP	7.02704117648122e-11
1700016L21RIK	6.544728062029241e-11
B3GAT1	6.378840440845917e-11
NES	6.378574636220837e-11
AIFM3	6.274349682556489e-11
MARCH4	5.1824612271425555e-11
LAMA1	4.9548485415647586e-11
ADTRP	4.771587676665389e-11
PLCD1	4.508641087824784e-11
SVEP1	4.464383619562685e-11
DSCAM	4.1083065882633955e-11
SNX31	4.058292646707958e-11
XLR3A	3.694820460473602e-11
HTR3A	3.6585863481226994e-11
PRSS22	3.503318871257901e-11
GM11716	3.3659325012317225e-11
JAM2	3.315298381216618e-11
SH2D1B1	3.0734432407244363e-11
SMIM22	2.9003185759214568e-11
SLC38A11	2.8626906541779478e-11
DPP10	2.65879562305957e-11
SLIT2	2.647487607463842e-11
CD164L2	2.5974978968583736e-11
LPCAT2	2.4134863810901263e-11
PGR	2.3657772711726393e-11
C1S1	2.2937894006975426e-11
TDRD5	2.292829216741357e-11
BRINP2	2.2461426645762477e-11
2610042L04RIK	2.2088204975205823e-11
CXCL15	2.192327576792497e-11
PLAC8	2.1787094690710548e-11
LRRTM1	2.1646144952122426e-11
GM30363	2.045030439750191e-11
TUBB3	1.916618598100148e-11
TMEM150C	1.8019866541730128e-11
GM16136	1.531808345145275e-11
GM28710	1.4247852529547507e-11
SULT4A1	1.3837849601741665e-11
SCARA5	1.3819536623197763e-11
ZFP983	1.3699928437086228e-11
BEST3	1.3385225252491274e-11
CSF2RB	1.2803998662056049e-11
DAB2	1.262991568514124e-11
GM9866	1.1997749707261861e-11
FST	1.0834492299797833e-11
CD74	1.0764300648242139e-11
5330416C01RIK	1.040999699782234e-11
ADPRHL1	1.037155788134423e-11
TMEM196	9.358133962230567e-12
CDC42EP5	8.465139568097387e-12
KCNN4	8.43560017752671e-12
IIGP1	7.79309445052262e-12
HCRTR1	7.6997961162422e-12
PRSS2	7.62071604974908e-12
KCNK12	7.297957950425595e-12
APBB1IP	7.1223256765538405e-12
SCML4	7.11343146591236e-12
CUTAL	6.73503566738161e-12
CD36	6.4763943639087166e-12
CLDN23	5.3401996771800135e-12
PTPRR	5.195214170483593e-12
CD300LB	5.142655415392687e-12
CAR10	5.13308635825902e-12
CBLN4	4.872763430629819e-12
PGPEP1L	4.864152210854109e-12
MIAT	4.337055310855765e-12
NPY1R	4.22769251271344e-12
MARCH11	4.113056530019971e-12
GM8237	4.015280035363036e-12
GRM7	3.977570325411564e-12
CABP4	3.839836236069553e-12
GM14401	3.774563113911105e-12
FRMPD1	3.651456569353916e-12
CACNA1E	3.6180691067476984e-12
A530058N18RIK	3.3313246803845926e-12
MIRG	3.1598479784341847e-12
LXN	3.13736162746878e-12
SAMSN1	3.0007453910928088e-12
KCNIP2	2.630579562925776e-12
GM3667	2.47205473171961e-12
ILDR2	2.441141810480255e-12
GRID1	2.341594889938908e-12
ARMCX4	2.1533458092015393e-12
CHL1	1.827168559765689e-12
PDLIM2	1.6119377891770356e-12
HS3ST2	1.5944202633425456e-12
PROM2	1.4793973476006813e-12
TRPC4	1.439607899871299e-12
CCL2	1.3878125602574608e-12
GM6277	1.3437373576905225e-12
DACH1	1.3410031018860241e-12
DOCK10	1.2662114164390863e-12
PLA1A	1.248859269518694e-12
GM14002	1.2292922187531683e-12
LRRC8E	1.223426869072911e-12
AI646519	1.1178141025870064e-12
BACE2	1.0080154329116237e-12
PPFIA2	9.893212532787575e-13
SLC39A8	9.81845941329942e-13
MDGA1	9.651509163391986e-13
CFTR	9.599825222562608e-13
SOX5	9.277718302475448e-13
STRA6	9.041708065443783e-13
LRRN2	8.938306214225446e-13
TENM1	8.715704037025679e-13
COLGALT2	8.335423915438334e-13
CRB1	7.994234843122228e-13
CDH4	7.931205161469509e-13
FBP1	7.865734252088228e-13
TENM2	6.935513337889562e-13
DCN	6.645682653789938e-13
ARHGEF15	6.235628338598059e-13
1200007C13RIK	5.713013582345323e-13
ADAMTS16	5.347497370653808e-13
SLC16A5	4.917687977502848e-13
TNK1	4.892368256126607e-13
MYT1L	4.579131959594277e-13
4933431E20RIK	4.2994213509245595e-13
IGLON5	4.2914656546013557e-13
HCN4	4.290389021742592e-13
DLL4	3.9429772906251713e-13
GM2897	3.473400468165019e-13
DAB1	3.276986389519545e-13
AZGP1	3.231667022438827e-13
GRIA3	3.0860252335164084e-13
RBBP8NL	2.908524772918627e-13
SPON1	2.7777368622369035e-13
CNTNAP5A	2.7309808484758e-13
SYTL1	2.4752899041639194e-13
GM42902	2.448239351791484e-13
SHANK2	2.0679160769529144e-13
RGS9	2.0215673417784006e-13
SLIT1	1.9462548875093742e-13
CES1D	1.9288323982903156e-13
ANKRD55	1.8889553171909375e-13
ICA1L	1.8665373514058216e-13
GM3264	1.8562059597016335e-13
PTPRO	1.8372296918851783e-13
PRSS8	1.7867986487851425e-13
GADD45A	1.5505721363668157e-13
ANO4	1.513858925975685e-13
PTPRT	1.4489919205604536e-13
RSPO3	1.4211307474069112e-13
TSPAN18	1.2200432716091045e-13
MEIOB	1.1791613864598597e-13
DKK2	1.0770149304956837e-13
RAB6B	9.478609973682732e-14
SNPH	9.419107157884222e-14
CD300A	9.140988476866739e-14
TG	8.216037571811815e-14
SUSD1	8.203513613797711e-14
GM15915	7.630038061544759e-14
COL5A3	6.284683760206503e-14
TNFRSF11A	5.561990408040094e-14
9630028I04RIK	4.805143001814657e-14
CKS1BRT	4.4537198880379314e-14
AKAP6	4.281615333268548e-14
1700023F06RIK	4.1225696180421296e-14
GPR65	4.015611491590002e-14
TMEFF2	3.8640673604753144e-14
PEBP4	3.7885256643079144e-14
GM3591	3.7760631985332925e-14
4930578M01RIK	3.606790088883325e-14
GM16183	3.399338238733368e-14
PLA2G3	3.3782323469001544e-14
MAPK13	3.201389111538084e-14
PRKCB	3.064957959563383e-14
MANEAL	3.0174756576485086e-14
TNFSF4	2.939150859249307e-14
POU2F2	2.892712663101784e-14
RGS16	2.6814506005630912e-14
RAB3A	2.4914325019294587e-14
KCNN2	2.4077734212650597e-14
ACSL6	2.3433954476183894e-14
TTBK1	2.24292541299843e-14
RAB17	2.1045860044570818e-14
FAM184A	2.0952127728177916e-14
TRO	1.7082585595148767e-14
IFI209	1.5235080517719014e-14
PAPPA	1.5157143952445592e-14
REPS2	1.4607636323328775e-14
LMOD1	1.3759448797827082e-14
GM34225	1.3430321016982053e-14
STOX1	1.2852824216445806e-14
SFRP1	1.2401855302527053e-14
CES1A	1.1408210166320517e-14
GM3739	1.069761507260823e-14
LTC4S	9.597325881852305e-15
KCNT1	9.224276864714114e-15
TRP63	9.087917422443839e-15
BICDL2	8.855792010170433e-15
EPHA5	7.625757155946438e-15
TRPV2	6.952773967938919e-15
PCP4	6.930439817108651e-15
SLC26A7	6.304200002983354e-15
LRRC4B	5.159058283168501e-15
PCDH10	5.071769554564224e-15
MORC1	5.06738917486812e-15
TEKT5	4.791257063011583e-15
CNTN3	4.692956008645697e-15
OPCML	4.361902934240903e-15
RIMS1	4.2042444952377254e-15
FSTL4	3.909129248552192e-15
CCN2	3.847082453561598e-15
PAMR1	3.6332506032248235e-15
SV2B	3.373522636562056e-15
SH3GL2	3.124229598243263e-15
DOK5	2.356300511192262e-15
GABBR2	2.342970676312887e-15
SLC18A1	2.26254395164838e-15
GP2	2.1088658091084143e-15
GM13420	1.83530912517763e-15
MNDAL	1.8226336240626115e-15
NPAS3	1.801069841694828e-15
TNR	1.4873196678338776e-15
FSD1	1.2764715532194845e-15
ARPP21	1.2480041071969534e-15
PARVB	1.2076752011319418e-15
BCAS1	1.16989550067521e-15
NEGR1	1.1287797665754724e-15
PHACTR3	1.1261283876771152e-15
FSCN1	1.0603814642684222e-15
RORC	9.801928018503692e-16
CLCA3B	9.573987213426582e-16
VIPR1	9.080520986530867e-16
CHGA	8.213165551713183e-16
FAM78B	8.151673211174946e-16
SEMA5B	8.049168762622382e-16
ANO9	7.944229581576578e-16
FBN1	7.943656887583761e-16
GAS7	7.586110281769064e-16
SLC16A3	7.492112814071023e-16
ZDHHC15	6.921090978675981e-16
KCNH2	6.091893421031786e-16
GM42047	5.592545188959184e-16
TAFA5	5.576107508595787e-16
ACSS3	5.363667831105324e-16
HTR7	5.169611875784656e-16
SLC35F1	5.031789798977154e-16
CASR	4.4188148684814256e-16
DOK6	4.4128575529384866e-16
STC1	3.5804582236255887e-16
GM3411	3.568467874603698e-16
FAM83B	3.0621585160598535e-16
CHRM2	3.0565707111718413e-16
EGR4	2.885975469075786e-16
APLP1	2.8806088896710224e-16
AMPD3	2.764101310952381e-16
GM19619	2.4052974133923e-16
E330020D12RIK	2.2129364043066974e-16
EPPK1	2.188744343046326e-16
SPOCK1	2.1848388626283434e-16
ZFP979	2.0746006007911857e-16
LSAMP	1.9775244915097932e-16
CNTNAP2	1.8485669138218855e-16
SNAI3	1.8434236607251115e-16
TTPA	1.7688268517317682e-16
ARMCX3	1.7385440353630002e-16
RALYL	1.661257552693479e-16
ST8SIA1	1.5633781199397535e-16
DACH2	9.844495314334963e-17
TMEM184A	9.795263022646259e-17
LINGO1	9.714716298539656e-17
AQP4	9.002461696882106e-17
ARHGEF19	8.949211802713859e-17
ATP4A	8.833091978720111e-17
9630028B13RIK	7.3026429767578e-17
GM3510	6.896081188130743e-17
DOC2B	6.813948326156609e-17
PDZK1	6.457444145633461e-17
FAM187B	6.428527013791291e-17
UNC93B1	6.260776881268335e-17
WFDC21	5.683437031870281e-17
EPS8L2	5.642494026721911e-17
TLL1	5.613471493128566e-17
IGF2BP1	5.536258782703608e-17
KCND2	5.352442046178593e-17
CYP1A1	4.8459846516036856e-17
TEX15	4.7777390549215216e-17
UGT8A	4.2823187502767143e-17
PDZD7	3.611402219105816e-17
PDZRN4	3.473706462669549e-17
OCM	3.152092437293638e-17
FXYD6	2.977739964514691e-17
LIN7A	2.933549803744249e-17
VWA5B1	2.9303219691454704e-17
TMEM51	2.6188041583161202e-17
EFCAB1	2.6126931798864303e-17
SLC25A35	2.0600726275737123e-17
NSG1	1.98684896558396e-17
GM31463	1.9690382151409113e-17
SLC24A2	1.578368747527146e-17
AFAP1L2	1.5045845877466374e-17
DCDC2A	1.4833269754161093e-17
GPR137C	1.1727991026476458e-17
OLFR1392	1.036028916580517e-17
HS6ST3	1.029497216410213e-17
TSPYL4	9.588712138214445e-18
MCUB	8.371703510172958e-18
NNAT	8.00623250291256e-18
SHC2	7.45671824332622e-18
GRIA2	6.7065633185745e-18
WIPF3	6.439124036350703e-18
NQO1	6.074636510793716e-18
DPYSL3	5.6273267590649915e-18
PF4	4.954223741251401e-18
RPS6KL1	4.546680500461301e-18
PLCH2	4.0214091418579094e-18
2610316D01RIK	3.84627481738119e-18
FRMD3	3.03872428937916e-18
IFI27	2.8080396468665222e-18
ADAM12	2.798901874112919e-18
DBP	2.5823473375909054e-18
CCBE1	2.555616267653409e-18
NUDT11	2.071406529772628e-18
NGF	1.935027468492468e-18
ST6GALNAC2	1.9126737494764555e-18
ADAMTS18	1.7789537531509464e-18
RGL3	1.7160936133967999e-18
MCIDAS	1.4526983975092277e-18
ENPP1	1.2332786717334892e-18
KCNK16	1.1516599175285676e-18
SRGAP3	1.0876533347724168e-18
GM16133	9.439099996754673e-19
SCRN1	7.458970304943781e-19
SPTBN4	6.662258478256265e-19
5330434G04RIK	5.99569735147218e-19
SOX6	4.787122852024488e-19
RBFOX1	4.60280140718895e-19
S100A8	3.6038002217577143e-19
NIPAL1	3.4128133991336904e-19
FAM155A	3.2683380025721846e-19
GM47662	3.1702802048377193e-19
UNC5A	2.807294667546473e-19
ASTN1	2.784621695056915e-19
IRF6	2.4805206778299706e-19
IFI204	2.0528216641517265e-19
GM36634	1.8090824882604577e-19
TRIM67	1.7134066780613585e-19
FMR1NB	1.4976126175719666e-19
GABRA5	1.4854490207372174e-19
2310030G06RIK	1.2851218547332485e-19
GM8281	1.1714475382441113e-19
D430041D05RIK	7.806146647693698e-20
DLGAP2	4.3485634322940936e-20
USP29	3.305743772720773e-20
EDN2	2.2308749540732088e-20
MCTP1	1.482539051423511e-20
NCAM2	1.379210237831467e-20
DGKI	1.278186994563651e-20
VSTM4	9.803495580970665e-21
PDGFD	8.519556949416537e-21
FREM2	8.247373999034779e-21
KIF26B	4.1276886324457834e-21
RPS21	3.735450311059645e-21
NRSN1	3.705122589946606e-21
XKR4	3.2150718404995526e-21
CCDC149	2.9515351633279385e-21
GSTA4	2.2182674058392166e-21
DISP2	1.3979164842504902e-21
FCHO1	1.3928626369131823e-21
DLEC1	3.8666225251049287e-22
CNTNAP3	1.6067365444927545e-22
PRELP	1.4369196944492413e-22
CPA2	1.357580999061617e-22
SLC40A1	7.087743620953782e-23
CAMK2B	4.5685722894343195e-23
TRIM9	3.979149516498056e-23
OLFML2A	7.212501509205202e-24
PRM1	3.082422546568214e-24
IL2RA	9.300981682117834e-25
CYP7B1	1.7014595299125062e-25
NMNAT2	3.451210127444034e-26
H2-Q7	4.238487598883511e-27
SYT16	2.8905916844486693e-27
FAR2	2.8101581080050558e-27
FAM135B	1.453921225307789e-27
ARHGEF38	1.3206792810864514e-27
GM1673	7.577196417990839e-28
NCF4	6.262890404387237e-28
GM47547	4.009706181746518e-28
GM35256	2.6292368079413494e-28
GALNT13	1.1626516693200317e-28
CDH10	2.4240440099068084e-29
ANKRD7	1.0937058339951382e-29
GM16548	3.827484533702057e-30
CALB1	7.82290310074204e-31
CXCL14	1.5731439565651922e-31
BE692007	1.3811109653148552e-33
EPSTI1	1.950366367982261e-34
PILRA	3.895382804182979e-38
GM20756	7.0744555703682655e-43
4833427G06RIK	3.202599663939547e-45
CD28	7.992116766173456e-54
LAMA2	3.7735644833843864e-55
PCDH11X	2.2944741907761213e-64
OLR1	1.6675613070792606e-64
GM43057	1.3279426836894828e-70
RPL13A	8.550303079044936e-72
ARHGAP36	2.326197575208664e-76
KLHL13	2.2546618443499643e-85
S100A9	4.261491904699436e-123
STFA3	5.949806977934724e-125
MRGPRA2A	1.0712158388733724e-135
KLHL4	9.31854966920304e-136
PKHD1L1	7.50411693300693e-143
GAL3ST2C	4.364352986644214e-198
RCN3	1.7419764905365114e-251
SLFN2	0.0
