,0,1,2,3,4,5,6,7,8,9,10,11,12,13,14,15,16,17,18,19
A4_C49_022114_S5,-16.381829298973404,-12.845532307797033,-1.3371114963298214,-4.575575019456889,0.7586641860638452,-1.788464064689772,-0.09886859733763341,-0.2692270063973933,0.5016413184662104,-0.8952574902297089,-0.0751810844060866,1.2793777371807236,-0.5129419843400084,0.07277808891077767,0.5036665781027848,-1.094829152333754,-0.143472246962239,0.13300561222738944,-0.06188079805107578,0.2054892347130708
A6_C51_022114_S3,-17.349293135344432,-1.2630958958070673,-10.25875751524473,2.1402088973799582,-3.6699265621851285,-0.6934769595584179,0.3057790499758056,-0.18242017622427786,0.9542581212810743,-0.11641349637354373,0.34933908329418856,-0.03640968517119153,-0.20072234544749118,-0.4132943867329433,0.7041302756905898,-0.19531560530399344,0.18784690923740616,-0.005634955136748776,0.36899133710288545,-0.10991161958738523
E9_C30_022114_S1,-8.59871048785327,17.296697858808216,8.421253161935576,-5.909746278169701,-2.705630560707875,-1.1981343222437253,-1.5787472688614543,1.1653505929263597,1.7879926580866925,0.766132823145236,0.5740045121222567,1.1525087517924737,0.15027803028121492,0.35129740259035463,-0.06242330133791413,-0.48638667460068685,-0.7715781199898069,-1.1397953618523282,-0.903851013985698,0.06734801260142688
A9_C04_021715_IL6202_N701_N503_S4,-19.934312842442065,6.261520324572073,-7.1513735966828085,1.7350282489561306,2.105914253248805,-0.5908007471078108,0.679173414498147,0.05760762914072416,0.36868451646080685,-0.21590371337266284,-0.2752363515568889,0.35738911312594707,-0.568302440177041,-0.14114835632904407,-0.20096589474484067,0.10311671312784862,0.03421018167614643,0.22511270940395378,0.1247102871197092,-0.1627466663546588
C9_C16_021715_IL6202_N702_N501_S1,-12.691811430170858,20.45499912481469,9.520642558688568,-4.660620007043755,-0.39075266638729617,0.5037400822414752,-1.165477073364374,0.5460263959170164,1.0582422446481758,0.518675894493513,-1.8238431025219524,0.7852371045424489,0.7798739909747953,0.3898933549320923,-0.11988602834156016,0.2781010877395322,0.4174089476307878,1.0273976731247754,1.2918393737571667,-0.5860518522416345
E1_C25_021715_IL6202_N702_N504_S6,-12.04170829357412,6.045773609430098,-3.332142085219517,1.8298307323513656,-1.7310201867814476,0.1484248954978992,-0.3347512925734485,0.0026040383367844184,0.6667574594593703,-0.4668680559613825,-1.4043349665016733,1.1718640816230725,0.9054750808011,0.7534908192050157,0.28245958548864625,0.1363969416053058,0.1740959069576176,0.5652758503077852,0.7194011355496099,-0.1293867203797661
E4_C75_021715_IL6202_N702_N507_S8,-7.8136967681075875,8.042985146181316,2.2146416121879287,0.4372453788424594,2.476164422891743,0.7285652283702954,-0.5304782303246784,0.7775539840930015,0.1850568640912872,-0.608161360771435,-0.9238355940307881,-1.1389597690107371,-0.2980271378342472,-0.8152106548596302,1.1677532615019066,0.04347085484444461,-0.38963821142561145,-0.3911685292852725,0.8190926947090829,-0.34866802219847
F7_C34_021715_IL6202_N703_N503_S5,-7.218566690831043,13.583973811891209,7.817571622061388,-3.27615793036625,-0.6410311521365948,1.6010631750364046,-0.3975935044455606,0.9480254159208698,1.7903986981469617,1.0707096343818014,-1.0160382522412075,0.1535008570422594,0.07216888459403827,-0.6142388044000415,0.18730146484495516,1.0849623257768706,-1.1065442259598783,-0.3833077818364649,2.484468149294909,0.46990190543602994
F8_C35_021715_IL6202_N703_N504_S7,-8.818105028270223,1.3839023287364651,-0.5862218699647542,2.0537386582887427,-1.070688038460351,3.312806550591645,0.3506125826387324,-0.4139497112996396,-0.20956379042780432,1.2549254282437332,-1.1249978225238653,-1.0928058999482,0.8656769594617896,-0.05474515673815786,0.43666516107247677,0.342773959661602,0.18940667194937355,-0.5301856378016774,-0.560590610518053,0.3247067063005564
C_A1_A7_C06_061314_S1,-17.536177429749742,1.272114433263623,-12.114646850431704,4.317804160204665,-2.044938933534778,0.5013275648108607,0.6788232465499191,-0.08497279788732856,0.9070414132123833,0.6601414533922169,0.7405476204422464,0.19631592457224936,0.04064199439164011,-0.039876987632979394,-0.12230827956201881,-0.4232794613591987,0.1983166851757966,0.09005982036991408,0.5512602275092325,-0.4221412346846145
C_A5_G4_C87_061314_S22,-16.87798117593735,-1.7698115807242505,0.11860339089131466,-2.4669233768048837,0.9689857173537594,-0.0910803516421832,-0.6134761010315701,0.29357020887522256,-0.5756653491120991,1.5994735833744154,-1.7974448684849773,-0.826219103638391,0.41175107697552776,-0.8502094370053342,0.9053114553123823,-0.9905602635099903,-0.5994386927759943,1.6847921924558258,0.4607902491098907,-0.49129825584068615
C_B2_D9_C22_061314_S4,-9.067421573863491,11.05835323088446,4.896207632028255,-3.4312221986059455,-3.112716388059809,0.9132500072101969,-1.6167177372426977,0.9866438940641531,2.4209350771928406,1.566633781089292,-1.3251251558113626,1.5494742884165686,-1.1862861231796364,-0.6423458272616711,0.11796242505581704,0.03982373300919799,0.9772786478590324,1.268252252602189,0.12236083458961058,-0.6085219119664007
C_C1_B2_C08_061314_S5,-15.59851265080499,-9.745935162469788,-3.0909591461457477,-0.8392211221432244,1.2171523689944899,0.26212065806676393,-0.06795175062618962,0.0391036750424306,0.08585597953995852,0.874924839876335,0.37513285248524947,-0.14774048475112767,0.060549176721876784,1.0032557173932242,-0.12398424916028886,0.009128417666565284,0.27027838059555187,-0.27811191964667564,-0.7652086389083778,0.5473421438742366
C_C2_E2_C26_061314_S13,-18.31310974268184,-2.4276128568861677,-3.428565409345503,-1.376950450261889,2.7678640376511265,-1.0484217969297618,0.34447323776824273,0.14313587786938928,0.8139121325909742,-0.6829223271133446,1.2946061618995435,-0.4834018776311471,-0.7981188332563861,0.5917634887382152,-0.07449396737965194,0.3482725823275678,0.6826078771249244,1.6231958974165441,-0.0993886788437116,-0.9240035018958331
C_D1_B1_C09_061314_S6,-3.8571845471040227,8.763962912390882,4.09973055359315,-0.2298863933616563,0.6297439259385792,1.1011996222130669,-0.31065137746456484,-0.21893654228475234,-0.2988865492860501,-0.7098210706994751,-0.6709615204747935,0.8887000669182757,0.5567280451854808,-0.042803362615656704,0.18510720267859024,0.25294976180293466,-0.460212819564852,-1.13994720709841,-0.6209711828210197,0.5908725084267216
C_D2_E3_C27_061314_S15,-0.8636414817259758,20.55877627734589,11.154482367894547,-7.565706850656356,-4.583482356158231,-0.21225251127048878,-2.8438057089616757,3.0049196659516935,3.24521978506887,2.655152316450483,-0.9675983269456936,2.147167494585581,-0.9457828059719355,0.1475649596397293,-1.0080854979866187,0.9795597837920731,-0.39874204122561785,-0.32615082604898865,-0.8344314451365565,-0.17707700653679603
C_D4_F5_C80_061314_S26,-20.50534467752279,3.981310557610194,-9.395380829680661,1.6499330021550187,0.7416889134400241,-1.2980166442112806,1.16665311382422,-0.49067064737459876,1.4130542928576362,-0.30034817448228973,1.3135713758467737,0.6881045144459753,0.029372482641278803,0.1770929620499476,-0.5627433788958854,-0.44300507449188925,-0.48519602327378564,-0.26926621995421907,0.5522880811797707,-0.05322352980078055
C_G1_C8_C17_061314_S9,-6.666975677571263,25.133265897851043,9.819753574257506,-5.860996730161789,-2.266983216326494,-0.9973295158722761,-1.514641924874839,0.897233279342876,0.1845790954473859,0.8681308124817984,1.0265987559361256,0.26353340106545575,0.23987249667556085,0.6056217630256119,-1.040635822644369,-1.0279818924894448,-1.701370879315272,-0.43271214118840573,0.8905932626785692,-0.19735000250208387
C_H4_G5_C86_061314_S30,-10.861383634211215,15.873881204421144,6.902482452843333,-3.6447306289283605,-1.303098673198699,0.30336975554778567,-0.8106724762499455,-0.27847577967455844,-0.5976358197026642,-0.246889522170498,1.556817959298069,-0.23911046049200532,-0.8368187169025949,0.6526559015841431,-0.47419171196911336,-0.14011472512876624,0.3932652117741226,0.9118768751861207,0.16030642303221654,-0.6860071569466211
X06_19_A2_C02_IL5348_N701_N502_S3,-20.202673039415735,18.11647059240225,-0.9343991473874044,0.8385224280410137,4.863501910374952,-1.335626753383506,1.497820170785793,-0.8104719988992588,0.9248213242815505,-0.15772047884124435,-0.6098355288824111,-0.2082013066597964,0.49174205373417057,-1.0506461177042612,0.9616970487766723,-0.21930582309953503,0.5234157206284509,0.2895088700450921,-0.8733833438917629,-0.4576485306996088
X06_19_F5_C80_IL5348_N701_N505_S9,-20.386571675010988,7.847399457830015,-1.8970261941927877,0.4815693921461934,6.497473670871492,-1.3668977441083898,2.130304688671907,-0.8367898298916722,1.622761939216348,-1.770532918523194,-0.0790083392943955,1.0965800703836488,-0.05955971100218937,1.0304184572429695,-1.7866071739969382,-0.3632236317717076,-0.8524579660644901,-0.3671979790239635,-1.5712640651275358,0.009453667346543435
X06_19_G3_C39_IL5348_N701_N507_S13,-12.076659745507424,19.874173838303584,-0.2675201535515858,-0.04378810206714983,2.5863466134610533,-1.255139181394011,0.9889061752904461,-0.1768748103307493,-0.42513393374331,-0.997680864512066,-0.4187567445300773,0.05487517176016809,0.6165682166258022,0.014605901603652013,0.07292685441343137,-0.2363738575221763,-0.6243296726460033,-1.3345413676852804,0.16175831991534273,0.05652764395598998
X06_19_H2_C44_IL5348_N701_N508_S15,-16.10337819779165,5.456470958142766,-9.468515918664972,4.936216793892282,-1.120600709374035,1.4225254985928444,0.7975878269442038,-0.7136062652612728,0.29382480471778016,-0.3144355204519866,-0.26946231519360797,0.7831348594569674,-0.06732883845668151,0.2456077064086976,-0.7127143427979276,-0.20753347265009608,-0.5813697280092918,-0.18048686182899717,0.013860889562839526,-0.003099633306404574
X08_08_A2_C02_IL5348_N702_N503_S6,-19.84713095083177,5.214680416398906,-1.3582096854780967,1.0013271388408318,7.369505420544634,-0.09961682896641195,1.1139583224441707,-0.22858709155114287,-0.1802885491570349,1.8450958904289956,-0.3585872108785808,0.31903215368285687,0.2705355168292005,1.1206768202928743,-1.919359735939571,-0.3820184526243323,-0.11330779626267,-0.16398363550401515,-0.06493954119101851,-0.027733620290681778
X08_08_A6_C51_IL5348_N702_N504_S8,-13.687597809524448,25.78081466023836,6.2042806408085625,-3.7000950648706854,0.45560735330263086,-1.1739924507404604,0.12816443658965257,-0.6488833413016731,-0.8231035123785656,-2.0183436721337014,-0.9448540685118273,0.5414435737968639,1.479850313951225,-0.06296698823915668,0.16645667380382795,-0.7065488917876854,-0.8528086898048937,-0.6551216031394218,0.6129798348168075,-0.21616972429188067
X08_08_A9_C04_IL5348_N702_N505_S10,-9.92794114127898,24.055364400616288,3.996862635036338,-2.5419947419025846,-4.701268386626346,-0.07556284424912929,0.07344011605026783,-1.1044215503884494,-2.541876285360126,-1.2100392524014687,-0.42189372635293243,0.8133752136270302,0.23563864703371676,0.6187097332983237,-0.7260437110721065,-0.29614093252543755,-0.13349716233164335,-0.4284415348664796,-0.17213610149301437,0.02089736365912043
X08_08_B12_C60_IL5348_N702_N508_S16,-13.077834417200668,9.40180322529508,3.422705751218609,-3.089494092941796,-2.5030034942860877,1.2352149188968606,-1.180938507760308,0.478671920693083,-0.3855794005714467,1.4025355868695604,-1.9039778622318324,2.141850567598563,-1.5466310378752204,-0.789223644526121,-0.44604061183598637,1.1109382574739537,0.4271940573410616,-0.036978365741194195,-0.9349150892897536,-0.030597628535201656
X08_08_B4_C55_IL5348_N702_N507_S14,-15.607956373245083,9.283004352053483,4.5601132331524825,-0.785771675646981,3.9720178748338792,0.07111491076483824,0.1460901614655135,-0.21223896698817687,0.2848506371043188,0.6754215606443006,-0.3596103801316292,-0.4329484730907749,1.6912867122300919,-0.5166005779710006,2.755000362697974,0.5634616584793677,1.0837091889442025,-1.1837682717603983,-0.5073101367517001,0.668489847794251
X08_08_C7_C18_IL5349_N703_N501_S17,-13.064155171952937,10.848809291258368,-8.684110363222832,3.9442885178130545,-3.9324185780299312,1.5809719023301396,0.6709394297732234,-0.8140036092131205,0.3578459814808633,0.16986482187322452,-0.3399902332973687,0.5581889485556188,-0.19287803818764496,-0.45328766599680753,-0.10000635956494677,-0.1966478939600259,0.09846820439255924,-0.0841316392607974,-0.14776710363824594,0.5325784694438435
X08_08_D4_C67_IL5349_N703_N503_S21,-19.47049423949826,12.91712934811748,-4.13472235384749,1.0157792111959483,2.482017717626896,-0.7571806244738045,0.97847616496954,-0.49093726173509955,0.6052435283882197,-0.7246634939072198,-0.23446560011157194,0.9311635419659161,-0.07109644140158124,0.30024972107354253,-0.5363330564049368,-0.3419086554433378,-0.321671959686362,-0.12422807780134282,0.09210661614387412,-0.26790446117555977
X08_08_D8_C23_IL5350_N706_N508_S47,-16.158561295076897,7.038535721561618,-10.185649670542528,5.551412057455393,-3.25090889423526,0.05414382719686384,0.582040133065909,-0.041376118244233866,0.8581907454175274,0.3806336963641482,1.035699505954808,-0.0710133029080183,-0.2539069926480548,-0.3970818386316453,0.3581401401049027,-0.5998073194118311,-0.08237919490111587,0.26116626801721404,0.7006285641941107,0.19472754723447686
X08_08_E10_C78_IL5349_N703_N507_S28,-20.91242685888579,10.736710541159923,-6.936899920357171,2.182039399736392,3.1765225051894888,-0.8954041297897932,1.7303327557026817,-0.8402807727632711,1.0949880239428218,-1.5547736794917049,0.38752563679834884,0.8793364703442843,-0.6180045151077641,-0.2824562824630625,-0.5398312021923913,-0.6639078475327305,-0.8522282778384657,-0.21305383774329723,-0.10389565043618838,-0.5977369522157645
X08_08_E11_C77_IL5349_N703_N508_S30,-12.329237459835506,16.584443464581227,-1.0067853264533848,-0.3323083018771344,-4.839534314817332,0.08234171224927211,1.163600590242731,-1.439172779792141,-1.4493931763567243,-1.1798111753241982,-0.3496337784493566,0.09074047682542526,0.6110198379778675,0.029758243290364583,0.14951617793620503,-1.2176964902619025,-0.7039127194047143,-0.7499452341203331,-0.3735957691476274,0.004807748252803072
X08_08_E3_C27_IL5349_N703_N505_S24,-1.626458134258183,13.783293051942133,8.223841806768718,-2.4766549698343607,-1.4384621591616913,1.6674171461517495,-0.9068075060346776,0.005067081309156881,0.19380965630108993,-0.4118358877815779,1.0559705921037295,-1.3703474461673484,-1.0973736372571528,-0.5298457363494007,-0.3396829501488433,-0.6733723705420533,-0.0006125308365434467,0.4599204458504459,0.8260619484267635,0.3852383593915896
X08_08_E4_C75_IL5349_N703_N506_S26,-12.184775225383017,14.129429992151625,-1.8669070982745837,1.7614961462521748,-2.98822211954949,0.5105166074822783,-0.04515191440404256,-0.5402748694368666,-0.31614314212918593,-0.21670774834306925,-0.15703922022827208,0.1132741666230894,-1.3189792103768363,-1.4431190246745058,0.6289941833654688,0.231776252068321,0.48049963346881475,-0.17127039174512865,-0.6406870236291844,0.24071156428930807
X08_08_F7_C34_IL5349_N704_N501_S18,-13.494352999099572,18.16835512962707,-0.2943467858838215,-1.696901007757167,-3.6420101782189906,0.04890226780615009,-0.20121559990361534,-1.1316764487480273,-2.163937018038713,-1.9812035228677323,-1.8832661004652798,1.2805368958914825,1.5459205024594582,0.5526244150047314,-0.2506726549544549,0.06604584808589443,1.045893877633938,0.2459652227882627,-0.23424622813224033,-0.13655225481470132
X08_08_G12_C88_IL5349_N704_N505_S25,-19.248226875354845,9.805046880338244,-7.128707892162352,3.467761276350202,2.7702419167253263,-0.2633736454854982,1.8902027592053752,-0.8957276819216077,1.696200638899923,-1.4313569285912067,0.3628799559317642,1.1385060488246466,-0.594656770094612,-0.22637781305388197,-1.1647402803341411,-0.5114722925637628,-1.0698967391217797,-0.09916082360460611,-0.3235165989106624,-0.05433194316362665
X08_08_G3_C39_IL5349_N704_N502_S20,-16.607983729202395,4.055395799479785,-2.7203285241475856,0.048851043769287,1.9361455418448732,-0.7593334255658154,0.4318138095319838,0.1352811934092585,1.5589520267036256,-1.0431397987274245,-0.2066093494991523,0.3564895628851536,-0.6980415480711497,-0.49040140167427054,0.47495878557681803,-0.47385331382317464,0.8426722733302231,0.2772383635287817,-0.35379504485200286,-0.6258282614438085
X08_08_G6_C85_IL5349_N704_N503_S22,-14.347545877517545,25.13329640747599,6.925775028595458,-4.619555447190326,-2.097435868827814,-0.3382212603742659,-1.0217358399942054,-0.2327569508128201,-1.380802356382511,-0.9020048397991692,-1.468400754167265,1.9556802062025855,-0.510675404018711,-0.2297802337355877,-0.16015114076687617,0.8104780679891611,0.7038466073721649,-0.4157259691399212,-0.621771007187523,-0.19042812116398627
X08_08_H5_C92_IL5349_N704_N506_S27,-9.949287156244617,26.010620802028207,8.22550604482719,-5.129263721479061,-4.314825218788098,0.0066248513535331,-1.4770072566086612,0.10156930964747686,-1.858796180964572,0.18606426212046956,0.03698600771206034,1.1001464675724903,-2.8699226830127533,-1.0633276220374372,-0.3217074985669873,1.3695913574129122,0.6805136367112895,-0.36802892520528513,-1.0495304164591706,0.4409046230072828
X08_20_A6_C51_IL5349_N704_N508_S31,-19.19566838263536,3.7298011343422925,-7.50132178109782,2.2339167301332217,2.5847320221157744,-0.5885589886886947,0.00520370594620157,0.5368526151346121,0.5457828804281927,-1.2185651664171628,-0.18433847309966864,0.34799458501474406,-1.110074146725913,0.4324166344138004,-0.17756913755661233,0.7470155946592112,0.10822736434840875,0.5916449758590683,1.0256234312550163,-0.16136638532812783
X08_20_C2_C14_IL5350_N705_N502_S34,-17.514466805635735,9.84419438430404,1.130375957450705,0.5458139169712806,4.889763419989819,0.1528449343102798,1.5710799464906295,-1.067872793771844,0.8094079516741826,-1.697722342291585,1.0511244759082787,0.3285384745775851,-0.740248134668877,-0.16809028950150282,0.10711478416036357,-0.5212688831294774,-0.7772096838991063,-0.04116805544447001,-0.5601473063330966,-0.7840392596030089
X08_20_C8_C17_IL5350_N705_N503_S36,-0.8538989680475737,16.358050011569702,6.890262906041028,-2.627500374174762,-3.8546032743932392,1.629634776083108,-1.5053526980766527,0.31970782045945595,0.1585638498084054,-0.39351112089526896,0.6798783778261063,-1.3607721771793637,0.8450455859437441,2.214245963842911,-0.9637750983319439,-0.37519737289176225,1.5808672699704014,2.266149288314355,0.2519698552450597,-0.8705278632542702
X08_20_D10_C71_IL5350_N705_N505_S40,-16.93634796208323,-3.714996886954838,-8.153724484605071,3.920948862827682,1.9273828299043678,0.9584301930293629,-0.5688281740151262,1.0433903856439666,-0.03609320148276884,-0.4914826622403754,-0.8085300334445771,0.14000065536111325,-0.3500621072413434,0.1552253060323361,-0.06882987701768156,0.15210480233774612,-0.3275729711811747,-0.327242200067448,0.49567347164690684,-0.3674628828977339
X08_20_D3_C19_IL5350_N705_N504_S38,-14.9723365340367,6.185211428080497,-4.727392267911539,1.5823455883864188,2.0916303366611806,-0.25446171750857893,0.9149621927627386,0.0363483264185012,0.09902874124803442,0.2833219692293708,-1.0233808874504489,-0.28454161374307285,-0.10615664834133309,-0.4827865397756617,0.13226336807133796,-0.7440468800510665,-0.6887421012609436,0.8666399401240072,-0.292192039100124,-0.47331461027022886
X08_20_E12_C76_IL5349_N706_N501_S33,-18.562406324341982,14.47109920730125,1.6959278381007785,-1.2628375423271647,4.746105394639656,-0.3001147019739162,0.3798080166883939,0.22473916512565625,-1.6992618685803533,0.515569995925676,-1.8917032668144116,-0.22101387210193285,0.011337410991605557,-0.20479734030352378,-0.3143848696344267,0.3823113675353634,-0.5605109840322149,-0.034826211202800446,1.0660644899659886,0.2699582925243857
X08_20_E3_C27_IL5350_N705_N506_S42,-10.22242101657736,20.106100404414732,6.429566448466784,-3.0057782875385577,-1.6629998821960343,0.6289295459619164,-0.33888249010569305,-0.8406201735731631,-0.019612275566160242,-1.2628641910722036,-2.3931761291553646,0.570837318875874,3.019698152075692,1.6686889688958173,-0.35838118725099677,-0.4712624464354785,0.2563097664855731,1.1048957837089088,0.7749445138648695,-0.5030264839732249
X08_20_E4_C75_IL5350_N705_N507_S44,-11.34049274894846,8.347455956930505,-8.090694578828138,2.654605673261451,-6.422964875368903,1.8270164182909756,-0.13475863953625247,-0.8550900742333388,-0.8338322160092004,-0.9535547921461371,-0.9029799872655422,0.47039572215517794,1.4471387381254706,1.1720480873851498,-0.5522139781804039,-0.012395538527760878,1.3998506398653234,0.5952297644921132,-0.4530084736856755,0.13133797870301583
X08_20_E6_C73_IL5350_N705_N508_S46,-16.87724025492645,4.145078741141086,-11.511970213436697,3.8841497073091324,-4.852069842502972,1.9386749211786194,0.5746557828052753,-0.6883162709620424,-0.42618869099092416,0.051242440033056565,-0.4275940056556792,0.8901665752156145,-0.3091615606453982,-0.029348253088762995,-0.4766641694680807,0.27458724617977703,0.2078929933759565,-0.1834104287207455,-0.3222948607605382,0.2663602423315841
X08_20_F7_C34_IL5350_N706_N502_S35,-14.764940624541218,2.2022382724827656,-9.511892910535606,6.00521686688971,-3.321849843330405,1.8378433910607075,0.998256280242033,-0.6497363469598579,0.3994351799018711,0.19304587034067097,0.21550294747910098,0.3655032185194833,0.16988679501562118,-0.11004345217412423,-0.057762607951277245,0.06843483276361334,-0.24395660712531855,-0.24484951626406995,0.5865481294629596,-0.10771136507971132
X08_20_G9_C42_IL5350_N706_N505_S41,-12.127809882553054,-6.760015787251868,-2.9961646780244178,-0.5974248934818553,0.2107460513995292,1.595173419367062,0.5462698810480849,0.2672803647515385,-1.4497058796440632,2.2416454207835,-1.4023067152240285,-0.7600115238805533,0.37953051687610845,-0.7386449317854801,0.006613853876464821,-1.5780475652801864,-1.553388294942753,0.365295193353553,-0.7305960396385732,-0.631062195556932
X08_20_H6_C91_IL5350_N706_N506_S43,-16.062733508107016,7.402498560396054,-12.012567554785665,5.752661912759123,-3.8690351685256887,1.8285921790575665,0.5459336245395365,-0.46104518611632717,0.46607009456182524,0.1650125107716444,-0.4776877803271422,0.4029329352998349,0.09117554528811246,0.2510427590829851,-0.33669441924856586,-0.43012983875749145,0.2607133923053891,-0.18140566884641243,-0.12829153688222067,0.396069823904559
C_091015_A10_C52_IM816_704_508_S69,-13.963098674499417,19.649695984464866,3.1589400271670587,-1.2140836510469082,3.6389902570474044,-1.2797448853495317,0.3593300689080132,0.14844448851826997,0.16444430968220744,-0.0775687347703202,-0.2094941369505785,-0.6796460290668911,0.9286801435252354,-0.47758045279523104,1.5131226978290448,0.2812727687826873,0.15381952179043223,-1.2553662065847802,-0.7483527166536307,0.3128748230754955
C_091015_A12_C54_IM816_705_502_S5,-20.89448811104653,-1.6335561063642803,-9.191535364901307,1.1719755946586046,3.441594670363648,-1.5825466334775504,0.3856378199410419,0.827808076069096,-0.2921241572510601,1.6603683587764606,0.15421193382029635,-0.17033890095714485,0.03662135928839396,0.5164066941477168,-0.8199262138496537,0.6694281168809942,0.23647949555853293,0.02589949424602035,0.24920801373915094,0.7595458048257375
C_091015_A1_C03_IM816_704_517_S80,-15.313117788855354,23.847754230468073,6.2229775023243326,-3.8401512912222353,-0.061502229647696874,-0.5964819718596138,-0.2660090318844243,-0.2738633082823812,-1.170433436255473,-0.3874344032795081,-0.08531129737870502,-0.36169580195934575,-0.24106368492106256,-0.4172872237452635,0.17803730158106928,0.025564521007852434,-0.032254116331318874,0.12231653005901327,0.6815992912501361,0.010082517451231421
C_091015_A2_C02_IM816_704_502_S4,-13.660746108472456,21.74884975563473,3.9516850167269255,-2.1540079973677813,-3.302378260885007,0.1483686509556563,-0.2954177904887964,-0.21049287512275042,-1.1162379704371568,-0.16287938317061545,0.48970153437611397,-0.2755866391967989,-0.8264312753099893,-0.40942139967450364,-0.18001915842023242,0.20829150235430366,-0.1417452790519494,-0.2959110555497205,0.7147307281662932,0.5148371968935972
C_091015_A4_C49_IM816_704_503_S16,-17.922999240473377,-7.364831799771574,-3.21235494866496,0.6509769762261433,4.423826641199308,1.1315434497487775,0.6701122282661057,-0.36095648681663306,-1.2612396198057205,1.728606253205264,0.7918465865210468,0.9914307764922705,-0.25407152170037617,0.9651695841214329,-1.5536022110148486,-0.4604486221145422,-0.09014787726534539,-0.2933404923339321,0.05516407031519379,-0.5953827573994462
C_091015_A5_C50_IM816_704_504_S28,-20.251667607899417,6.802079859126402,-4.228558578259928,1.326676755075137,6.00207703594543,-0.9682879088831143,0.7336526440185028,0.5561239811735799,-0.7037521986595201,1.5015651012359814,-0.6772369704586475,-0.728081086453434,0.09882618450811545,0.3549674327511642,-0.9230560013565224,0.46067531307913945,-0.05552563184795584,-0.04410291362737245,-0.4081160453784757,0.6094978129441389
C_091015_A6_C51_IM816_704_505_S40,-14.32741857546476,21.26938019040178,5.002006597611739,-2.740461327572355,1.315908649285534,-0.7893965028136748,0.33376986040058315,-0.3131148937518022,0.15654232795053138,-0.5372586435132088,-0.10613686999690423,-0.09145863540677303,1.5220694459431563,0.2783546258279262,0.5270977241281815,-0.2640579535898821,-0.5997911763486091,-1.2972074834892249,-0.44014368089652306,0.60535399203458
C_091015_A7_C06_IM816_704_506_S50,-11.26523201428744,21.41088144578226,6.849017068177893,-3.253537795905254,-0.43841600930983915,-0.3883874661361911,-0.5746844676275484,0.16492523382364968,-0.580748208454178,0.7878812646329372,3.258356350301075,-1.667236914602858,-0.12231634525571415,0.3386409123796324,-0.33789523678894356,-0.8559317206928019,-0.8232258722900327,-0.38615615052325913,0.5180368031207063,0.08152047762593
C_091015_B10_C58_IM816_706_517_S82,-10.93351768050167,2.902196953904475,-8.861694778427076,5.366312001608158,-4.9279251451549895,2.0963770819190373,0.714040791376847,-0.4627975351875217,-0.0704721206203908,0.6264483808252602,0.4002104250482149,-0.1338763683422312,-0.25641283950703736,-0.4120553275309446,0.2066092561865144,-0.35224623630765484,-0.25890485336560004,-0.04487738185950862,-0.20552024350350231,-0.41217884612958705
C_091015_B2_C08_IM816_705_504_S29,-3.1505124281591153,0.9773630086303815,3.0207481137121874,1.1258429018805505,1.2816847913194633,1.788735785285038,-0.10493017254272136,0.19406735859850466,1.1610358258663345,-0.6350188455844779,0.13056804312924286,-0.44115246707146333,0.024211080242368833,0.3293420745721187,1.2801709473004057,-0.20190851233856272,0.22618098223266167,-0.08590894756187173,0.6260060519028849,0.00015915680805514814
C_091015_B3_C07_IM816_705_505_S41,-19.816250230699108,5.129181108001655,-1.9881925020466864,-1.1690888316595747,4.886479920138399,-0.8305755335011935,1.0869325592280106,-0.14124322468659156,-1.1928487231553753,2.3307036789376707,-0.6840595869067574,-1.2608850656766646,0.12070295961557384,0.07786358706305271,-1.2163037940575974,0.7512715256687761,0.3288900603946785,0.4486989387870674,-0.3333986801157815,0.24596799809035425
C_091015_B4_C55_IM816_705_506_S51,-4.502642884604418,-6.268200735618761,2.819151728034319,-1.0860112538540738,-3.7121293909468394,0.8677691228415441,1.173385169827489,-0.5532146511905952,0.46887785638393253,0.5976444252133462,-0.01652829011555753,-1.4064870388345798,0.6075099485096437,-0.3361242502142376,0.7859730854174254,-0.6267851050773312,0.03598304242365902,0.5249122945657216,-0.9474554771832676,0.06402320048464
C_091015_B5_C56_IM816_705_507_S61,-8.730771925402145,28.371283226252284,11.523284896350992,-6.033055038770596,-1.9980405045136695,-0.9797890080624724,-1.6626413696490525,1.5715624681889047,0.9958077752752066,1.0397697664483536,1.4358999655986266,-0.46299775001763127,0.5795161907173753,0.1358599826185287,0.21867051952644714,-0.3915770259214582,-0.7882291387753457,-1.1625899548198135,-0.3408428240317761,0.07713262780250844
C_091015_B9_C10_IM816_705_508_S70,-18.078628946635355,12.396305661085226,-2.502744716249988,0.9074422811775901,2.4068260467351705,-0.18674772560534592,0.54139303264421,-0.12814811249191077,-0.3555753013035318,0.6352079530900556,-0.38917817792280573,0.021117737803466007,0.1502897169944826,0.1600503948497301,-0.5089527375253741,0.39597084623663614,0.21107920975685007,-0.005503201547920127,-0.12424794370793697,0.5467637449906064
C_091015_C10_C64_IM816_706_505_S42,-14.428356386900306,17.60719820908755,0.9220807420190446,-1.7341075582291263,0.14646699792057813,-1.1048471402396869,0.6058357506708171,-0.6181842787339975,-1.792373979812891,-0.1891768730518198,0.5493250482498439,-0.7405043622984548,-1.0473489119544714,-0.6996908999009819,0.6092895323335425,1.266574228373058,0.805883103620126,0.1935471026684515,-1.3423021219275577,0.8035782402738916
C_091015_C11_C65_IM816_706_506_S52,-18.219796691430666,8.908695165659395,-4.26072879461105,1.2168955552083294,1.9076861635081022,-0.8699658194117861,0.5375145231221033,0.13580978427650048,0.7174028711736361,0.49608886073891795,0.22926026486997633,-0.5910914668525357,0.09213413725941111,-0.4147390360103786,0.9540189071755202,0.02347013334223056,0.7721237620439636,0.5747834145786109,0.05721725190334359,-0.14802652785006162
C_091015_C2_C14_IM816_706_502_S6,-12.861291826799816,-9.293802981277775,-4.278268800918378,-1.9700681756121718,-1.2202344058328727,-0.08624078920815778,-0.5228814804268842,0.6374584336705841,-1.1785283960784647,1.7123000541779596,-1.6996761192478742,-1.0305442167298315,0.7033881581283075,-0.8447427022493661,0.3251334719677344,-1.5173688360400155,-1.3268294964895935,1.0692152215579853,-0.5708728283666565,-0.3086339685864036
C_091015_C3_C13_IM816_706_503_S18,-19.059826449177518,7.6403569297891964,-5.07278308656615,2.264505313008316,4.225318495576815,-0.8468000447578086,0.45674738863565817,0.8128473231882096,0.17767969363528838,0.5168565030488352,-0.3211023298149484,-1.1971883010874291,-1.2685033719240095,-1.4288490517098102,0.41798671482273736,0.14518565379502796,0.4041602935889667,1.0743598137624517,-0.17814200932018875,0.12633877929162515
C_091015_C6_C63_IM816_706_504_S30,-10.485973036947682,19.35725752284646,8.94939730763382,-5.4689324622906375,-2.0240318052299466,0.3037833197128618,-0.9902981099782285,0.13262109607305914,0.12027383512359857,-0.15381636957834538,0.0018789431926409777,-0.29162982591627495,-0.3572002367088329,0.4308144478219638,-0.9498879807892734,-0.47818843396193367,0.12089999051447999,1.5019269234505688,1.4890859507332268,-0.5279469800031075
C_091015_D10_C70_IM816_707_502_S7,-15.320542397721686,3.7317921282992783,-6.340284870714503,3.2885574781267013,-0.9875800096067932,0.48272048985640637,-0.09710319102925058,0.4376371605569027,0.5464580093365113,0.1637702272073324,0.7669867494527917,-0.45003364341343266,0.22933977404505118,-0.11635555268056454,0.6517102065036655,0.01805259445693555,0.13543954169944716,-0.4718487037876679,0.008064824704676217,0.520163643638275
C_091015_D1_C21_IM816_706_507_S62,3.49435390144368,14.353328744165466,10.210742237973138,-5.024093575049011,-3.314208037666019,0.7205792121147123,-1.3261901184589877,1.911334838818989,1.766151302146172,0.34283468503612924,0.7958263404720746,0.05324104418780634,-0.33195282058642467,0.5210600004894425,-0.5088502006769027,-0.03762221442823031,-0.07473182122355168,-0.4604038510586741,-1.0241381503516298,-0.33488383991973825
C_091015_D3_C19_IM816_706_508_S71,-19.8359431747326,8.902730897757017,-4.5431306768040045,0.878389511690508,3.07208354997619,-0.8475275383382126,0.8932056117413234,-0.12127447791618935,0.35710730711865424,0.08644954506479194,-0.07337402722251517,0.05596726456347254,-0.16333697717814588,-0.15012755449784954,0.07111526727503156,-0.09497563940098064,-0.07919726705054263,0.14807916964662698,0.10945680668014214,-0.05812681189446685
C_091015_D9_C22_IM816_707_517_S83,-14.516895096266401,22.295760295775082,4.622013391955807,-4.053568396045134,-1.3790363732659077,-0.7162277151988009,-0.25421928065975313,-0.9388566879906719,-2.9843485883927094,-0.7809952013373583,0.5987578297752608,-0.18259571101302707,-1.3323175387848303,-0.19805155307675712,-0.08873436048090762,1.130977557815738,1.1563562603791673,0.7417343774369445,-0.5173311617999355,0.12239183542232436
C_091015_E10_C78_IM816_708_503_S20,17.297703296564745,0.11456060013077975,1.264973651095932,-0.4213670182509709,0.36695392148825395,0.5904119669441033,-0.07878915626410724,0.32257849771998787,-0.5728434035467185,0.5893428952109458,0.6134797324353722,1.1889273322329088,-0.33357535723598153,0.4687271664062327,1.576748412119077,-0.9909449744503127,-1.0001807151122666,0.27673886496101174,-0.37394220298372555,1.0342057489546317
C_091015_E2_C26_IM816_707_504_S31,-18.476206955943812,13.623311250339471,-3.878165426872818,2.1804591069783945,2.1490087884034774,-0.6618942443470144,1.6864842146846066,-0.7433482742504797,0.3360009323408464,-1.183179172513116,0.5016098732648705,-0.18616158257470783,-0.6876972586790737,-0.7021054043091243,0.11477921731452446,-0.6833387947725139,-0.6553830125629057,0.48744628243033694,-0.7768447161167333,-0.6113212547246917
C_091015_E3_C27_IM816_707_505_S43,-20.12133034467622,10.265343367253998,-3.869911934206224,0.9668136193034986,4.38206406216575,-1.3029333465861082,0.9783836792088235,-0.30579993512385134,0.6513470712667856,0.2123007574853041,0.6759075026359072,0.15410144428709668,0.1417246132506576,0.9852467113247602,-0.3000156372610687,0.6186449466556498,0.8206932059830604,0.2427922825585795,-0.4922852513237826,0.06111107493689538
C_091015_E4_C75_IM816_707_506_S53,-17.367538427658683,22.107002431040392,3.5248586490889995,-2.967779532455273,0.7552854220339973,-0.9566954445129282,0.484794784132388,-0.7062482349309755,-1.0315270757316084,-1.1073091598848062,0.9668102043692967,-0.7712129959381436,-0.8549803976529048,-0.757698501599071,0.01742604875913323,-0.28640666083544364,-0.4323528212020002,0.42045228019674524,0.5584721011993389,0.05529089720639537
C_091015_E5_C74_IM816_707_507_S63,-20.65305441378455,3.5100292538520965,-6.98413197616058,0.8842925728363278,3.722418567452936,-2.3000746325168735,1.113390148690037,0.04926697738484356,0.6637750320470304,1.3670990942993977,1.229109731198958,0.4169711504636758,0.7486299387852611,0.7204361674483819,0.23545172707928194,0.7390639184281116,1.076385718376593,-0.01056024947393319,0.2467102670024461,0.5359656509245195
C_091015_E6_C73_IM816_707_508_S72,-17.158668313166313,19.681058546106648,4.769205789438521,-2.489949319716181,3.771751981761305,-0.8971241924111732,0.573276935388678,-0.2281282440760891,1.2773227594380354,0.08735343834345517,-0.2161173806033661,-0.15908901619177504,1.186302865163441,-0.11598141503056042,0.6303433805163448,-0.2754129295073672,-0.37010625563973737,-0.6008522150359463,0.776671727307359,0.2105668442093498
C_091015_E9_C30_IM816_709_502_S9,-15.832096089370683,1.7771474551303403,3.293979780387863,-4.828110881489465,0.8679163894478938,0.18287083214852845,0.26044662232536187,-0.17714997700738885,-0.9221211381726602,1.0546781433461205,-0.9714238752409631,-0.6821157130712698,0.1506188864709863,-0.3941613021880585,-0.24705715160044622,-0.21974997254873022,-0.7564346862904078,0.4585869015410435,0.36955284054572707,0.11656129396955771
C_091015_F11_C83_IM816_709_503_S21,-11.010071715148873,24.55315984129886,5.302022654261281,-3.3570633410486876,0.11954597975983108,-0.9681788951489549,-0.16919800465062879,0.06789695580898457,-0.4313509590129798,0.49261363163643046,0.7483694995972019,-0.7611573435293548,0.8979477786833922,0.9294481418377581,-0.055540951136118094,0.7196393708141247,0.9535399977314486,0.4400831489385965,-0.36148688201899365,0.4361833730593978
C_091015_F1_C31_IM816_708_505_S44,-20.154262437018474,3.451636837130505,-2.564460463464543,1.2198010031277022,7.586332883251908,-0.4706608362988169,1.2004763894723718,-0.18811101633271182,-0.3424139233049385,1.6302085129618826,-0.23306163987494985,0.08424006757385138,0.41591493681324365,1.3137351393152898,-1.866956030538978,0.09740948295450882,0.33344880190879184,-0.3233489940706281,-1.0803791294607916,-0.0028818327447961713
C_091015_F3_C33_IM816_708_506_S54,-9.226778250047012,17.160384154679225,6.270414624894797,-2.845760771000802,-1.6750325610062573,-0.010419584661680449,-0.8189080829373357,0.4840672530118083,0.529056765316146,-0.26685089967165126,-0.10853341487067678,0.008720428818530617,-0.6056863146903638,-0.9706626190813853,0.9482733680095049,-0.014611300674178056,0.21876361608862446,-0.6429061146833653,-0.5062578246428713,-0.18684635030060306
C_091015_F4_C81_IM816_708_507_S64,-14.389830255876834,22.86457144191883,5.675792693410676,-3.612967690623103,-0.7086699892550687,-0.34367972492334536,-0.1365939255982664,-0.2845272787162136,-0.9328665688771748,-0.18078584270131878,0.37080248947807504,-0.1412217858585455,-0.6005176964142389,-0.3642022122904142,-0.004889881731083968,-0.2104914522915914,-0.4497042251799956,0.185388669731132,0.8239948256829266,-0.025275630304745222
C_091015_F5_C80_IM816_708_508_S73,-18.420502388617262,12.027323762480718,-2.6028508133664348,1.02904504248377,4.11100288133424,-1.0200573807765998,0.7588456715394462,-0.1504152759703048,0.4616966104010087,0.9488176566923323,0.01554973690518494,-0.48939321991897866,1.2472518179180412,0.5196493662888133,0.9060759410965848,0.7892271436786998,1.4323864397102166,-0.417228819918605,-0.6135375995822822,0.14041918469690526
C_091015_F9_C36_IM816_708_502_S8,-10.037747981258008,9.831956087926391,-1.5558958459638212,1.1275373349847637,-0.2713619526470382,-0.023429525609846128,-0.13195034262202363,0.027498519489197466,-0.0048924281286372145,0.18289656775526547,-0.04124552835046643,0.06143143307838235,0.03340086170547365,0.026813767429970017,0.04212540264563088,0.01878768219245973,-0.08846123357846875,0.04960316009865308,-0.03280798645743272,0.03744979226336347
C_091015_G11_C89_IM816_710_504_S34,-13.245306238061294,-2.8361366169910944,-6.398176422967382,2.1278276306427233,1.7126880815542835,-0.18091283340871783,-0.17960216169016263,1.130324305957221,0.1843273100201932,0.05100388837730046,-0.3577764665376879,-0.25071937500248076,-0.11459392764671873,0.05952036016312025,0.10988194403087344,-0.12996606075539366,0.060257109533172294,0.3171480780437916,0.0005265698303831618,-0.269516453779477
C_091015_G12_C88_IM816_710_505_S46,-16.16889091250419,21.860017067929082,6.3644109529874235,-2.703197436345177,2.8795026551220326,-0.6396440069476778,0.41213186032740307,-0.2723572375267407,0.532324798494039,0.5684616402791007,0.25935370478424213,-1.0704169158189911,1.794905986439717,0.38958451297419333,0.7558423301646222,0.1819677506564186,0.7133571859131286,0.45715822874767836,0.13919282327911994,0.07476814444672777
C_091015_G2_C38_IM816_709_505_S45,-17.231029587486418,-2.0733945733734562,-2.42604796203039,-0.4684266071741305,1.6392505129189454,0.32309908835032175,-0.1583947568928731,0.47509431804901064,0.45767400714023065,0.01283237386433025,-0.4336154143350777,0.039631777904799874,-0.03547620065314692,-0.6671598612349577,0.20080118707657024,1.3004622261843766,-0.597222294458088,0.0904096766242157,2.113589654045682,0.7217388199802309
C_091015_G3_C39_IM816_709_506_S55,-9.347440007764177,26.578234419256727,8.69452260953434,-4.462020017357028,-2.363648035897753,-0.29306559289450795,-0.7998857097525915,0.07471103563524538,-0.9273586656099311,-0.09678604155407264,3.030136369663813,-1.8749469649855974,0.10014365310037222,0.974983473928547,-0.4324237649904432,-0.8521535643721783,-0.17010224567745222,0.1516417422342481,-0.3998003375713256,-0.31606825421858525
C_091015_G4_C87_IM816_709_507_S65,-13.126667806239094,21.14456435129925,6.85447409313067,-3.7151955173649736,-1.2881542973425375,-0.002820763756170425,-0.5608744191768775,0.564114156494604,0.1987333359566938,0.8061506778353353,1.4217753060568659,-0.5418620055124307,-0.054620571575818004,0.03404163337093796,0.0793020222707212,0.11606164906063171,-0.6137860797209205,-1.153454899937581,0.012386937455219774,0.6623876803816616
C_091015_G5_C86_IM816_709_508_S74,-19.452712941308924,4.060458054739693,-5.564365610982425,2.9867537827061863,4.8632043232466,-0.5775333315556,0.45592451787797555,0.7756820289204781,-0.12954260063880146,-0.2590662336730459,-0.17566714033737746,-0.9030457056319677,-1.395451544850255,-1.131800276897082,0.41987542026389574,-0.012993462396571556,0.13508122691357158,1.002066375979877,-0.4618522121720726,-0.24830604132863363
C_091015_G6_C85_IM816_710_517_S86,-15.749658994543683,19.139809210156585,0.04607288147374834,-0.844711470900736,0.8679157958464723,-0.8659545405716995,0.7643821420447517,-0.3009327614369633,-0.21408921157000038,-1.0405084476974875,-0.1466867397228717,-0.21783588982955296,-0.7396385971786584,-1.402191052071586,0.8046291582375088,-0.5855449011517041,-0.7848856145638857,0.2904178915211796,0.6658519225697646,-0.5472809866414371
C_091015_G7_C40_IM816_710_502_S10,-17.295928017765863,13.519947522951297,-3.222676429103166,1.1327697755703063,0.6122124791947601,-0.2241520276359988,0.2891337850712986,-0.10855471325562364,0.7720266375391843,-0.4920631361397823,-0.023227992661955722,0.2621790481295226,-0.7770316241020253,-0.7202613135457387,0.6320413142685927,0.19818050395300493,0.11097218219283907,0.10390812423703304,0.5513726773211897,-0.1690177131148559
C_091015_G8_C41_IM816_710_503_S22,-16.639647950975043,15.23520000170561,0.7294140539618948,-0.40951363172839605,1.425212615542718,0.18172728900147098,0.6890976111862616,-0.908409584454201,-2.6143505336439063,-0.435793961657982,-0.03205782588802,-0.30123992832448643,-0.8794931081489372,-0.32690860679311345,-0.1635922107611002,0.7911506169676876,0.37155028575406057,0.2922903388483935,0.2105363704793782,0.17736702263566584
C_091015_H10_C96_IM816_710_506_S56,-19.503337901610713,8.485789962067496,-3.219263863650272,1.2120635340355668,5.5958027140407784,-1.5211486286369005,0.9281007379128461,-0.008910221941489589,1.7182359341109334,0.0181962551736005,0.4912893661096413,-0.04808781253377088,0.67440706486638,0.05382791964247112,1.3847278635627172,0.9150998262714413,1.1742750609354549,-0.35801243256704035,0.14151059760542323,0.0537384070095469
C_091015_H11_C95_IM816_710_507_S66,-17.17399888209395,-0.14528027795117576,-10.62594852150552,2.5062374426932905,-2.38547555476849,-0.24356314196965112,-0.14062337631856847,0.014939064825379019,0.7724565855968613,0.08181052284785542,0.13916351052255124,0.104722713801096,-0.023229536772051487,-0.5779353459051495,0.25432445753591365,0.2158939408707442,-0.2184658148701543,-0.1379518144102125,1.2574940812942548,0.1609475720879147
C_091015_H12_C94_IM816_710_508_S75,-16.076186995366275,3.0176641780929176,-2.0797246938708325,2.9640223077927934,4.397968132265578,0.3025413110162145,0.664663318268037,-0.003907925810164305,0.6024500325027174,0.22016241157296518,0.4875366873850948,0.5291363516058354,-0.33411575960789086,0.4372659111292496,-0.023624582999556505,0.2099274249226757,0.503955728740321,0.43619338041151834,-0.2638208716626403,0.40976300112110664
A10_C52_022114_S23,52.706846374341346,-0.053850296522999434,-4.308866272705916,-2.5578331366664897,1.4210541998923178,-1.8593523901695888,-1.6865597559632266,-1.0938080363445715,0.5819785692999666,-0.14121607296153701,-0.7136175888295494,-0.9475796819862059,-0.25380267923173944,-0.8733998130375074,-1.1787669378664936,-0.21845799924936612,0.8121825627033624,-1.3061769418927829,0.36104226974531717,-0.9209371658484845
A11_C53_022114_S32,-14.124186472943542,-26.68779582070333,-1.6318625428175149,-9.927337498666965,-2.3457615074406633,-2.1252805038807203,0.38333551758189327,-0.2708213851064901,0.759769557201112,-0.8204551332850739,0.22315576837743104,-0.2803432726427404,0.08639097493211365,0.2547966145527515,-0.16225782283290005,0.011314603037351283,0.3203274539069832,0.06080587436473216,-0.5137441708759348,0.11175660695142298
A9_C04_022114_S27,-16.654365065294666,-24.193115575817377,-1.946964141713223,-10.478390177100383,-3.6525517874540485,-2.1064662184079053,0.4621094733302233,-0.6012885442901991,-0.5273937886926453,-0.2124839295775154,-0.4222002531585039,0.02602379643657559,0.63428018309153,-0.24561234263135517,0.3237589811884569,-0.7758144874445964,-0.32522608242857715,0.12380773152766783,-0.40322162907843023,0.030405818129059087
B12_C60_022114_S29,-10.22362361005777,-25.647349011417955,3.180617440874977,-11.596765624152406,-3.308285084529583,-1.120816098125761,0.40653763691813977,-0.047378295154458634,1.6757409716065983,-0.6828731831143644,-0.26711729206405677,-0.012487640947564648,0.062077871400122615,-0.14744875276238423,-0.30987468458846895,0.30822652444211884,0.1900722997903107,0.028850845987196762,-0.5845264070111945,0.09377543518198267
B1_C09_022114_S8,-13.130959421971465,-18.44450956003438,1.4466119247730322,-5.666206824715421,-1.3087750547537282,-1.503886909920819,-1.0832200798241212,0.3300434161607072,0.18346585169542817,0.30713685723135487,-0.13055504344186458,1.5310304345014538,-0.11011174836262339,0.07844143630555402,1.0050041527591602,-0.4657584478397128,0.058096470658447065,-0.18235616972496707,-0.3103536623028689,0.2388285304010475
C11_C65_022114_S33,-16.32782298260007,-27.645425594866442,-3.166752558154282,-9.920833278262847,-2.4567128028186587,-1.9514177679189448,0.08187872994393197,-0.1728320322947093,-0.1676802786506267,-0.05796680491182749,-0.0801425030406911,-0.11567121749154605,0.2053195701607837,-0.22881975864989404,0.09859787061759627,-0.23253075744225707,-0.17868439310623002,0.10447933469538379,-0.08097746224130488,-0.010079070550102022
C5_C62_022114_S20,-14.87703816022571,-25.966457328286157,-1.3848590535424838,-8.952011441302513,-0.9259046821525836,-1.1605464050912697,0.12379833602418622,-0.03457760302586839,-0.3657607993613965,0.32086268277184943,-0.26135671051221937,-0.24126342098706421,0.2711070340651183,-0.18673971578960843,-0.16655367117063719,-0.3332473600196255,-0.19145031893676134,-0.11217953669924535,-0.4031226099508606,-0.15373134218156895
C8_C17_022114_S25,-13.353331233909236,-21.727374411889755,0.69565222547265,-6.69413267584245,0.04626141647424593,-0.7980911325945758,-0.18847616116205204,-0.0019994554935950882,0.21398665660970687,-0.5228628378041212,0.011452340251356849,-0.27147256614329096,-0.26278935103634116,-0.23619726326632082,-0.16930073992101763,-0.08223438688101682,0.40858946381523065,0.1641658249896588,0.10518891531088506,0.05692447063940303
D10_C70_022114_S24,-3.5831847106790837,-18.903418593205277,5.391107014774118,-7.532728861193888,-1.9320941228174282,-0.6465394919946384,0.3526580185858109,-0.12291665638494477,1.3328741941366582,-0.6202351473206643,-0.19306613002829348,-0.04505382815445239,-0.09241781060437472,-0.19019670458614257,-0.2302542644720019,-0.27025780055951276,0.4303633865635737,0.10339067014195666,-0.46219589920238907,-0.15776612336476176
D11_C71_022114_S34,-14.846862234369494,-21.36973642008653,0.8410049986957087,-6.169023849507472,0.26380359488387484,0.4235259805739214,-0.21227255096235573,0.08553962145105788,-0.17167351160375646,-0.6288293156827858,-0.20840566997108395,-0.21102132404856191,-0.19088052616143264,-0.22313737373118014,-0.16736582849161033,0.8675123182848828,-0.27291763789703083,0.1301247494976209,0.38817117754754105,0.46886966326617274
D1_C21_022114_S11,-19.695287110873995,-25.540445776400837,-5.780674199797507,-8.388988696185432,-1.2875123531900416,-1.56011187555774,0.305396145575699,-0.12377682505172338,-1.0392045731655746,0.868483273013859,0.061773505595006724,-0.4047423420887533,0.20214636992550117,-0.11189299218854908,-0.5183675543151552,0.5132742439854281,-0.445163422037239,-0.1485745244051853,0.19615420985222837,0.2003223188961288
D9_C22_022114_S28,32.43568388328639,-9.232481967462972,-0.4968911388574089,-5.737770358244337,-0.309975222247398,-1.8514966964722324,0.3049884734408374,0.1366696883600678,0.6270041968482502,-0.38322635037797326,-0.27084383249938426,-0.7272226226430996,-0.2186902470478128,-0.6867655804579669,-0.8570163750882488,-0.16412542993409868,0.7498014142903003,-0.6253008874471693,-0.08276233571144485,-1.0110620953957237
E12_C76_022114_S30,-16.025949529267372,-18.65074780368931,-7.445954351544491,-3.8472904935860344,-3.9451042048271914,-1.5876906040149266,-0.8193546914425743,0.27689889903427184,0.529648581951179,-0.31889407212674337,0.4404733405267476,-0.12487266434158865,0.24104631929411222,-0.3440599244142028,-0.062003643481393415,0.1855752622272692,-0.04215627891342108,0.16669533815146428,-0.06875343267973237,0.6187509916846431
E4_C75_022114_S18,-18.196284703992827,-27.330299629280248,-5.0306787011989575,-8.876046421593536,-2.7327381126420995,-1.6302635713390954,0.2854932624834534,-0.335578927231427,-0.20873573957399028,-0.10452775966003351,0.3542750389866898,-0.11436672860042318,0.11430707967541537,-0.08195899795617746,-0.10675482206230061,0.23219055109247022,-0.042479627595233355,-0.10233216253543151,0.09955439741101003,0.004429436131861378
F12_C82_022114_S31,-18.211865010171614,-23.815159691914122,-4.227152467111783,-8.151623628197244,-1.8432639109769937,-1.8950081638108138,0.1614267630618091,-0.15356452970473092,-0.00522147291202528,-0.031448299617338867,0.4086722089685055,-0.05434425241563525,0.14926860530507707,-0.05130619341727048,-0.03939493533109908,0.3798885401027106,-0.026843520891987913,0.0554776548261951,0.11554137537785834,0.19023272062541655
F1_C31_022114_S10,-11.271916075036621,-21.035290619262124,1.6823728420275506,-6.121805740902113,-1.0748824283379095,-1.0707492293825378,0.27809647032187995,-0.24193101131452913,0.34417753800510403,-0.41424276811544514,0.3846610303155987,-0.16769341046360509,0.15046547439210403,0.055813167726169,0.110392312148983,0.3806597328523961,0.23628096620685188,0.056039423037545714,-0.22618357317491616,0.05077257504942594
F2_C32_022114_S9,-18.64656052942488,-20.451498101918673,-7.241700688368598,-4.968226006112172,-1.4801785774386176,-1.2315739898040188,-0.09937215462518183,0.11526100533602225,-0.23886784748910647,0.11816405929004946,0.21279365087045132,-0.023043175830991778,0.08093932367824101,0.09267927181427511,-0.11324831768913231,0.22221851668767476,-0.07802689307409155,-0.19911835710879133,0.218052722693399,0.0738232221986214
F3_C33_022114_S16,-18.18564508533105,-22.307860523347223,-5.201449988632147,-5.787827312026168,-0.678362787677794,-1.8503706274242644,-0.15925087223472825,0.21404399890689219,-0.5549169357095021,0.4279955138484165,0.18416160155704084,0.04525783936318731,0.16603624986751228,0.0721068532106618,0.009313172297551497,-0.01712450394103723,-0.19624346177543303,-0.05449035250056631,0.15861000312829188,0.039872898691251955
F5_C80_022114_S21,-16.89757670291028,-20.861735343969396,-5.388824356979131,-5.29789731898488,-2.025422603659124,-1.4588130445153222,0.07355620034189991,-0.2276051991646576,-0.206683736119812,0.12647841057879233,0.30452212009161256,0.11806608235133767,0.07515806506020718,-0.07207302663262788,-0.031238513965225912,-0.09400360536110544,-0.2285778577052812,-0.00946363216229282,0.18163437378194225,-0.02540089834782566
F9_C36_022114_S22,-15.957593582814598,-26.560264931790442,-3.786611241429935,-8.39922191130508,-2.917793660366961,-1.4448780674569848,0.19665531557540178,-0.3900908393713874,-0.32040357490933113,-0.18634609912429903,0.3222016235170713,-0.0002990480971603618,0.23497137205212257,0.036980148621183095,0.017129954448830653,0.24531954650003768,0.09565865291076114,-0.05443115028453213,0.0831243556345197,0.09373475348292125
G11_C89_022114_S35,-15.525743665148743,-25.099084529782857,-1.2457383341792594,-7.891780585509309,-0.9101514671275693,-0.7436017056197366,0.2293955118583076,-0.2419109500661962,-0.17796556820289147,-0.050973461537572526,0.07362851979452305,-0.05728335450714777,0.08417662164217714,-0.07119485506975866,0.07736682834782777,0.1903079252182621,-0.10295087711633395,0.03921331108214493,0.10791793470948614,0.03992024492875537
G1_C37_022114_S12,33.22720786819985,-7.624757163909313,-0.1984029833250672,-3.8250585481918593,-0.9495405740275475,-0.8132523179761996,1.3548842793874787,-0.0692568830721071,-0.009181408697149116,0.06706931054483037,-0.03394583241027609,0.09963249210206214,-0.1987433304675855,0.18490619024251165,0.21914386580892187,-0.1357884628053842,0.18068321743161658,-0.15474787535489198,-0.009146510898426842,-0.06091398913080124
G3_C39_022114_S17,20.274720752848303,-8.411287790445604,-0.6598670558617764,-2.2758955025911964,0.2313742944925153,0.04354560542434496,-0.047902745471028546,1.479960198530235,-0.27363590586524955,-0.5064825597011141,-0.19687060522520425,-0.2343027228631629,0.7852594823316384,0.012189548362150224,0.09018468955667354,0.3963991989167408,0.34910537714051637,-0.22587645660457983,-0.46727999075156945,-0.44245312378256396
G4_C87_022114_S19,-15.435472394860373,-23.662909095519453,-0.849965414189078,-6.505656082289017,-1.1235179747618675,-1.0371032102081397,-0.06246262869797996,-0.27903866363583457,-0.09743594262960188,-0.2941104797321967,0.2858665818669513,0.01783944596512073,-0.06070269497519674,-0.17218462627436099,-0.018285138004699403,0.20765913451189563,0.04263700514272629,-0.03367456762101634,0.17261300646118266,0.14419476821640934
G8_C41_022114_S26,-8.686810451943275,-22.854324412024678,0.7934446801370217,-7.213640281183414,-1.439201856356355,-0.8194967059632409,0.4847346824807582,-0.15113372547738113,0.15059746917600741,-0.5825335277804149,0.0044077670354561544,0.36986577141950544,0.2622917516320918,0.29482568711606405,0.385066419712793,-0.08265580708610258,0.07043445538038766,0.0002725437448278932,-0.03620645184141394,0.15386467546643984
H5_C92_022114_S15,-18.120968580585274,-28.2733515639825,-4.0481295740254915,-9.621192822286002,-2.213306276834687,-1.6595893109544722,0.3745607038434944,-0.27951192048201146,-0.6811334880266884,0.21244254279699473,0.020216587065746406,-0.16932962571043433,0.44356030829023746,-0.2058969803774854,0.09629457089024039,-0.03080848120911543,-0.44432322620984166,-0.10691517473575222,0.030742063191965652,0.0332486043967113
A11_C53_021715_IL6203_N701_N504_S15,-8.94520594203658,-18.07340990903254,2.3020002619501727,-0.5678294222668728,3.8317930242438827,1.020492467314281,-1.927353516782023,1.3545417912919075,-0.894019911981809,-0.696682324223243,-0.8754730706589811,-0.4186072710382106,-0.14125201504489,0.17376961114836903,0.1764723389849716,-0.29613382524909426,0.15957837267173286,-0.3343419734656621,0.3436763484439941,-0.48725294958104653
A12_C54_021715_IL6203_N701_N505_S16,-10.822813418051865,2.1856266972651235,-8.736259031582021,4.613841206237875,-1.0334237142336093,0.1800222456015561,-0.31191335799697,0.5009895754967387,0.258860498220416,0.07315848616271839,-0.1440355121167005,-0.2643943079304228,-0.08723708921051594,0.011025631675361497,0.06743940990582867,-0.1118410464602692,-0.04765605211867049,0.15880424909534466,0.08421043955106415,-0.004658093813022934
A2_C02_021715_IL6203_N701_N501_S10,16.162534642870643,-9.65957693350459,3.412599582989822,-0.25918188632370226,0.7455726855417282,2.8506299502990218,-0.19528345624270452,-0.1586998524290284,0.12821501277461073,-0.9097930294940998,0.3943156483496676,-0.5948204847268922,0.11822575511167795,1.1252491331344858,0.41139932369352844,1.73305324476973,-0.4226523095515736,-0.21769924786324202,0.1834001004836062,-0.7634626448103906
B7_C12_021715_IL6203_N701_N506_S19,28.958848337336924,1.0351461963124493,-4.694995878276997,2.128871845809444,0.5065760335656597,0.1445486932941703,-1.8779470396717826,1.6123291726096458,-0.010656190104395174,-0.9503036621497963,-0.33323611939910575,-0.8890184398988663,0.28302176768650983,-0.3611604954528522,-1.0256246533527047,-0.5875455629180198,0.4559641063229313,-0.31114118024677373,0.22944431932478346,0.9227707982079366
B9_C10_021715_IL6203_N701_N507_S22,-1.252382405390873,-6.673454913565429,10.347057435301263,-0.9622585208566773,0.46950223791732,1.9666397582978061,0.5442227578350011,-0.19021599295669267,0.997364389902587,-0.823942327394978,-0.44391244050301115,-0.4493122037200486,0.3795740299524588,0.09034081314570895,-0.13198327109047475,0.23041414801012144,-0.12595570492793734,0.15344182735682782,0.02709481540122337,-0.009939094323495625
C4_C61_021715_IL6203_N701_N508_S24,-4.847725369727424,-5.1621051798871385,-9.393242060692888,4.548829327482238,-0.40890988597076916,1.6432039476596216,-0.9093996756831012,1.6337170200738187,0.24667953303340254,-0.5599184200733213,0.1208859665730231,-0.41927450934499055,-0.6604399802021713,1.0444433706435081,-0.5124182995155226,0.014637512964615972,0.2680086155310442,0.04557897468705398,0.31033542099601147,-0.4651745532041158
E2_C26_021715_IL6203_N702_N505_S17,-11.311853529045305,-10.291072498082121,5.101474255526931,1.6931497871691463,4.1474969710737914,1.4866563784521905,-0.6629133590072055,0.5399248041432999,-0.4213500390222584,0.397895800990912,-1.2482307770316916,-0.6525327397391733,-0.06487328866068633,-0.5818655756532883,0.24568711020323947,-0.3016298379847798,-0.12587318893035726,0.08321230463345473,-0.5763484651432368,-0.30368748812064444
E3_C27_021715_IL6203_N702_N506_S20,34.23220620231438,3.1314643489675853,-4.045403012675262,0.46995577426814955,-1.9339290087748813,0.5240210720167572,-1.2584754590346305,-1.4840135959169942,0.7640227401062446,0.38239336510163213,-0.8380976151224745,-1.8500935369106697,-0.9684594401670186,1.87947339586731,0.704512448735257,0.48701129697446044,0.04021273353698217,-0.7548749190505694,-0.2719227988378101,-0.6064254348685891
F12_C82_021715_IL6203_N703_N505_S18,-1.5382954436376888,-11.55282286745175,-5.280488390169462,1.614628356169937,1.1324185279730805,-0.07571330130759435,-1.9910384097867484,2.249278106892858,-0.10837113900806933,-1.442962469759692,0.30056898999358517,-0.38330613495603577,-0.009603521189178996,1.1433005265369856,0.5642829682319771,0.16038386802696433,0.07159259809673553,0.0781372919883965,-0.2000657531068806,0.5132937490272982
F1_C31_021715_IL6203_N703_N501_S11,-12.723704981058138,-19.014421415109034,0.4247103656354283,-3.4442851834327133,1.665864224016736,-0.11612081928990561,-0.9557584818438472,0.6407178847079176,0.24731430995074516,-1.176879647029472,-0.059526214754804616,-0.5525477492393988,-0.4360549698157231,0.4567249247492074,0.1965446159450588,0.26073995022723295,0.5501972636367755,0.413381860457463,0.3273145550697314,-0.44666933587788865
F2_C32_021715_IL6203_N703_N502_S13,-13.752588320010396,-10.711243894238118,-11.560842757694932,3.077689326704356,0.15549267715629198,0.3319283001724176,-1.7786084752623272,1.8921514218513182,-0.6611716499626912,0.15120402540854253,-0.8737165712074898,-0.7275032894635671,-0.2518551231524194,0.18359686396079475,-0.3021535238074307,0.17050139766277533,-0.5461979936319774,-0.4843690041263995,0.11605286900142374,-0.07021005115042987
G9_C42_021715_IL6203_N703_N506_S21,4.423499980120244,-7.916162490889433,-5.149342373021136,2.9727697507151554,3.100932611435505,0.7868494954510988,-3.231767244704863,3.1756448764006366,-0.6451847232419242,-2.0811610050458085,-0.30025530156723046,-0.6074422302926252,-0.26097303531011806,1.0758448796742528,0.2036837254498515,0.47391814818903316,-0.8585128660818736,0.23202321261763367,-0.560576041342728,0.5342573278987878
H3_C45_021715_IL6203_N703_N507_S23,34.70285318626082,-0.21090299403554633,-5.817085103068549,0.5528145243192519,1.6239994305546894,-0.5478438219696947,-2.831516611932893,0.6485472205421319,0.14451763048104452,-0.6383201700108776,-0.7250488310225705,-1.0504626294650685,0.08528940290655043,-0.9973777982685853,-1.6421363392290624,-1.4331380534324567,1.3372863459561655,-0.8983922299897552,0.7495463603020229,1.3655396631474965
A10_C52_020315_IL6134_N701_N507_S13,-6.98233492794849,-10.462378974848725,9.03105735266148,0.44216038688675097,2.1211852648897063,3.2979633328248132,0.5601719792403856,-0.672581262096845,0.23472770657633715,-0.2537614427950737,0.12610664021334247,-0.1014732904834047,-0.11495533828354801,-0.23057261944172705,0.026294037587583242,0.3260553239403184,-0.2443896587948092,-0.3426738811466054,0.3206836866172245,0.23127167707370141
A11_C53_020315_IL6134_N701_N508_S15,-8.278658380073088,-14.242623352534386,8.014803511527901,11.68400396875761,-1.3754782446386145,-3.8124732816164384,-1.213358297280948,-0.15202781696608605,-0.693695776227306,0.563063330687211,0.13800934525950315,0.6069008555428131,-0.026143284757824455,0.22546671169199156,0.3712275914276727,0.0996464444476885,-0.15614138121144439,-0.10438935470881341,0.28213395269547636,-0.13441473727485673
A12_C54_020315_IL6134_N702_N501_S2,-13.337103722140245,-23.121462671078934,5.52607134070133,-1.6708486814551764,5.095692496295403,3.6594444779437993,-0.6680451540185556,-0.18784329585280052,-1.2996757592969013,0.8006668345317675,0.8938579045152399,1.3998823584503006,-0.41633093526586445,0.42706199094636377,0.23106891102201674,-1.445213051977353,0.7213899394608004,-0.9316900410489912,0.2821277075910783,-1.1542702888313736
A1_C03_020315_IL6134_N701_N501_S1,58.82628077283714,2.376712398066556,-1.110421348736853,-1.9380595383074932,0.9449578533807415,-0.20589334142425006,1.307909372463022,-0.42911272835666225,-0.1871789267547064,0.5122448711365153,0.4961711773435079,1.0075698453151707,0.21101712061419517,0.10096976237689183,0.8020731822714804,0.4316048025084695,-0.8537921422860638,1.4492249417595655,-0.25650577589696105,-0.2834038221939774
A4_C49_020315_IL6134_N701_N503_S5,41.45834442724958,-2.478486476922268,8.451724710854249,3.6552073267233873,-3.338346666146589,-2.1483499893896663,6.682865156578614,3.424213595259234,-0.9335835226936573,0.055730793054539894,-0.7782329352376081,-0.18431170386936938,-0.7896689480212751,0.7022036019389487,-0.044864695242968176,-0.33651263483922017,0.4061518359012373,-0.5603611804985279,0.4844776929252312,0.03075470102622111
A5_C50_020315_IL6134_N701_N504_S7,-0.6323978206695696,-14.975760701918817,17.829371654023028,10.846218855677366,-1.5432115567371114,-0.2104184545823135,1.3068868956413884,-0.9281939207941098,0.6442881066505846,-0.06785420882218135,-0.5381890767790877,-0.6063091668566767,0.228611424154687,-0.5813030593510399,-0.6406347222537598,0.11506896844995569,-0.6422941215506364,0.12404701487244389,-0.4539333277555094,0.4897684047485119
A6_C51_020315_IL6134_N701_N505_S9,-11.04850827631989,-20.900301623911346,9.353564169462768,2.5611343302310083,5.271226838469605,4.623572091592039,-1.1434986526967479,-0.20188390203427836,-1.166223071218861,0.5998795972903822,0.6720749490488165,1.1126166001215727,-0.4340109324088665,-0.02087659310797576,0.7452906313196812,-1.7786592103705992,1.1865473747852895,-0.9172661224874106,0.15791927463568708,-1.1936130273384296
A7_C06_020315_IL6134_N701_N506_S11,51.898867676737616,2.399875262873028,-3.3433505992427546,-0.8222518024385833,-0.036125990239498654,-1.0918045686798743,0.26579972090331994,-0.7405171531517266,-0.13730059831377972,0.04254028072094042,-0.16475993579721737,-0.1605454576264194,-0.2505383697014609,-0.4502159577715306,-0.07129211929963666,0.2985785028432585,0.410331424744787,-1.1091919078530914,0.2831341272697614,-1.1035285161127308
B10_C58_020315_IL6135_N703_N501_S17,-4.418803397869245,-14.539937021596478,14.301854114188592,5.947346753725124,0.8557844537514534,2.096280856095169,-0.49048336662505426,-0.23022974653157385,0.3474183167187459,-0.04427023500631392,-0.14604512246394924,-0.26959234491331724,-0.18692217427383578,-0.6597266459421389,0.27417820166119083,-1.0261884194766273,0.7577596909038128,-0.1481347336103715,-0.6165330729156037,-0.4993814237412405
B11_C59_020315_IL6135_N703_N502_S19,-12.63738227925147,0.6511412927695983,-11.074366491708,5.118578408916761,-2.959279689525542,0.45549010034475373,-0.19361204479913846,0.39497563188903584,0.45461611229232585,0.060962084147907,0.3395708320225326,-0.0855631492227428,-0.06768593949520274,0.13942533258589082,0.06393242469620365,-0.029860042880006023,0.033277372317414546,-0.1586301981843611,0.1711275280800815,0.0784190497918839
B12_C60_020315_IL6135_N703_N503_S21,43.85591644923914,-0.6254982830865995,-0.877057258883159,-0.6337624984334351,0.7587554470217638,0.19235339558508766,0.42355876026619055,0.0693159392017162,-0.2112039475997402,-0.02577027539521379,0.10202272534295509,0.05386258725724428,0.11100183383407267,-0.06389716371736288,0.007130230668623557,0.26896039229265356,-0.057801837441943726,-0.07969088245725102,0.08689819790902024,-0.243374571407425
B2_C08_020315_IL6134_N702_N502_S4,15.528330588013091,1.223479427390226,-6.904023956095138,3.763357277105261,-4.089562941209637,1.8437637439434882,0.4094768956425896,0.017304948486999348,-0.6276130733996671,0.7916229034243266,1.1110767635354146,0.08125700424852791,0.9131225156848881,-0.27546702699035547,0.6029595686829915,0.6847510028628552,-0.461631905328228,0.08370945925785109,-0.20861953038899556,-0.26273005631654117
B3_C07_020315_IL6134_N702_N503_S6,-1.7280648841403052,-16.9087478643293,16.071853733607078,9.04859902869573,-0.9849542760909968,-1.4264132591688428,0.6374348797821958,-0.6387665680044328,0.5765978886804596,-0.3089462953333268,-0.14395349243071248,-0.37589032448135307,0.07873375256984359,-0.3200013009403843,-0.7342080015347556,0.28117889785041594,-0.1112529273318357,0.2217849962713778,-0.12420281551111019,0.19346509245193722
B4_C55_020315_IL6134_N702_N504_S8,-6.249840809694065,-16.330702615624183,15.555509782717445,14.950038581558866,-1.7867525617180375,-4.589205200320148,-0.8937590003387457,-1.2469535588648617,0.18382556828777993,0.11700177347195995,-0.027463101472060665,-0.04559443370552848,0.3677303960974487,-0.43050798039781424,-0.9311442781517906,0.3577030915335177,-0.3492324834850715,0.49880873824294475,-0.25605374863576674,0.14434133401521448
B5_C56_020315_IL6134_N702_N505_S10,-8.95974769934421,-9.426420369375961,-1.408725866696378,0.25134258754030003,-1.5769029210922216,2.496812926181921,0.8992685812004244,-0.8417294969835287,-1.0288666577954388,0.9277999275048869,0.4412129268892632,0.10448439097521676,-0.015388476458972943,-0.009973126013218047,-0.2952009759326353,0.5895064746507457,-0.37840327238391724,-0.3571720824526218,0.27968594266989144,-0.12518284747238556
B7_C12_020315_IL6134_N702_N506_S12,45.98739973008569,1.8436146746899922,-2.3059700978019726,-0.3795160119670113,0.9424956926264985,0.4477846710027788,0.02755150878789314,-0.048611856214732706,-0.43641874925103424,0.32891346630076324,1.1336578532718153,0.9005227788082122,1.205403609875419,-1.3613406296144934,-0.09377578511582696,0.5367470321017828,0.13621377225841708,-0.014093475103725243,0.012769180921038818,-0.5299234286340183
B8_C11_020315_IL6134_N702_N507_S14,56.37595851569722,2.1940697725547764,-4.389694791113192,-1.24589893745699,2.072958480523325,-1.141074355603857,-1.553452458805028,-1.0037378236826673,0.24168922748825764,0.09992566604230013,-0.5801758588813279,-0.6546921087091222,0.03601219620864325,-1.0072094074744937,-1.3049148352939823,-0.15089007160262627,0.5424036617814165,-0.7906200165833512,0.529014825112711,-0.1707445600207412
B9_C10_020315_IL6134_N702_N508_S16,46.263291551725615,-1.8316701160383997,1.1928391883992757,-1.90598663836617,0.46914746580024314,-0.22673962539827608,1.1090710040161529,-0.12863016157368184,0.23354386679516154,-0.10996103165777776,-0.27249482152813354,0.03699306639987529,-0.43623120436104923,0.3547470470620362,0.055523851066229014,-0.2725053377607243,0.13513968127414794,0.11726487718549475,0.0747773837425239,0.1733867871648746
C10_C64_020315_IL6135_N704_N501_S18,-11.51363749456565,-13.704216055308445,5.710380649460643,2.1879730575916847,3.384614807953056,0.39967696642802714,-0.7105682707119009,0.05244848118226717,-0.05824619438085689,-0.31276726454955495,0.1495471213809121,0.4487915064042964,-0.2663973266614522,0.09590296901709268,0.6130578714976312,-0.27784944894905916,0.06790078792751587,-0.07461919595473585,-0.1180723249632715,0.06161442919765083
C11_C65_020315_IL6135_N704_N502_S20,-9.023614871480932,-12.362742878470879,1.1100859329454882,1.769542312602024,2.867506249572809,0.33977352310428793,-0.8772694618473423,0.5427334210780526,-0.2441451055103438,-0.5057140155379471,-0.04256678701956268,0.028515460249866106,-0.23216130238990704,0.32396347404052983,-0.17104379551862578,0.3321582073701942,0.010058113000126023,0.11603639066882497,0.12563927855837326,0.02646377512801475
C12_C66_020315_IL6135_N704_N503_S22,48.64109886375789,-0.7936812633304515,2.146200352981665,-1.041771185493039,0.22992192739156977,0.08752112205630845,2.044914523435679,0.42514093854292595,0.01228311280011762,0.13051967050576765,0.214370455794764,0.40430178147784446,-0.002274724873751041,0.017998069136120454,0.17061435852895407,-0.11404336965889461,0.08255291058625454,0.47118254531944204,0.030095492227464778,0.07820684509399024
C1_C15_020315_IL6135_N703_N504_S23,35.540697993834414,-4.344798004896498,4.043315906031675,-0.9955203522455957,0.3577606073606018,1.1969020942669952,1.4916699792995607,0.3891640718929119,0.21509146671130802,-0.17771920596259586,0.2200147618001024,0.2328993000350999,0.051423002639996475,0.2848715768460917,0.11948588686632124,0.2215366224376226,-0.0004737115801914273,0.2158211894932997,0.014732605139081286,0.13734565473153754
C2_C14_020315_IL6135_N703_N505_S25,-6.270407766139398,-13.520459156420419,7.6027895191749915,0.2102058579507038,1.5890230654129949,3.2051173681196437,0.44631621468721056,-0.5249599515050828,0.09539213428679794,-0.11533400902760203,0.128248175478514,0.06164705892729307,0.196848435343895,-0.03060450452814544,0.19629565148548733,0.5842985859659118,-0.06182531575735384,-0.24667231194354458,0.5826592190664708,0.0038047092811312917
C3_C13_020315_IL6135_N703_N506_S27,-6.817104296322366,-17.22311462936686,10.802912086273967,-0.930054205101842,2.157125490432723,3.695596108814946,-0.29742717873022123,-0.4015816766614713,0.7051025092133499,-0.35553478428571583,-0.039424582842433026,0.03737640858388789,-0.6080214746672309,-0.663378492780078,-0.0781617086489555,-0.6035065759153392,0.6793775971051144,0.07918868780204441,0.14305877309226522,0.46346030006938477
C5_C62_020315_IL6135_N703_N507_S29,41.817053337502145,0.8660771337335016,2.7293176578228113,-0.9631433336729203,-1.1892797417406071,2.311455135748037,1.126014904841534,0.790625012148861,0.7994229949598042,-0.36105139257519137,0.5549052645933192,-0.16809717034697222,0.6485969121479006,0.3287237368000013,0.3289559718582131,0.6549948263381762,-0.14494360289974687,1.0349414702221316,-0.5551737307865332,-0.8883199036062523
C8_C17_020315_IL6135_N703_N508_S31,56.211416047080185,1.6294248128375373,-2.113486416872243,-1.1237916534445886,0.9578851037740331,-0.5755732483863468,0.4593014001515692,-0.47783541881569513,-0.08885174868207614,0.23757600937685786,0.07565512887542783,0.24702404434062153,-0.05198631027138235,-0.07111437048199355,0.026725917665461726,0.07244448559580886,-0.029427165955028037,0.19264121566911827,0.12465518524965445,-0.058358178939436484
D2_C20_020315_IL6135_N704_N504_S24,-10.021892996683585,-17.636124602140278,9.598026753026835,12.502625298178891,0.6729427011939831,-3.9189469703105306,-2.7607048342972518,0.10229220459372483,-1.0894145083418545,0.35458967242741796,0.5813115602847384,1.1782129443969938,-0.13617800529551174,0.5950195692853204,0.912535770165946,-0.5214927908254454,0.901502828187332,-0.21086612648203565,0.6887298726633864,-0.6375288929984138
D3_C19_020315_IL6135_N704_N505_S26,45.803839497154826,-1.6699597095004328,6.133883229553277,1.3674588991744425,-2.642493245217101,-1.0958691874481785,6.321347885845073,2.8801803418870993,-0.7803869490341286,-0.14258287800286196,-0.47355972931857543,0.1376207208797843,-0.76599255620596,0.6906194746779909,0.18990698713613077,0.024160921453825417,0.44043082538760814,-0.4443766852525501,0.5505042493289013,-0.12363316282956958
D4_C67_020315_IL6135_N704_N506_S28,-1.0438160620481631,-20.0019785542861,10.158119230973492,-4.0333300371108,0.4245713886610906,4.384433153197238,2.892870518183069,-0.15863341593133728,0.6640448384956441,-1.1295816140547463,0.014118495286714215,0.12362144482890162,-0.28744732241916754,0.18559055009599046,-0.09647964599913711,0.5833560753334502,0.44433694890781206,-0.3667193276978922,0.38162595502072705,0.6340748716882249
D5_C68_020315_IL6135_N704_N507_S30,45.754980057677,-1.2648775970490616,0.8451269890389663,-0.7364079926146927,0.5539170716763698,0.412294107348591,1.5504282701415244,0.7704059951708963,-0.34692702332805925,-0.032841492219552744,0.3843443366762546,0.40605495445514245,0.5215678016234426,-0.6331528227737114,-0.2412367488738953,0.2898193386359604,0.11747631381198644,0.11619885746767562,0.05024852911316166,-0.44638797178342754
D6_C69_020315_IL6135_N704_N508_S32,35.76628014349105,2.3977504587215117,-5.841725013379362,1.3883537337093277,0.22280956567738955,-0.11319679915430358,-0.5740436051959403,0.6370240780001613,-0.3808741851767213,-0.017868022272529236,0.4884872774901133,0.055641373326375004,1.0144508214923649,-1.5369415931390438,-0.8669356273240612,0.4797251356184284,0.13475858352761008,-0.343001002028945,0.029217165881923978,-0.8377462618082373
D8_C23_020315_IL6136_N705_N501_S33,-6.594238239023374,-10.828653459432667,5.861718056546592,-0.6207720010841109,1.8534499837237965,1.4525232695719656,-0.124399507882182,-0.055332224703652996,0.2381540076431944,-0.3048131807734032,0.18309198054487083,-0.05502973634604002,-0.1743521710594379,0.28403814041277975,-0.11528378984055891,-0.026010759854860614,0.34800752024291587,0.10761254790438492,0.09699995621306366,0.03597276540204392
D9_C22_020315_IL6136_N705_N502_S35,-13.978529402984774,-3.0219113020919606,-7.492859905455021,3.04950243645457,-0.39934266213425046,0.21383658466411343,0.09117207425015546,0.20110791710655862,0.07645266871382596,0.3393364598076172,0.2462790722595465,-0.01526333125503228,-0.06593920897403537,0.01824594693693073,-0.14582499476841015,0.08073027016469093,-0.10864828403966618,0.051570237031009124,0.054420485025631085,-0.04280150330313565
E12_C76_020315_IL6136_N706_N501_S34,48.31289203875899,0.7312604508339952,-0.8000501241155804,-1.0877707327838844,2.0713558462065143,0.43791831083301874,-0.24403829105035085,-0.019416246540256168,-0.44934832544177217,0.1568687654544615,0.5436839605081262,1.2758585359524117,0.11011249613224673,0.23511702346399835,0.8321140773051657,-0.5375753046838966,-0.7959818398636417,1.040056332468661,-0.3114195672459623,1.3431059323612273
E1_C25_020315_IL6136_N705_N503_S37,1.567862367733026,-11.762687404720245,8.34585243780111,2.5799914623804576,-0.7403648960476285,3.827544210789332,1.4086536210809433,-0.6213136094644323,0.21980612188750218,0.4081738052553787,0.2585773779938794,-0.45559855845609926,0.2482717806518342,-0.4014058306905752,-0.1419426113402522,-0.1620392511311777,-0.07833852957072057,0.10151835151910908,-0.5460821924200067,-0.2201756147649988
E2_C26_020315_IL6136_N705_N504_S39,28.600347909601656,3.558147142451802,-0.6681074182868936,0.9539002654073477,-1.0347224564984308,0.17236809595081534,-0.5487159736308032,0.6622398104838896,0.22557541114389434,-0.06688173286995448,0.10386220306602693,-0.30729498381897546,-0.006534465753209422,0.1906199652236888,0.02360096153698278,-0.04583849549933794,-0.07230906503067443,-0.02226244845016465,-0.07186900125601674,-0.03953920561344535
E3_C27_020315_IL6136_N705_N505_S41,51.42224169413938,1.9053047572611643,-0.39918981102574164,-1.9262072565828658,-0.191251426301001,-0.07789275055556212,1.2793809276425618,-0.2752072360289682,0.1344097713792884,0.3004524824941342,0.4491680601177676,0.5577342889789947,-0.016147711342764277,0.09356502087150764,0.40672361599260143,0.20048682425656672,0.009341336694464521,0.8467411252531898,0.023240933281646066,-0.6002675463170722
E5_C74_020315_IL6136_N705_N506_S43,47.70004972924321,2.7772702030776313,-3.330504470389563,0.18770368681511457,1.2528880988488604,-0.061825542425250304,-0.22553734054522606,0.5830848968385061,-0.45625687865091047,0.15631759664156616,1.1499563540989344,0.9490237749796456,1.5848007583774377,-1.6170654620659326,-0.3353027703843054,0.9690956747762907,-0.27084894727963743,0.09228159813017438,-0.15435886993513703,-1.5723176541699444
E7_C28_020315_IL6136_N705_N507_S45,41.39064691787946,-1.6221331733973618,7.281134928603567,3.7915259122753273,-3.7299887967347294,-1.8637969910716286,6.12883429475132,2.9753903994271287,-0.788694447858993,0.07633277194474633,-0.5931832840180717,-0.11701554624742323,-0.645781818559538,0.670874002348888,0.0705148982142224,-0.28130694473546103,0.2568588934981257,-0.4044096409257446,0.4258598975261816,0.07496070756200925
E9_C30_020315_IL6136_N705_N508_S47,53.893036359620815,1.1594794912351738,-0.6760302550321352,-1.0321809090860348,2.3374485693783673,0.5976297667705105,0.19517187000243205,1.2537174849925077,-0.37686129524293244,-0.03492007496956134,1.1373867286507622,1.2217972710243152,0.8233154021001504,-1.0187947070164025,-0.29250747405598815,-0.989714910361231,0.736571275898659,0.844636167775208,0.3028034613744081,1.3838625547843582
F11_C83_020315_IL6137_N707_N501_S49,45.5020478808557,0.4275537836108094,-1.8996311632447576,-0.375342588163655,1.9816383568205371,0.5534128621082851,-1.3688509122766424,0.12005415334619914,0.18483188757796626,-0.1621602239296477,0.5322898271743499,0.5567301791765416,0.3898590521569704,-0.9908989504267828,-0.8895100295709715,-1.8657850984538924,1.7051091503248381,0.30032300379316906,0.5215983896165508,2.6797346407220557
F12_C82_020315_IL6137_N707_N502_S51,47.621247419903,3.021967792538487,-4.625430238386972,-0.1998005611419805,0.4810845442045468,-0.11434453942420615,-1.3141843660843402,-1.2664795087319571,0.20277698682579806,0.1676581125465592,-0.1048148460808752,-0.12293362808718425,-0.10251302342352352,-0.01454274649878738,-0.13122632164683173,-0.341932168229724,0.35356261484054446,-0.1906010142758293,0.18820272130769602,0.5418352425940132
F1_C31_020315_IL6136_N706_N502_S36,1.8835148149959196,-10.808952750340765,14.444237712955168,10.94648977267069,-3.0876429665019844,-0.3493736796377693,-0.9245912532108215,-1.0197959719114442,1.4006159684757937,-0.2585059890291243,-0.1759006173597056,-1.1588113103574196,0.10813507421251298,-0.6119496386941041,-0.8991151724318832,-0.3019898447907356,-0.16279787460970715,0.6018554243595432,-0.854493113941526,0.38330004146531355
F3_C33_020315_IL6136_N706_N503_S38,-6.277807162137075,-15.419272659347598,15.600624359584064,12.398240397152714,-1.5026968467984936,-1.3838991328090189,-0.603527574910787,-1.799887200204045,0.4709754584266722,-0.14812901791594377,0.0872577680356001,-0.053538624819892786,0.4413666515031559,-0.25376863744451345,-0.7374147574189649,1.1829409559671835,-0.8195694447685333,0.2912780163841913,0.2603342640206806,0.8464234301413383
F4_C81_020315_IL6136_N706_N504_S40,-10.111157783254669,-14.267008236388632,6.415960942054318,3.22318149803009,-0.4175115153394664,2.1449020235739966,0.05072762198783781,-1.5983709785653883,0.2724862890098676,-0.34431463670064505,0.5833625713842137,-0.08300345473222043,0.48291989611713265,0.0005612486921426652,-0.6442057183720261,2.239003921210482,-0.9163626861778987,0.12213936052072097,0.7028946029971194,1.2428972377033993
F5_C80_020315_IL6136_N706_N505_S42,-2.389128144886035,-12.924988165072802,6.651604176104726,-1.06648272528388,1.3478279896067376,2.0516076465369784,0.6617102508747379,-0.30454304906997043,-0.3235157459045739,0.2348499779579776,0.02227526359579757,0.18726484001124952,0.009990483718746343,-0.14243797815906162,0.1419247785220143,-0.11784475622674612,-0.12125329058468307,-0.27540511294841863,-0.23113248608666812,-0.02097371285234712
F6_C79_020315_IL6136_N706_N506_S44,53.11393059734394,2.3221083192048724,-3.3309131785154387,-0.8102977880485294,1.6163133865032204,-0.2194733863994113,-1.0560699640791813,-0.32925870406012575,-0.008873475530922525,-0.041974124059868584,0.3501673612264972,0.21638033142065421,0.5621367136294536,-0.8833002883400108,-0.47394619601857896,0.2390765764559733,0.24236388648817905,0.034528188483905355,-0.05258065709750182,-0.3578422166860579
F7_C34_020315_IL6136_N706_N507_S46,-10.287602499857899,-19.46786548289317,11.222128821678623,12.705626032564927,0.7830484581645729,-4.160685429990306,-2.7150817050296383,-0.07546608536046424,-0.6046918886510714,-0.18203888469843282,-0.2300566215150519,0.019138713241618997,-0.11415015772087764,-0.29552147876664686,0.011820121528637166,0.11753678502232884,0.40866725705994034,0.33429595121417144,0.2761445961485975,-0.6392211443051534
F9_C36_020315_IL6136_N706_N508_S48,-10.413267843749496,-15.611334707133114,7.840579707050416,10.82503895799127,0.01793675239881117,-3.380666082877079,-2.5913245686643283,-0.14328265214154032,-1.4317406893718032,0.8382926104568997,0.9298124603551409,2.1953966340984334,-0.07076691331323628,0.9881582898243251,1.6280385044840036,-0.7850061439489914,0.7628554289120406,-0.5657556175485086,0.8835156141136591,-0.41879631871668815
G11_C89_020315_IL6137_N708_N501_S50,-13.832694349091266,-10.562533108683448,-9.689833305577856,0.8478929305514147,-5.255001431835926,2.0998216610276113,0.6907576981746684,-0.8895091946580228,-0.605791913848957,0.6659410121445499,0.931286122181014,0.26636906643730224,0.22201666034570447,-0.2035417238765023,-0.04022429940394871,0.8318464271262102,-0.1656142260518031,-0.41430283948214025,0.39303319477454024,0.2660588411714257
G12_C88_020315_IL6137_N708_N502_S52,-13.252131950888261,-18.693643451903405,2.3630654942101015,-0.6532604468478957,1.9227947497593745,0.37455613242082075,-0.6751334659370208,-0.0657567386293815,-0.6376993108243276,0.0520063038400435,0.6716033672035719,0.3017092891240108,-0.16008693338277102,0.42759837461181965,0.49523864690229685,0.06703032485397706,0.6039381785126948,-0.22522275566984754,0.4281495602736534,-0.3792205752353694
G1_C37_020315_IL6137_N707_N503_S53,-4.2301566606384435,-0.9055664344248735,-0.8166653143961933,8.262312767583962,-5.30050137400379,-0.5070054562102256,0.08899591883901718,-0.2533288536950711,-0.13973864421709653,0.170134823917414,0.1549732010877341,-0.13917392867084571,0.13573125796279872,-0.048019306747485425,0.24220031835145922,-0.20970198995188852,-0.11560209105818477,-0.07045873492915021,-0.141521408849856,-0.010358181469182754
G2_C38_020315_IL6137_N707_N504_S55,8.912735782930532,-0.292725137838601,-9.12766693075502,5.637517449236931,-1.0110651626473555,0.6753664327951944,-2.2756314572011105,2.4956339061808284,-0.4441631922944587,-1.1193323662023282,0.13300703416749035,-0.5598733298997445,0.4056981530310496,0.1079697470656507,0.03360419349296108,0.4511394502065443,-0.8553272363814667,0.0171258621296699,-0.7068061139140449,-0.015622121753302128
G3_C39_020315_IL6137_N707_N505_S57,1.1726145689430376,8.066450998976004,0.6812030945303073,2.047967801558882,-1.8935018643615389,-0.009005592402793972,0.047145355011294326,0.08378615419611525,-0.02263253042662782,0.09196536419318932,0.006291314975749523,-0.09327045042057604,0.1812734063083129,-0.1653437407180143,0.14062217240126149,-0.09271226092878941,0.08764359198023096,0.07149469853848937,-0.15467316663801436,0.02600296602585277
G4_C87_020315_IL6137_N707_N506_S59,-9.741003877341283,-11.46284528446445,3.9289234095354963,13.259854075452536,-2.79812089079988,-3.471907637784788,-1.6705518100946493,-0.4602088098063256,-0.5579452423578866,0.5962206131320883,0.4610346717228457,0.4934268223468432,-0.021065915175995913,0.18669656662504247,0.19784417337731813,0.1684572565116601,-0.10126110155761739,-0.09788499098998686,0.3955196659491576,-0.19764855521856126
G7_C40_020315_IL6137_N707_N507_S61,-2.532597151524497,-14.630059774396985,17.192694912897334,13.475741069671377,-2.407549928240275,-3.3078593768790556,-0.6383075131463235,-1.29592976569311,0.8447038847798478,0.03520631181338208,-0.5759260052575073,-0.6466620994477328,0.4034139233206524,-0.8685416409883895,-0.8251066860086091,-0.13047748097176154,-0.5346789517190783,0.5797865431080793,-0.9455654005262115,0.13250926144740557
G9_C42_020315_IL6137_N707_N508_S63,48.06820379073447,2.518853056016398,-2.829833026496006,0.2055629023136493,1.3432113105197276,0.26393278433619694,-0.39596538719404495,0.4836037074174405,-0.1714390295333852,0.013776788634838371,0.9987456387969537,0.7907358809677352,1.079756089181598,-1.6649229052560848,-0.9333888206106209,-0.5798986351304808,1.3003347284873006,0.07150482185880704,0.1997254823351442,0.7745575865933483
H11_C95_020315_IL6137_N708_N508_S64,-7.850586917271383,-10.981101000308389,7.175666428213,3.139912717885385,2.792230601092828,1.8838461811451952,-0.020176514012432225,-0.40457245396695324,-0.33522633758735454,0.3621931273681315,0.5345719598604138,0.29553976240676133,-0.1369611230169945,0.4338434969826921,-0.035380707349892855,-0.1151833134873061,-0.17004695575406317,-0.07655800969254913,0.021568143493236658,0.08916871936898595
H1_C43_020315_IL6137_N708_N503_S54,6.849117679175707,-7.363454005649953,6.2695274012596025,7.298921377701515,-2.4515623274927067,0.7092954430019055,0.19508094688264416,-0.5415901802899806,-0.40844670600025146,0.17750824375314528,0.5441621196288137,-0.06057554339862788,0.17677375829664024,0.7234667944609467,0.3736626820531126,1.3664560038478126,-0.7301176002590702,-0.5679867692148188,0.3857652860539831,-0.40845489905499377
H3_C45_020315_IL6137_N708_N504_S56,-9.945108152939449,-19.83303871028234,8.745752603700236,-0.517055742684622,3.5769978756103207,6.194811848212107,0.6158711027730109,-0.8009140897888436,-0.3043973153235633,0.07565921277951355,0.2722416943256422,0.010698091597432447,-0.4561037229892781,-0.3546882215791971,-0.2698470588133874,0.2253916615738972,-0.1636399024761047,-0.2157723810043949,0.1072629887794951,0.18941038744525995
H7_C46_020315_IL6137_N708_N505_S58,-15.236826950171453,-16.43373824235668,-1.2502983816193805,-1.5733828706698503,2.1136581922735065,2.336479490569738,0.7085920678851005,-0.46387445898320767,-0.9102596091617153,0.9509389881215503,0.41739811478970884,0.4650394541477219,-0.19580936692903045,0.33533917470825253,-0.8259746728182753,-0.5954779754372777,-0.21633201516227155,-0.4417792035301519,0.05770803046129437,-0.7729422279572075
H8_C47_020315_IL6137_N708_N506_S60,26.14610948475122,-5.127413503153829,12.530907525293387,8.025376304122041,-4.185501903906461,-2.141288782349744,5.306305458711057,2.8400919149399373,-0.2980828663896531,-0.10173289793599037,-0.8636425695669361,-0.5899496799491276,-0.539686317855412,0.574389500752489,-0.0666346072344907,-0.44730198576265506,0.25073962292967517,-0.4471408162530388,0.1516906830809353,0.19606569309102137
A10_C52_012015_IL6204_N704_N504_S31,3.5819362165275033,7.324841389468627,-0.3978158267892628,2.5631324235186117,-5.338204465032049,1.9279743294543201,-1.1169542512794777,0.14353074315691128,0.8729399304979754,0.32191228463662624,0.13570984040556044,-0.6621281655700302,0.10129305681744417,0.3813815459619042,0.022271006570481432,-0.4800144843578807,0.5410769695848896,0.384239200284407,-0.7202607308238284,-0.3754481923377883
A11_C53_012015_IL6204_N704_N505_S33,-9.721690431531128,5.365082383113157,-10.227817683621415,5.649320042934402,-6.026193187982784,1.873812023474227,0.1911092406144103,-0.37838262014994595,0.23252817655874788,0.1489388930109823,0.13182920892703626,-0.12958025993749916,0.053278980422904486,-0.04207457568412795,0.15616719230101048,-0.3505935557330541,0.2245637072501487,-0.09841199172191466,-0.24502502305855944,0.12936430939311402
A2_C02_012015_IL6204_N704_N502_S27,28.92198177807999,4.29080704972297,-0.7766539022750011,0.5137784892921178,-1.086332880064492,0.08825654222241693,-0.515618701377522,0.656894464932201,0.0845111355948447,-0.08528687084615064,0.1515353484531634,-0.22260193904328757,0.001654062747284473,0.2663744950265899,-0.01093806846837712,-0.04206027729329369,-0.08148144211187548,-0.11864406227366492,-0.2383265261297054,0.0035467102142342473
A6_C51_012015_IL6204_N704_N503_S29,45.558113551112335,3.9958279726468837,-4.372816107937166,0.5611903966772268,-0.1132137554215108,0.12579919485216667,0.280336200993605,0.3534783629383701,-0.5167757284190948,0.33880348516020636,0.9097626580392816,0.7079854375113019,0.9566651861175273,-0.38177373306355045,0.7773227747697062,0.9374456154170938,-1.25391093361232,1.416529594322271,-0.6457185352330451,-0.6377652101670974
B2_C08_012015_IL6204_N704_N506_S35,55.63369739134719,2.7086699849304807,-1.973785846895722,-1.3327791998288243,1.799755429695486,-0.14460495902425763,-0.48555316886264427,-1.321135277560066,0.23610098636984658,0.2025911210341975,-0.07332584599957348,0.4414409649709411,-0.40752853947224554,0.4463833199299165,0.22644249094698216,-0.512619295049151,-0.04330732649628229,0.628608193720095,0.01319811229379471,1.364502872172361
B5_C56_012015_IL6204_N704_N507_S37,-9.884777706179065,2.92721223562659,-6.355131570593804,3.9612549826426604,0.03448131068720273,-0.022994227560434143,-0.1909645577904082,0.33546057438285587,-0.08187048400637495,0.060759683884728626,-0.06304427009774835,0.16512417421782602,0.07064963272303668,-0.0366406505399562,-0.03296186895195497,0.08056094384257674,-0.020574059481276094,-0.0705645525028252,-0.10084245277455543,0.07887664964029742
B8_C11_012015_IL6204_N704_N508_S38,5.953326015244839,-7.069202148150616,-2.6314594270968508,3.411516941785144,3.849116609286496,1.019786439496949,-3.3905990690921164,3.285387691101767,-0.9767977751199318,-1.329057026260308,-0.4037022039345056,0.25920525620782253,-0.24433624399468856,1.051338543810946,0.9956629474174316,-0.2614575291982457,-1.4043142157271882,0.2959198944308669,-1.104612356662893,0.7398293772014826
C10_C64_012015_IL6204_N705_N503_S30,42.663640117323624,-1.4384212428000116,-1.8295947145648204,0.28246080616882535,3.21467295507027,0.7507673127514775,-1.9353672940440843,-0.15088281484020583,-0.3438804109592342,-0.9651093399044807,0.09847679715852557,0.2789391479618733,-0.5216980789887585,1.403089689988054,0.2589957638399753,0.5902396369747146,-1.028682305682288,0.5510610298530426,-0.20586752383182874,0.9771215585855103
C3_C13_012015_IL6204_N705_N501_S26,60.51168618967969,3.8851796767186095,-3.521885082243321,-2.0054426207795926,1.4477330766946892,-1.1418587246903715,-1.078604098355648,-2.780051853140243,0.18970650610460227,0.5765870239297329,-0.7478284944724285,0.02363905488546141,-1.1963601059260005,1.133422875201777,0.9117961965704898,0.19321586516717204,-0.9225834280107211,0.16181375269089612,-0.03789987504011376,0.0274151528961547
C9_C16_012015_IL6204_N705_N502_S28,-6.008051494541248,-20.941354013648215,11.140631799245659,-2.268266035929433,1.3375031869881762,2.957913959209063,0.7077061908335256,-0.626851803966479,1.1064836465597856,-0.9085510592625436,-0.5669685283223256,-0.33473831796245684,-0.05551430587100886,-0.45907521474106866,-0.1783227137391235,0.12052518484098049,-0.01690973866841243,-0.08090537642106926,-0.2961262681820465,0.5012052514620448
D3_C19_012015_IL6204_N705_N504_S32,-8.756193305538268,2.7482041892283475,-10.291923784289548,5.058630819092694,-4.235955454527477,1.0492130246418203,-0.29620281607273374,0.03480316832234797,0.1940794547276046,0.03701665075095369,0.023174573925672005,-0.06796738215573875,0.06635559580195896,-0.1476522552171813,-0.06953896379027007,-0.19839844220521882,0.12042477450519148,-0.13743042633476826,0.06488095398654752,0.1659745437920028
D6_C69_012015_IL6204_N705_N505_S34,38.27921879851113,2.25767209478167,-6.056546415580432,0.22643781326532914,-3.15839290591202,-0.24133850868268797,-0.4542233298456061,-1.5431651973411866,0.5052237412076123,0.18836286011987557,-0.7858315437704801,-1.0333574099207063,-0.7183654323243236,0.77097687648062,0.37191490231891805,-0.592114314706844,0.7955090051926355,-1.5022653285078,0.19965715709235862,-0.5365885623415414
D7_C24_012015_IL6204_N705_N506_S36,58.442589841684246,2.86007558302995,-3.262050008206505,-2.013534738132045,1.1091393661601245,-1.0159537477685912,-1.384192424100122,-2.8341456998015406,0.8389808131562557,0.5638053537652702,-1.5553726151307126,-1.5816401218741774,-1.7816317599324993,1.8280571725895514,0.3809646683374451,0.11624379355883822,-0.15719769949794946,-0.9542908141194366,0.1320224050465361,-0.3921308949884632
E2_C26_012015_IL6205_N705_N507_S47,-11.881578696483897,1.5725622919599425,-10.800886499648955,4.8815005113362995,-3.6346812647463387,0.7002594565910688,-0.06427887258811531,0.04001307552531804,0.4805784067608973,0.05261721326518267,0.20325653838607566,-0.03921530645157664,0.04070497502405642,0.1940240556523749,0.08162763367424183,-0.02807296887935314,0.1844035935594296,-0.14680493616491155,0.14733054681449861,0.021949362863650908
F11_C83_012015_IL6205_N706_N506_S46,-15.011879803421802,-3.5970036809123784,-11.730035231513314,4.466369046268833,0.19167345956630613,-0.1157061956975016,-0.882018200635381,1.4577527247315192,-0.12901630325390778,-0.3938045867614357,-0.16280624029954482,-0.1389803244343047,-0.4425065804663408,0.45063706899343575,-0.21378175884170972,0.20816529486746696,-0.30905888537684684,-0.015794476321959832,-0.019670826455758916,0.1711808783821964
F3_C33_012015_IL6205_N706_N501_S39,46.46779968926876,1.317687209918633,-5.097988200164785,0.6258582153339483,1.7107582491305182,-0.15309405378489516,-1.5388479339941126,0.20847256369402375,-0.29950878077362636,-0.5058976173657954,0.7103063638330274,0.018467501706519195,1.2004212003631465,-1.1592954063943313,-0.5528696915581609,1.6503956550469279,-0.3700945667912209,-0.8341678112978782,-0.040279331461528775,-2.0338124805898055
F4_C81_012015_IL6205_N706_N502_S41,30.39978955057573,-2.187409861288009,-3.528581362347146,1.9062273179936415,2.425822405088986,0.550091487767216,-2.531266127327042,2.2590094014134134,-0.8069854362101195,-1.3339318954753125,-0.4142798616239865,-0.8530162813931934,0.584797082898121,-0.9611184885724513,-0.9659163071299631,0.3042611054312009,-0.47728795897935244,-0.48053986674300214,-0.6967843072158713,-0.30532304614449746
F7_C34_012015_IL6205_N706_N503_S43,59.33990224389124,2.5684920775018854,-3.7364636211089026,-1.7541086724785704,1.9221371095078876,-1.009031379952833,-1.0674050038514213,-1.7080206119804888,0.2271771652851802,0.2485613796943044,-0.4477935656260334,-0.23925372690986746,-0.5336527915615714,0.23622550992993244,-0.02210397381425302,0.18445397437947458,-0.23965048852892562,-0.0782758249063694,0.021473459832282216,-0.20916655181883126
F8_C35_012015_IL6205_N706_N504_S44,20.63678376918421,5.053535184908117,-1.875286381750818,0.820048979783821,-1.3843705663745889,0.40559567287713805,-0.27752503888003444,0.41112695872244664,-0.11221810063250429,-0.13136157501883652,-0.33094142873765164,-0.15366118368905568,0.18674672976272977,0.11786959716362139,0.13764537995869558,-0.07207839115537938,-0.02255786699365138,-0.013061597579996654,-0.24279038976882403,-0.028937451095150023
F9_C36_012015_IL6205_N706_N505_S45,57.19635009560319,2.243193972377198,-2.05811695701958,-2.1049959371656084,1.5902799879777705,-0.482623405208493,0.07756282147267729,-1.2432569209183504,0.0005315532053770394,0.5424189699453076,0.10533367472935487,0.7931470889509519,-0.33990929740648584,0.49494927891327317,0.8857985681098756,-0.3492558086226947,-0.8334260620299452,1.0955311841025381,-0.26209228898703646,0.7761301710188837
G10_C90_012015_IL6205_N706_N508_S50,-2.000528924127514,5.341950013858942,-8.859908590572667,5.295362855266855,-6.5222071400121955,2.1307224886971605,-0.2508571296714942,-0.4048382331750311,0.1768959180578309,0.2347967330547012,-0.10478405659131863,-0.421749404356774,0.3368188105042798,0.27825134492768716,0.21052689407497002,-0.42462871464589586,0.32316106767557845,-0.3055507595723842,-0.3929347849810565,0.19388367219663596
G9_C42_012015_IL6205_N706_N507_S48,59.118940420028316,2.618994600290403,-2.4034619991248265,-1.9515139593327158,1.9104783128398553,-0.3512209906924815,-0.14802398171021516,-1.3433967321312164,-0.1344608879833609,0.5492529969730813,0.19978505104634006,0.8271767382452915,0.17496625907881605,-0.20590048652341536,0.31507951681161095,0.15915965519159492,-0.6150558266520589,0.7694103915015545,-0.04435326272828405,0.4223444816734185
H1_C43_012015_IL6205_N707_N501_S40,-6.153890371390555,7.311856689542941,-6.3213922904299436,3.302459318118847,-4.651824348703351,1.3046512771927108,-0.29175521174658114,-0.28616023389658013,0.09455910225751873,0.19077829593949724,-0.11284115162634825,-0.3957229875805136,-0.016876294738132736,0.03438127423920094,0.5292242103807525,-0.08830297312381262,0.5206407526846495,-0.035501501837146274,-0.3574160121098989,0.0726305052254238
H9_C48_012015_IL6205_N707_N502_S42,57.85618048124535,2.507790349881522,-3.5410950610904774,-2.295801062483368,0.5789361335323648,-1.0878501785608623,-0.7350313876001803,-2.6357518750713855,0.42014864860673395,0.6819230993837025,-1.2916019487810537,-0.7867783649208084,-1.5223358419727324,1.5921767147630976,0.6908690467550624,-0.4893444672792884,-0.33516969516321904,-0.37388299359165217,0.2563748773020864,0.32213442809629683
