"","archetype #","Feature Name","P value (Mann-Whitney)","median_diff","Mean Difference","top_bin_mean","sample_count","metric"
"1","archetype_1","CELL SURFACE RECEPTOR SIGNALING PATHWAY",3.77921614324609e-07,1.33609411438375,1.30707202907224,0.816855465168563,11,"wilcoxon_p_val"
"2","archetype_1","EMBRYO DEVELOPMENT ENDING IN BIRTH OR EGG HATCHING",9.62166958786372e-07,0.618032064665333,0.628972993769556,0.221469187305076,11,"wilcoxon_p_val"
"3","archetype_1","CHORDATE EMBRYONIC DEVELOPMENT",9.62166958786372e-07,0.618032064665397,0.628972993769573,0.221469187305061,11,"wilcoxon_p_val"
"4","archetype_1","ORGANELLE LOCALIZATION",1.21618016724057e-06,0.547933150164197,0.581626239996918,0.345428658448649,11,"wilcoxon_p_val"
"5","archetype_1","STRIATED MUSCLE CELL DIFFERENTIATION",1.46458964812173e-06,1.29161494220953,1.15259263371447,1.1486435183121,11,"wilcoxon_p_val"
"6","archetype_1","INTRACELLULAR SIGNAL TRANSDUCTION",1.7212688673205e-06,0.949493170035347,0.858034413047926,0.539312506485121,11,"wilcoxon_p_val"
"7","archetype_1","MYELOID CELL DIFFERENTIATION",2.4797994188809e-06,0.764448244159809,0.70269010231128,0.466323653050581,11,"wilcoxon_p_val"
"8","archetype_1","CELLULAR RESPONSE TO DECREASED OXYGEN LEVELS",2.83960107307781e-06,0.428727270209284,0.443090920079916,0.510121821218488,11,"wilcoxon_p_val"
"9","archetype_1","CELLULAR RESPONSE TO HYPOXIA",2.83960107307781e-06,0.428727270209284,0.443090920079916,0.510121821218488,11,"wilcoxon_p_val"
"10","archetype_1","POSITIVE REGULATION OF PROTEIN CONTAINING COMPLEX ASSEMBLY",3.79823984311458e-06,0.763356389002153,0.674712370976426,0.501526275698899,11,"wilcoxon_p_val"
"11","archetype_1","BLOOD COAGULATION",3.97077962278456e-06,0.68574582591532,0.615438810171158,0.69921501799647,11,"wilcoxon_p_val"
"12","archetype_1","HEMOSTASIS",3.97077962278456e-06,0.685745825915658,0.615438810171457,0.699215017996645,11,"wilcoxon_p_val"
"13","archetype_1","COAGULATION",3.97077962278456e-06,0.685745825915586,0.615438810171354,0.6992150179966,11,"wilcoxon_p_val"
"14","archetype_1","SKELETAL MUSCLE TISSUE DEVELOPMENT",4.15079742552102e-06,0.502398799210999,0.490145792887554,0.33177630054247,11,"wilcoxon_p_val"
"15","archetype_1","SKELETAL MUSCLE ORGAN DEVELOPMENT",4.15079742552102e-06,0.502398799210932,0.490145792887511,0.331776300542504,11,"wilcoxon_p_val"
"16","archetype_1","NEGATIVE REGULATION OF IMMUNE SYSTEM PROCESS",4.24370611474324e-06,0.51706804369386,0.555468552330989,0.432707963542747,11,"wilcoxon_p_val"
"17","archetype_1","POSITIVE REGULATION OF TRANSFERASE ACTIVITY",4.95197232673032e-06,0.457261494671975,0.476985064060069,0.655596958812041,11,"wilcoxon_p_val"
"18","archetype_1","POSITIVE REGULATION OF RESPONSE TO BIOTIC STIMULUS",5.17423103458967e-06,0.482723394406398,0.497903771756838,0.491207149045222,11,"wilcoxon_p_val"
"19","archetype_1","MORPHOGENESIS OF AN EPITHELIUM",7.01885382456025e-06,0.413474565381471,0.454184581458175,0.472269547417776,11,"wilcoxon_p_val"
"20","archetype_1","MUSCLE ORGAN DEVELOPMENT",7.01885382456025e-06,0.541760497884705,0.519988191608532,0.267466312228584,11,"wilcoxon_p_val"
"21","archetype_1","REGULATION OF SIGNAL TRANSDUCTION",7.17223186037469e-06,0.579501085837122,0.705865231661445,0.474286349567859,11,"wilcoxon_p_val"
"22","archetype_1","REGULATION OF CELL CELL ADHESION",7.17223186037469e-06,0.883839802918108,1.05020717772347,0.922415000464768,11,"wilcoxon_p_val"
"23","archetype_1","MUSCLE CONTRACTION",8.51963937426361e-06,1.01433034496605,1.02069595789476,0.672658467677355,11,"wilcoxon_p_val"
"24","archetype_1","POSITIVE REGULATION OF CELLULAR COMPONENT ORGANIZATION",9.08455971002622e-06,0.722328057160137,0.622651969304695,0.559579598371803,11,"wilcoxon_p_val"
"25","archetype_1","ORGANOPHOSPHATE METABOLIC PROCESS",9.28067012110422e-06,0.599437697775837,0.665449274280301,0.917866691494923,11,"wilcoxon_p_val"
"26","archetype_1","TISSUE MORPHOGENESIS",9.68505491646375e-06,0.410282150775701,0.425149899311917,0.63916817608515,11,"wilcoxon_p_val"
"27","archetype_1","PHAGOCYTOSIS",1.12366327327173e-05,0.998852809716889,0.83925347574897,0.601086986090847,11,"wilcoxon_p_val"
"28","archetype_1","REGULATION OF MACROMOLECULE BIOSYNTHETIC PROCESS",1.2752207580658e-05,0.643464975456238,0.546468414858268,0.20212872188571,11,"wilcoxon_p_val"
"29","archetype_1","CELLULAR RESPONSE TO OXYGEN LEVELS",1.3022991567534e-05,0.432945592566209,0.386544010636191,0.625706476586426,11,"wilcoxon_p_val"
"30","archetype_1","REGULATION OF BODY FLUID LEVELS",1.44609594954259e-05,0.758719303483466,0.864785410864527,0.390440535923329,11,"wilcoxon_p_val"
"31","archetype_1","MUSCLE CELL DIFFERENTIATION",1.50773862434342e-05,0.965482159565252,0.848613643571666,1.01977101171626,11,"wilcoxon_p_val"
"32","archetype_1","NEGATIVE REGULATION OF CELL MIGRATION",1.53948862393722e-05,0.291656620102672,0.271378872875133,0.177510804638858,11,"wilcoxon_p_val"
"33","archetype_1","NEGATIVE REGULATION OF LOCOMOTION",1.53948862393722e-05,0.291656620102672,0.271378872875133,0.177510804638858,11,"wilcoxon_p_val"
"34","archetype_1","NEGATIVE REGULATION OF CELLULAR COMPONENT MOVEMENT",1.53948862393722e-05,0.291656620102672,0.271378872875133,0.177510804638858,11,"wilcoxon_p_val"
"35","archetype_1","NEGATIVE REGULATION OF CELL MOTILITY",1.53948862393722e-05,0.291656620102672,0.271378872875133,0.177510804638858,11,"wilcoxon_p_val"
"36","archetype_1","CYTOSOLIC CALCIUM ION TRANSPORT",1.78019353324823e-05,0.448333964683662,0.383248117319424,0.630604404042501,11,"wilcoxon_p_val"
"37","archetype_1","CALCIUM ION TRANSPORT INTO CYTOSOL",1.78019353324823e-05,0.448333964683662,0.383248117319424,0.630604404042501,11,"wilcoxon_p_val"
"38","archetype_1","CALCIUM ION TRANSMEMBRANE IMPORT INTO CYTOSOL",1.78019353324823e-05,0.448333964683662,0.383248117319424,0.630604404042501,11,"wilcoxon_p_val"
"39","archetype_1","POSITIVE REGULATION OF CELL ADHESION",2.05636044083211e-05,0.57921605747461,0.833594652299213,0.835332185322445,11,"wilcoxon_p_val"
"40","archetype_1","INTERLEUKIN 6 PRODUCTION",2.14244601606126e-05,0.327606508380788,0.411486247005064,0.481932881667129,11,"wilcoxon_p_val"
"41","archetype_1","REGULATION OF INTERLEUKIN 6 PRODUCTION",2.14244601606126e-05,0.327606508380788,0.411486247005064,0.481932881667129,11,"wilcoxon_p_val"
"42","archetype_1","CELL FATE COMMITMENT",2.18676029160552e-05,0.806207244787574,0.746845121608148,0.40679648635107,11,"wilcoxon_p_val"
"43","archetype_1","REGULATION OF HORMONE LEVELS",2.32497846530907e-05,0.703756895314668,0.711331525299117,0.5020249969535,11,"wilcoxon_p_val"
"44","archetype_1","REGULATION OF PROTEIN DEPHOSPHORYLATION",2.32497846530907e-05,0.407657647024284,0.439236899330868,0.363376665104953,11,"wilcoxon_p_val"
"45","archetype_1","MULTICELLULAR ORGANISMAL PROCESS",4.16282528664626e-05,0.883417426587984,0.745415502257342,1.17183682835858,11,"wilcoxon_p_val"
"46","archetype_1","HORMONE TRANSPORT",4.50468505338509e-05,0.551568226643672,0.611832293177343,0.355281124829609,11,"wilcoxon_p_val"
"47","archetype_1","CELL PROJECTION ASSEMBLY",4.68539932554085e-05,0.324310500451487,0.336160369349539,0.387330656474745,11,"wilcoxon_p_val"
"48","archetype_1","PLASMA MEMBRANE BOUNDED CELL PROJECTION ASSEMBLY",4.68539932554085e-05,0.324310500451487,0.336160369349539,0.387330656474745,11,"wilcoxon_p_val"
"49","archetype_1","POSITIVE REGULATION OF CATALYTIC ACTIVITY",5.16760055152006e-05,0.592284524286613,0.538777055698696,0.240484370708097,11,"wilcoxon_p_val"
"50","archetype_1","CALCIUM ION TRANSMEMBRANE TRANSPORT",5.26950043283874e-05,0.401259396879154,0.449072055537917,0.406242996322757,11,"wilcoxon_p_val"
"51","archetype_1","MUSCLE SYSTEM PROCESS",5.3732944048238e-05,0.889109693833569,0.738447171445336,0.439217297220224,11,"wilcoxon_p_val"
"52","archetype_1","REGULATION OF BIOLOGICAL PROCESS",6.77904563938398e-05,1.06604756500342,0.892497358276583,0.975387909643065,11,"wilcoxon_p_val"
"53","archetype_1","POSITIVE REGULATION OF LOCOMOTION",7.18110230132625e-05,0.360766655460105,0.359498843245568,0.485498564689305,11,"wilcoxon_p_val"
"54","archetype_1","POSITIVE REGULATION OF CELL MOTILITY",7.18110230132625e-05,0.360766655460105,0.359498843245568,0.485498564689305,11,"wilcoxon_p_val"
"55","archetype_1","MYELOID LEUKOCYTE ACTIVATION",7.6055381524895e-05,0.489331859794717,0.533240944508282,0.358340518512817,11,"wilcoxon_p_val"
"56","archetype_1","REGULATION OF ANION TRANSPORT",8.20826826540413e-05,0.500610601231252,0.535843838978639,0.482901103056267,11,"wilcoxon_p_val"
"57","archetype_1","WOUND HEALING",9.5509944423773e-05,1.05165886479015,0.786285929329074,0.324350710460123,11,"wilcoxon_p_val"
"58","archetype_1","REGULATION OF ANGIOGENESIS",9.91756269679759e-05,0.511562535243422,0.4054775269319,0.662888239467515,11,"wilcoxon_p_val"
"59","archetype_1","REGULATION OF VASCULATURE DEVELOPMENT",9.91756269679759e-05,0.511562535243422,0.4054775269319,0.662888239467515,11,"wilcoxon_p_val"
"60","archetype_1","REGULATION OF IMMUNE EFFECTOR PROCESS",0.000124097593891919,0.653314224647813,0.467836369724667,0.455702231570451,11,"wilcoxon_p_val"
"61","archetype_1","NUCLEOBASE CONTAINING COMPOUND METABOLIC PROCESS",0.000124097593891919,0.266459260984182,0.320750834025059,0.379390719664874,11,"wilcoxon_p_val"
"62","archetype_1","REGULATION OF PROTEIN CONTAINING COMPLEX ASSEMBLY",0.000126420136345382,0.501937128984809,0.440256692772225,0.0591695449289463,11,"wilcoxon_p_val"
"63","archetype_1","POSITIVE REGULATION OF IMMUNE EFFECTOR PROCESS",0.000138656948930826,0.47626642116693,0.410050037460694,0.536810136824484,11,"wilcoxon_p_val"
"64","archetype_1","DEFENSE RESPONSE TO OTHER ORGANISM",0.000143855644766596,0.433505810893711,0.454776393029407,0.687795135073467,11,"wilcoxon_p_val"
"65","archetype_1","NEGATIVE REGULATION OF DEFENSE RESPONSE",0.000151997104661585,0.346997431966759,0.343899058585248,0.693962737360804,11,"wilcoxon_p_val"
"66","archetype_1","REGULATION OF TRANSPORT",0.000160568501069479,0.401387505674398,0.383379492234148,-0.0340485227555188,11,"wilcoxon_p_val"
"67","archetype_1","CELL ACTIVATION INVOLVED IN IMMUNE RESPONSE",0.000189075618216426,0.275607258254511,0.309414605874336,0.569064892833603,11,"wilcoxon_p_val"
"68","archetype_1","LEUKOCYTE ACTIVATION INVOLVED IN IMMUNE RESPONSE",0.000189075618216426,0.27560725825492,0.309414605875225,0.569064892834097,11,"wilcoxon_p_val"
"69","archetype_1","POSITIVE REGULATION OF CELLULAR COMPONENT MOVEMENT",0.000189075618216426,0.299259584411134,0.315916349417982,0.555865929211289,11,"wilcoxon_p_val"
"70","archetype_1","REGULATION OF BIOLOGICAL QUALITY",0.000214447191130238,0.569795463219224,0.534649752236027,0.458020008736172,11,"wilcoxon_p_val"
"71","archetype_1","REGULATION OF INFLAMMATORY RESPONSE",0.000234478829585833,0.335058531692111,0.312993575615692,0.381919456842421,11,"wilcoxon_p_val"
"72","archetype_1","REGULATION OF CATABOLIC PROCESS",0.000238689093364464,0.465063491524024,0.391225373598692,-0.157959596742004,11,"wilcoxon_p_val"
"73","archetype_1","REGULATION OF CELL COMMUNICATION",0.000242969788326117,0.363976286845303,0.333609340692894,0.550357923033747,11,"wilcoxon_p_val"
"74","archetype_1","REGULATION OF SIGNALING",0.000242969788326117,0.363976286845294,0.333609340692861,0.550357923033738,11,"wilcoxon_p_val"
"75","archetype_1","MRNA PROCESSING",0.000260818703565465,0.316290055114981,0.311554437004917,0.525426889062542,11,"wilcoxon_p_val"
"76","archetype_1","POSITIVE REGULATION OF CELLULAR PROTEIN LOCALIZATION",0.000260818703565465,0.354328844325265,0.383512501226836,0.106048014557368,11,"wilcoxon_p_val"
"77","archetype_1","REGULATION OF GROWTH",0.000265468053338925,0.698768029080775,0.651424537546455,0.160866942872967,11,"wilcoxon_p_val"
"78","archetype_1","INTRINSIC APOPTOTIC SIGNALING PATHWAY",0.000270194539810957,0.477495874380594,0.56095242484384,0.192168110931606,11,"wilcoxon_p_val"
"79","archetype_1","REGULATION OF VESICLE MEDIATED TRANSPORT",0.000274999334366489,0.51250717003753,0.503920058804469,0.278992565878586,11,"wilcoxon_p_val"
"80","archetype_1","PROTEIN LOCALIZATION TO ORGANELLE",0.000300240046255022,0.60927632054081,0.693306587280155,0.774297704816763,11,"wilcoxon_p_val"
"81","archetype_1","POSITIVE REGULATION OF KINASE ACTIVITY",0.000305540188525547,0.332557484139844,0.267934642409475,0.369018345766192,11,"wilcoxon_p_val"
"82","archetype_1","RESPONSE TO STIMULUS",0.000310927292512518,0.325086650402758,0.401051135936759,0.691020829643954,11,"wilcoxon_p_val"
"83","archetype_1","PROTEIN TRANSPORT",0.000333371653155819,0.322540742276135,0.308072657415489,0.10440736758427,11,"wilcoxon_p_val"
"84","archetype_1","POSITIVE REGULATION OF PHOSPHORYLATION",0.000333371653155819,0.330208189356138,0.366903764920017,0.618049796951502,11,"wilcoxon_p_val"
"85","archetype_1","PROTEIN PHOSPHORYLATION",0.000339213465139111,0.610116328674178,0.524626937016156,0.638377249360741,11,"wilcoxon_p_val"
"86","archetype_1","ORGANONITROGEN COMPOUND BIOSYNTHETIC PROCESS",0.000363545364746428,0.487452643840409,0.508925229678081,0.294631109327339,11,"wilcoxon_p_val"
"87","archetype_1","CELLULAR HOMEOSTASIS",0.000494448541625391,0.426341791194193,0.447747915980784,0.552185770481445,11,"wilcoxon_p_val"
"88","archetype_1","POSITIVE REGULATION OF PROTEIN PHOSPHORYLATION",0.000604656192838145,0.279021323337158,0.31279293939623,0.246415792094541,11,"wilcoxon_p_val"
"89","archetype_1","CALCIUM ION TRANSPORT",0.000614796144240906,0.381406233656095,0.31981663572188,0.442684976056285,11,"wilcoxon_p_val"
"90","archetype_1","TRANSCRIPTION  DNA TEMPLATED",0.000635548768141609,0.326387870714002,0.294477280607112,0.234750740287269,11,"wilcoxon_p_val"
"91","archetype_1","RNA BIOSYNTHETIC PROCESS",0.000635548768141609,0.326387870714462,0.294477280607201,0.234750740287154,11,"wilcoxon_p_val"
"92","archetype_1","POSITIVE REGULATION OF MOLECULAR FUNCTION",0.000635548768141609,0.346513279727753,0.4481173946142,0.375098236274852,11,"wilcoxon_p_val"
"93","archetype_1","NUCLEIC ACID TEMPLATED TRANSCRIPTION",0.000635548768141609,0.326387870714462,0.294477280607201,0.234750740287154,11,"wilcoxon_p_val"
"94","archetype_1","CELLULAR PROCESS",0.000646165847624492,0.206779880217567,0.165930969367908,-0.22864516866612,11,"wilcoxon_p_val"
"95","archetype_1","FAT CELL DIFFERENTIATION",0.000656946421374671,0.448379505342478,0.39153508807372,0.378861631305866,11,"wilcoxon_p_val"
"96","archetype_1","REGULATION OF CELLULAR CATABOLIC PROCESS",0.000667892760158656,0.509490490256584,0.512027587025307,0.0695087075488242,11,"wilcoxon_p_val"
"97","archetype_1","SYSTEM DEVELOPMENT",0.000667892760158656,0.370409963126572,0.457294401816129,0.271944011224242,11,"wilcoxon_p_val"
"98","archetype_1","CELLULAR COMPONENT ASSEMBLY",0.000749355113725832,0.442391536649343,0.384729471143354,0.194017844007469,11,"wilcoxon_p_val"
"99","archetype_1","CELL DIFFERENTIATION",0.000749355113725832,0.180389794814288,0.187216910905405,0.165637533222489,11,"wilcoxon_p_val"
"100","archetype_1","CELLULAR DEVELOPMENTAL PROCESS",0.000749355113725832,0.180389794814288,0.187216910905405,0.165637533222489,11,"wilcoxon_p_val"
"101","archetype_1","REGULATION OF NEUROTRANSMITTER LEVELS",0.000761712661855192,0.492760438927634,0.516308762774443,0.955581251703157,11,"wilcoxon_p_val"
"102","archetype_1","RESPONSE TO EXTERNAL STIMULUS",0.000774257676038492,0.430743008633565,0.497136569092957,0.0161525163510603,11,"wilcoxon_p_val"
"103","archetype_1","REGULATION OF CELL CYCLE PHASE TRANSITION",0.000881679752820595,0.274035426214045,0.320381851631025,0.295721614209248,11,"wilcoxon_p_val"
"104","archetype_1","REGULATION OF MITOTIC CELL CYCLE PHASE TRANSITION",0.000881679752820595,0.274035426214045,0.320381851631025,0.295721614209248,11,"wilcoxon_p_val"
"105","archetype_1","POSITIVE REGULATION OF CELL DEATH",0.000971059517525806,0.329273226708883,0.320306044045704,-0.102578643496066,11,"wilcoxon_p_val"
"106","archetype_1","REGULATION OF PROTEIN PHOSPHORYLATION",0.00105181765729609,0.319777607996707,0.302998034839288,0.170768691812521,11,"wilcoxon_p_val"
"107","archetype_1","CHEMICAL SYNAPTIC TRANSMISSION",0.00108581140269546,0.251908953508033,0.232964326416317,0.00709957300427827,11,"wilcoxon_p_val"
"108","archetype_1","DETECTION OF STIMULUS",0.00108581140269546,0.516060446651451,0.749979378077706,0.594599409534424,11,"wilcoxon_p_val"
"109","archetype_1","ANTEROGRADE TRANS SYNAPTIC SIGNALING",0.00108581140269546,0.251908953508019,0.23296432641616,0.00709957300426154,11,"wilcoxon_p_val"
"110","archetype_1","TRANS SYNAPTIC SIGNALING",0.00108581140269546,0.251908953508019,0.23296432641616,0.00709957300426154,11,"wilcoxon_p_val"
"111","archetype_1","TRANSMEMBRANE RECEPTOR PROTEIN TYROSINE KINASE SIGNALING PATHWAY",0.00119392562422129,0.3930597394684,0.361564915310485,0.701800204819932,11,"wilcoxon_p_val"
"112","archetype_1","POSITIVE REGULATION OF GENE EXPRESSION",0.00119392562422129,0.505392989264819,0.457011139227878,0.704027991334493,11,"wilcoxon_p_val"
"113","archetype_1","RESPONSE TO REACTIVE OXYGEN SPECIES",0.00121287442198455,0.360781648497515,0.315758590621435,0.047507220066407,11,"wilcoxon_p_val"
"114","archetype_1","PLASMA MEMBRANE BOUNDED CELL PROJECTION ORGANIZATION",0.00131181310781509,0.23837786284294,0.227650990300151,0.143913416481228,11,"wilcoxon_p_val"
"115","archetype_1","AXON DEVELOPMENT",0.00146274314618226,0.352554325198599,0.30669047529821,0.239352156141182,11,"wilcoxon_p_val"
"116","archetype_1","REGULATION OF CELLULAR MACROMOLECULE BIOSYNTHETIC PROCESS",0.00158007629852079,0.374889264384988,0.368745100431934,0.289178139570736,11,"wilcoxon_p_val"
"117","archetype_1","CELL POPULATION PROLIFERATION",0.00160454824834753,0.457189457286748,0.49270363000491,0.543049621521571,11,"wilcoxon_p_val"
"118","archetype_1","LEUKOCYTE ACTIVATION",0.00175877512222377,0.433358891833455,0.42619241620483,0.765107541590269,11,"wilcoxon_p_val"
"119","archetype_1","POSITIVE REGULATION OF APOPTOTIC PROCESS",0.00186896169663137,0.276260789282709,0.298064426740384,0.0512871961804766,11,"wilcoxon_p_val"
"120","archetype_1","POSITIVE REGULATION OF PROGRAMMED CELL DEATH",0.00186896169663137,0.276260789282709,0.298064426740384,0.0512871961804766,11,"wilcoxon_p_val"
"121","archetype_1","NEGATIVE REGULATION OF CELLULAR COMPONENT ORGANIZATION",0.00198538767544569,0.366844463970223,0.417049561979916,0.806367798343505,11,"wilcoxon_p_val"
"122","archetype_1","MACROMOLECULE LOCALIZATION",0.00207698713800359,0.554615824497188,0.482119196801265,-0.0261734205847979,11,"wilcoxon_p_val"
"123","archetype_1","NUCLEOBASE CONTAINING SMALL MOLECULE METABOLIC PROCESS",0.00207698713800359,0.494038200976889,0.593152565860911,0.697208260047894,11,"wilcoxon_p_val"
"124","archetype_1","REPRODUCTION",0.00217240470981254,0.647669908924152,0.755114272142696,0.387189061695796,11,"wilcoxon_p_val"
"125","archetype_1","G PROTEIN COUPLED RECEPTOR SIGNALING PATHWAY",0.00220508293792745,0.897646945545866,0.759145426250472,1.07699644033122,11,"wilcoxon_p_val"
"126","archetype_1","INTRACELLULAR RECEPTOR SIGNALING PATHWAY",0.0022717793644653,0.420452481097703,0.350750013917551,0.438019626710915,11,"wilcoxon_p_val"
"127","archetype_1","REGENERATION",0.0022717793644653,0.52284857527303,0.382533176736708,0.291474942381258,11,"wilcoxon_p_val"
"128","archetype_1","NEGATIVE REGULATION OF APOPTOTIC PROCESS",0.00241068229892566,0.411432022873149,0.399144723859753,-0.0841673085313908,11,"wilcoxon_p_val"
"129","archetype_1","RESPONSE TO CYTOKINE",0.00248297651661899,0.344835848529759,0.405015430288994,0.0458551076309775,11,"wilcoxon_p_val"
"130","archetype_1","REGULATION OF PROTEIN MODIFICATION PROCESS",0.00263347610233774,0.316100034206475,0.328889803787478,0.335873534615279,11,"wilcoxon_p_val"
"131","archetype_1","EXOCYTOSIS",0.00283316618035599,0.429741525113,0.383159847560189,0.329176350030133,11,"wilcoxon_p_val"
"132","archetype_1","NEGATIVE REGULATION OF CYTOKINE PRODUCTION",0.00287470638235921,0.44798764367618,0.459638750217135,0.57715930930979,11,"wilcoxon_p_val"
"133","archetype_1","EPITHELIAL CELL DEVELOPMENT",0.00300264284838717,0.454583617697339,0.421036428956672,1.02182158590054,11,"wilcoxon_p_val"
"134","archetype_1","MITOTIC CELL CYCLE PROCESS",0.0031812000116308,0.575421430421199,0.483019647189427,-0.00982332526849623,11,"wilcoxon_p_val"
"135","archetype_1","POSITIVE REGULATION OF MULTICELLULAR ORGANISMAL PROCESS",0.00332132823337752,0.363240929527162,0.400794899164564,0.713478148740483,11,"wilcoxon_p_val"
"136","archetype_1","REGULATION OF CELLULAR COMPONENT SIZE",0.00367010504733383,0.329827503544916,0.318726740817021,0.366342182513869,11,"wilcoxon_p_val"
"137","archetype_1","ANATOMICAL STRUCTURE MORPHOGENESIS",0.0041086646413281,0.330094067814899,0.361988855271993,-0.281133117568225,11,"wilcoxon_p_val"
"138","archetype_1","POSITIVE REGULATION OF NITROGEN COMPOUND METABOLIC PROCESS",0.0041086646413281,0.374829096071115,0.272133256587295,0.264343290461765,11,"wilcoxon_p_val"
"139","archetype_1","CARBOHYDRATE METABOLIC PROCESS",0.0044677622583019,0.51647859948136,0.411416382829504,0.09088826705629,11,"wilcoxon_p_val"
"140","archetype_1","CHROMOSOME ORGANIZATION",0.00453026429822897,0.347175485306007,0.320489408908651,-0.167987792636777,11,"wilcoxon_p_val"
"141","archetype_1","REGULATION OF ANION TRANSMEMBRANE TRANSPORT",0.00465761518458672,0.214847009404582,0.233981444054827,0.400013902303544,11,"wilcoxon_p_val"
"142","archetype_1","ENDOTHELIAL CELL MIGRATION",0.00512886800146409,0.171411457795101,0.194479362111533,0.211296348219397,11,"wilcoxon_p_val"
"143","archetype_1","IMMUNE EFFECTOR PROCESS",0.00527108877464829,0.302561628044697,0.297674858832328,0.163252171816824,11,"wilcoxon_p_val"
"144","archetype_1","PHOSPHORYLATION",0.00527108877464829,0.288222205836953,0.477042398223365,0.188159975404341,11,"wilcoxon_p_val"
"145","archetype_1","NEGATIVE REGULATION OF PHOSPHORUS METABOLIC PROCESS",0.00549099991392963,0.276909937353308,0.263232372434858,0.562813597909552,11,"wilcoxon_p_val"
"146","archetype_1","NEGATIVE REGULATION OF PHOSPHATE METABOLIC PROCESS",0.00549099991392963,0.276909937353321,0.263232372434868,0.562813597909564,11,"wilcoxon_p_val"
"147","archetype_1","CELLULAR MACROMOLECULE METABOLIC PROCESS",0.00556609462277654,0.435444056538532,0.577253494238783,-0.146130906872282,11,"wilcoxon_p_val"
"148","archetype_1","RNA SPLICING  VIA TRANSESTERIFICATION REACTIONS WITH BULGED ADENOSINE AS NUCLEOPHILE",0.00571902588006934,1.86578645864915e-11,-0.0551460291850919,0.0982956095238374,11,"wilcoxon_p_val"
"149","archetype_1","RESPONSE TO TUMOR NECROSIS FACTOR",0.00587567536303831,0.296757365128975,0.240994380579218,-0.279227274921778,11,"wilcoxon_p_val"
"150","archetype_1","REGULATION OF CELL POPULATION PROLIFERATION",0.0059554181209824,0.853577651538998,0.593013520710201,0.34187769477248,11,"wilcoxon_p_val"
"151","archetype_1","POSITIVE REGULATION OF CELLULAR CATABOLIC PROCESS",0.00611778765946093,0.202732180902046,0.245622460805611,0.0217525184562287,11,"wilcoxon_p_val"
"152","archetype_1","REGULATION OF DEVELOPMENTAL PROCESS",0.00611778765946093,0.311108639135137,0.285113497957322,-0.258519747752034,11,"wilcoxon_p_val"
"153","archetype_1","NEGATIVE REGULATION OF PROGRAMMED CELL DEATH",0.00628406738666924,0.223661140539899,0.336624975123241,-0.137698077034607,11,"wilcoxon_p_val"
"154","archetype_1","MICROTUBULE BASED PROCESS",0.00689798737701305,0.277157046643205,0.283429078248012,0.120436874034682,11,"wilcoxon_p_val"
"155","archetype_1","REGULATION OF MACROMOLECULE METABOLIC PROCESS",0.00689798737701305,0.340162115248381,0.326119677153063,0.0233876078507254,11,"wilcoxon_p_val"
"156","archetype_1","INORGANIC ION TRANSMEMBRANE TRANSPORT",0.00698988169337127,0.348596326784832,0.466232829452292,1.28605279098071,11,"wilcoxon_p_val"
"157","archetype_1","INORGANIC CATION TRANSMEMBRANE TRANSPORT",0.00698988169337127,0.348596326784832,0.466232829452292,1.28605279098071,11,"wilcoxon_p_val"
"158","archetype_1","PROTEIN UBIQUITINATION",0.00717691772558146,0.772622980905399,0.503479130681387,0.331146462415426,11,"wilcoxon_p_val"
"159","archetype_1","POSITIVE REGULATION OF NUCLEOBASE CONTAINING COMPOUND METABOLIC PROCESS",0.00736835430452255,0.389137208029469,0.362765117305771,-0.231829077746941,11,"wilcoxon_p_val"
"160","archetype_1","RAS PROTEIN SIGNAL TRANSDUCTION",0.00756427728759337,0.300223670309827,0.280968530965642,0.378683715132065,11,"wilcoxon_p_val"
"161","archetype_1","PROTEIN MODIFICATION BY SMALL PROTEIN CONJUGATION OR REMOVAL",0.00776477372528653,0.344757622105687,0.33118955983788,0.485825163681343,11,"wilcoxon_p_val"
"162","archetype_1","SUPRAMOLECULAR FIBER ORGANIZATION",0.00930387002854336,0.225103420848055,0.319429762327616,0.440709319743911,11,"wilcoxon_p_val"
"163","archetype_1","NEGATIVE REGULATION OF CATABOLIC PROCESS",0.00954423227264931,0.484266341677944,0.550789890078593,0.611841881872873,11,"wilcoxon_p_val"
"164","archetype_1","POSITIVE REGULATION OF PROTEIN POLYMERIZATION",0.00979000566915015,0.137013369032398,0.22655777482856,0.278210469281455,11,"wilcoxon_p_val"
"165","archetype_1","POSITIVE REGULATION OF CYTOSKELETON ORGANIZATION",0.00979000566915015,0.137013369032398,0.22655777482856,0.278210469281455,11,"wilcoxon_p_val"
"166","archetype_1","FOREBRAIN DEVELOPMENT",0.0100412893636601,0.380064899073926,0.34407377250844,-0.0817352231064685,11,"wilcoxon_p_val"
"167","archetype_1","PROTEIN TARGETING",0.0101690288885706,0.324897194826828,0.297590619790514,-0.0939254073079944,11,"wilcoxon_p_val"
"168","archetype_1","CELLULAR COMPONENT ORGANIZATION",0.0106942677816164,0.214278427421067,0.212743550664488,0.479926332045603,11,"wilcoxon_p_val"
"169","archetype_1","GENE EXPRESSION",0.0112429754589723,0.286287108968661,0.261420204629259,0.514765955751002,11,"wilcoxon_p_val"
"170","archetype_1","CELLULAR RESPONSE TO BIOTIC STIMULUS",0.0112429754589723,0.197433299447741,0.180005319599416,0.00374953598700575,11,"wilcoxon_p_val"
"171","archetype_1","CELLULAR RESPONSE TO MOLECULE OF BACTERIAL ORIGIN",0.0112429754589723,0.197433299447741,0.180005319599416,0.00374953598700575,11,"wilcoxon_p_val"
"172","archetype_1","CELLULAR RESPONSE TO LIPOPOLYSACCHARIDE",0.0112429754589723,0.197433299447741,0.180005319599416,0.00374953598700575,11,"wilcoxon_p_val"
"173","archetype_1","REGULATION OF NITROGEN COMPOUND METABOLIC PROCESS",0.0113839175983863,0.24411040132153,0.271305044117911,0.391846439651031,11,"wilcoxon_p_val"
"174","archetype_1","REGULATION OF NERVOUS SYSTEM PROCESS",0.0116704132742263,0.271496795358208,0.322301481568229,0.529140581621739,11,"wilcoxon_p_val"
"175","archetype_1","REGULATION OF HEMOPOIESIS",0.0118159937224143,0.27503582050603,0.328243838069931,0.271410112396827,11,"wilcoxon_p_val"
"176","archetype_1","PRIMARY METABOLIC PROCESS",0.0121118876842491,0.370743446385369,0.351842617604311,-0.140579454553733,11,"wilcoxon_p_val"
"177","archetype_1","CELLULAR RESPONSE TO ORGANIC CYCLIC COMPOUND",0.0121118876842491,0.301843362000024,0.432337764457533,0.902944321406549,11,"wilcoxon_p_val"
"178","archetype_1","REGULATION OF ENDOCYTOSIS",0.0122622285616198,0.261681922905334,0.335715400573853,0.693118685244686,11,"wilcoxon_p_val"
"179","archetype_1","GLUCOSE METABOLIC PROCESS",0.0124141837375851,0.204338333553275,0.18956455844784,0.242720611967245,11,"wilcoxon_p_val"
"180","archetype_1","REGULATION OF MICROTUBULE CYTOSKELETON ORGANIZATION",0.012722992537595,0.142044462819505,0.154617004682231,0.348418960517597,11,"wilcoxon_p_val"
"181","archetype_1","CELLULAR NITROGEN COMPOUND METABOLIC PROCESS",0.0130384259356154,0.237579232858647,0.281083019943679,0.219308228944518,11,"wilcoxon_p_val"
"182","archetype_1","REGULATION OF CELL ADHESION",0.0150765559285916,0.31100020058467,0.354813300955772,0.198510047762531,11,"wilcoxon_p_val"
"183","archetype_1","POSITIVE REGULATION OF TRANSPORT",0.0152581366770276,0.24665159970323,0.245845265508555,0.47004102266967,11,"wilcoxon_p_val"
"184","archetype_1","NEGATIVE REGULATION OF TRANSPORT",0.0154415926646505,0.295285844695929,0.25490796664871,0.162615287386749,11,"wilcoxon_p_val"
"185","archetype_1","NEGATIVE REGULATION OF CELL CYCLE",0.0156269390768672,2.30700584399401,1.76223749479073,1.06244348449017,11,"wilcoxon_p_val"
"186","archetype_1","REGULATION OF CELL DIFFERENTIATION",0.016582563931593,0.441005556174808,0.421749472301882,0.130000620844577,11,"wilcoxon_p_val"
"187","archetype_1","POSITIVE REGULATION OF IMMUNE SYSTEM PROCESS",0.0177949308416601,0.256278044708092,0.22962112619495,0.0649415746037143,11,"wilcoxon_p_val"
"188","archetype_1","POSITIVE REGULATION OF CELL MIGRATION",0.0177949308416601,0.169786086719744,0.204260152927931,0.0107971594914644,11,"wilcoxon_p_val"
"189","archetype_1","RESPONSE TO PEPTIDE HORMONE",0.018215507785492,0.210709033859652,0.131410040153801,-0.0251394967355109,11,"wilcoxon_p_val"
"190","archetype_1","REGULATION OF METABOLIC PROCESS",0.0186445259785393,0.238979091177107,0.259775482472969,-0.137372741906059,11,"wilcoxon_p_val"
"191","archetype_1","RESPONSE TO LIGHT STIMULUS",0.0188622411086907,0.324024328576565,0.252251647344463,0.617359012693717,11,"wilcoxon_p_val"
"192","archetype_1","PROTEOLYSIS",0.0193041651336696,0.328461210655213,0.279179341137572,0.345469327985439,11,"wilcoxon_p_val"
"193","archetype_1","GAMETE GENERATION",0.0197548571876854,0.0383462744349587,0.221955560323711,0.284037760402011,11,"wilcoxon_p_val"
"194","archetype_1","HEXOSE TRANSMEMBRANE TRANSPORT",0.0202144497652742,0.158441133315626,0.168142558794547,0.331797281450161,11,"wilcoxon_p_val"
"195","archetype_1","REGULATION OF EPITHELIAL CELL MIGRATION",0.0202144497652742,0.0663563486384497,0.150001706749066,0.222045151032403,11,"wilcoxon_p_val"
"196","archetype_1","REGULATION OF GLUCOSE TRANSMEMBRANE TRANSPORT",0.0202144497652742,0.158441133315943,0.168142558794718,0.331797281450287,11,"wilcoxon_p_val"
"197","archetype_1","MONOSACCHARIDE TRANSMEMBRANE TRANSPORT",0.0202144497652742,0.158441133315887,0.168142558794705,0.331797281450286,11,"wilcoxon_p_val"
"198","archetype_1","CARBOHYDRATE TRANSMEMBRANE TRANSPORT",0.0202144497652742,0.15844113331591,0.168142558794706,0.331797281450277,11,"wilcoxon_p_val"
"199","archetype_1","GLUCOSE TRANSMEMBRANE TRANSPORT",0.0202144497652742,0.15844113331591,0.168142558794706,0.331797281450277,11,"wilcoxon_p_val"
"200","archetype_1","REGULATION OF APOPTOTIC SIGNALING PATHWAY",0.0204476254273982,0.193322881580149,0.222975966465534,0.409547677394703,11,"wilcoxon_p_val"
"201","archetype_1","GROWTH",0.0209208193889236,0.129296791910892,0.214109101583033,0.311045496517006,11,"wilcoxon_p_val"
"202","archetype_1","CELL GROWTH",0.0211608714259613,0.191093678729853,0.207180721794386,0.175358424478571,11,"wilcoxon_p_val"
"203","archetype_1","AXONOGENESIS",0.0221445096573624,0.103535577473572,0.18815846659874,0.199008178786796,11,"wilcoxon_p_val"
"204","archetype_1","REGULATION OF CELL CYCLE PROCESS",0.0221445096573624,0.35825313688075,0.38397394918961,0.0501957151021977,11,"wilcoxon_p_val"
"205","archetype_1","MULTI ORGANISM PROCESS",0.0221445096573624,0.17085137666105,0.245579535184585,0.154382733287293,11,"wilcoxon_p_val"
"206","archetype_1","REGULATION OF PROTEIN TRANSPORT",0.0226506264800529,0.191356616077481,0.141481463774499,0.471201920305014,11,"wilcoxon_p_val"
"207","archetype_1","REGULATION OF ESTABLISHMENT OF PROTEIN LOCALIZATION",0.0226506264800529,0.191356616077481,0.141481463774499,0.471201920305014,11,"wilcoxon_p_val"
"208","archetype_1","REGULATION OF PEPTIDE TRANSPORT",0.0226506264800529,0.191356616077481,0.141481463774499,0.471201920305014,11,"wilcoxon_p_val"
"209","archetype_1","MICROTUBULE CYTOSKELETON ORGANIZATION",0.0231664590671254,0.299597260741757,0.181912197180876,0.131526675948611,11,"wilcoxon_p_val"
"210","archetype_1","POSITIVE REGULATION OF MACROMOLECULE BIOSYNTHETIC PROCESS",0.0231664590671254,0.202072071016859,0.163440374043516,0.0988779222317914,11,"wilcoxon_p_val"
"211","archetype_1","HEMATOPOIETIC OR LYMPHOID ORGAN DEVELOPMENT",0.023692146497161,0.216693684036292,0.17632237008328,0.425208081459135,11,"wilcoxon_p_val"
"212","archetype_1","MEMBRANE ORGANIZATION",0.0242278287106028,0.275447192858825,0.369614119241543,0.448362560070542,11,"wilcoxon_p_val"
"213","archetype_1","MICROTUBULE BASED MOVEMENT",0.0247736464879462,0.243899935202653,0.255964074219006,0.229303342002982,11,"wilcoxon_p_val"
"214","archetype_1","LOCOMOTORY BEHAVIOR",0.0256116872997707,0.21471933833452,0.334647462650786,0.810772348505698,11,"wilcoxon_p_val"
"215","archetype_1","BIOLOGICAL PROCESS INVOLVED IN SYMBIOTIC INTERACTION",0.0258962559206698,0.201639341166444,0.181729418925765,-0.000382097854092264,11,"wilcoxon_p_val"
"216","archetype_1","ANATOMICAL STRUCTURE MATURATION",0.0267658776976618,0.23984354378831,0.299733036628621,0.0690378324673423,11,"wilcoxon_p_val"
"217","archetype_1","ANATOMICAL STRUCTURE FORMATION INVOLVED IN MORPHOGENESIS",0.0273590690368561,0.217536288134405,0.344309884280415,0.579808527659135,11,"wilcoxon_p_val"
"218","archetype_1","POSITIVE REGULATION OF CELLULAR PROCESS",0.0292047693195177,0.219670280175756,0.30184829948337,0.47632291147722,11,"wilcoxon_p_val"
"219","archetype_1","CELL MATURATION",0.03148762206807,0.278894384726723,0.253724900928627,0.303038315090496,11,"wilcoxon_p_val"
"220","archetype_1","BEHAVIOR",0.0335599594122737,0.185114649662198,0.172284107285148,0.209674175664166,11,"wilcoxon_p_val"
"221","archetype_1","CATABOLIC PROCESS",0.0335599594122737,0.329346539335049,0.233370043754488,0.128708403557527,11,"wilcoxon_p_val"
"222","archetype_1","RESPONSE TO ORGANONITROGEN COMPOUND",0.0353715120790458,0.203425533229834,0.218111797934443,0.549367917329883,11,"wilcoxon_p_val"
"223","archetype_1","IMMUNE SYSTEM PROCESS",0.0361182404694748,0.351975961061398,0.213363031460373,-0.526352069672436,11,"wilcoxon_p_val"
"224","archetype_1","NEGATIVE REGULATION OF CELL POPULATION PROLIFERATION",0.0380416551597815,1.17913682926115,0.753413111971846,1.28419172751276,11,"wilcoxon_p_val"
"225","archetype_1","AGING",0.0384361917762481,0.107955637162137,0.207322061368022,0.165776136619488,11,"wilcoxon_p_val"
"226","archetype_1","TRANSMEMBRANE RECEPTOR PROTEIN SERINE THREONINE KINASE SIGNALING PATHWAY",0.0396398513782812,0.126992150609254,0.185675385544783,0.418031036720943,11,"wilcoxon_p_val"
"227","archetype_1","REGULATION OF IMMUNE SYSTEM PROCESS",0.0408739856537764,0.228640175399558,0.137148381949067,0.410660130281693,11,"wilcoxon_p_val"
"228","archetype_1","CELLULAR RESPONSE TO ORGANONITROGEN COMPOUND",0.0412922248507098,0.181344268496531,0.203721261742446,0.0529856539380001,11,"wilcoxon_p_val"
"229","archetype_1","RESPONSE TO HORMONE",0.0421391093217306,0.118773024974669,0.186905554418898,0.309488442228419,11,"wilcoxon_p_val"
"230","archetype_1","NEGATIVE REGULATION OF BIOSYNTHETIC PROCESS",0.0421391093217306,0.143884572162917,0.145803272842757,-0.105673714863013,11,"wilcoxon_p_val"
"231","archetype_1","REGULATION OF CYTOSKELETON ORGANIZATION",0.0429999957054006,0.146923609829533,0.161948052572065,0.0153768190854725,11,"wilcoxon_p_val"
"232","archetype_1","ORGANIC ACID METABOLIC PROCESS",0.0434357372873264,0.132289738715376,0.268014882097887,0.0193540106176442,11,"wilcoxon_p_val"
"233","archetype_1","NEGATIVE REGULATION OF CELLULAR PROCESS",0.0434357372873264,0.474733976974233,0.380086482774871,0.250725931419625,11,"wilcoxon_p_val"
"234","archetype_1","DNA METABOLIC PROCESS",0.0447643843291397,0.16463364214411,0.48898303862835,-0.182738632632141,11,"wilcoxon_p_val"
"235","archetype_1","MITOCHONDRION ORGANIZATION",0.0465866100328905,0.236421536709117,0.226053455879407,0.272584232272566,11,"wilcoxon_p_val"
"236","archetype_1","HETEROCYCLE METABOLIC PROCESS",0.0465866100328905,0.111775564679085,0.233111239749817,0.285510961286349,11,"wilcoxon_p_val"
"237","archetype_1","METHYLATION",0.0470513461771342,0.220823100573965,0.226202001875208,0.437995583133046,11,"wilcoxon_p_val"
"238","archetype_1","CELLULAR AMIDE METABOLIC PROCESS",0.0489475790158529,0.171385615355007,0.223877458378728,-0.00739348390364751,11,"wilcoxon_p_val"
"239","archetype_1","REGULATION OF DEPHOSPHORYLATION",0.0499183334272537,0.144431234979737,0.188211419757824,0.226708128960885,11,"wilcoxon_p_val"
"240","archetype_2","BIOLOGICAL REGULATION",3.92268165712768e-05,0.970152510409649,1.14382826875787,1.23217938648405,11,"wilcoxon_p_val"
"241","archetype_2","NEGATIVE REGULATION OF NEURON DEATH",0.000151997104661585,0.424722650327385,0.354994160428489,0.447023132987486,11,"wilcoxon_p_val"
"242","archetype_2","RESPONSE TO CORTICOSTEROID",0.000230337931574908,0.317533848501918,0.384234597539805,0.343383232270379,11,"wilcoxon_p_val"
"243","archetype_2","RESPONSE TO GLUCOCORTICOID",0.000230337931574908,0.317533848501918,0.384234597539805,0.343383232270379,11,"wilcoxon_p_val"
"244","archetype_2","MUSCLE STRUCTURE DEVELOPMENT",0.000270194539810957,0.590576937261428,0.581723973668511,0.69519552471363,11,"wilcoxon_p_val"
"245","archetype_2","SECOND MESSENGER MEDIATED SIGNALING",0.000316402661529467,0.470577710627491,0.399495640525691,0.378785089463973,11,"wilcoxon_p_val"
"246","archetype_2","BIOLOGICAL ADHESION",0.000363545364746428,0.276287924619274,0.224236175236662,0.251011881502146,11,"wilcoxon_p_val"
"247","archetype_2","REGULATION OF CATION TRANSMEMBRANE TRANSPORT",0.000410066003056051,0.528144580854671,0.512276857086618,0.497131690719665,11,"wilcoxon_p_val"
"248","archetype_2","REGULATION OF CELL JUNCTION ASSEMBLY",0.000478000069746015,0.219463740798045,0.289508606862837,0.129112354827543,11,"wilcoxon_p_val"
"249","archetype_2","CIRCULATORY SYSTEM DEVELOPMENT",0.000594670921215697,0.35263028382493,0.384529678294367,0.295707181623802,11,"wilcoxon_p_val"
"250","archetype_2","CELL PART MORPHOGENESIS",0.000725192337872569,0.144355289026361,0.185963905811465,0.249601884035409,11,"wilcoxon_p_val"
"251","archetype_2","NEURON PROJECTION MORPHOGENESIS",0.000725192337872569,0.144355289026361,0.185963905811465,0.249601884035409,11,"wilcoxon_p_val"
"252","archetype_2","CELL PROJECTION MORPHOGENESIS",0.000725192337872569,0.144355289026361,0.185963905811465,0.249601884035409,11,"wilcoxon_p_val"
"253","archetype_2","PLASMA MEMBRANE BOUNDED CELL PROJECTION MORPHOGENESIS",0.000725192337872569,0.144355289026361,0.185963905811465,0.249601884035409,11,"wilcoxon_p_val"
"254","archetype_2","ADENYLATE CYCLASE MODULATING G PROTEIN COUPLED RECEPTOR SIGNALING PATHWAY",0.000813043231976304,0.548411684419504,0.571057969927403,0.398144862789416,11,"wilcoxon_p_val"
"255","archetype_2","REGULATION OF CELL MORPHOGENESIS",0.000940381495195907,0.394888174360927,0.410765398770207,0.634587446031522,11,"wilcoxon_p_val"
"256","archetype_2","REGULATION OF PROGRAMMED CELL DEATH",0.00103518935208683,0.383389780089192,0.317370780978398,0.34269176315966,11,"wilcoxon_p_val"
"257","archetype_2","REGULATION OF PROTEIN MODIFICATION BY SMALL PROTEIN CONJUGATION OR REMOVAL",0.00117524819482927,0.689163280602903,0.618879474141654,0.894178385034048,11,"wilcoxon_p_val"
"258","archetype_2","REGULATION OF ORGANELLE ORGANIZATION",0.00121287442198455,0.404685952283932,0.388757103435995,0.434444877548944,11,"wilcoxon_p_val"
"259","archetype_2","POSITIVE REGULATION OF SMALL MOLECULE METABOLIC PROCESS",0.00141807893913461,0.291574838259833,0.256377304731905,0.394009610135531,11,"wilcoxon_p_val"
"260","archetype_2","REGULATION OF CELL MIGRATION",0.00148555336589696,0.168050080370848,0.159846755869114,0.4243330200181,11,"wilcoxon_p_val"
"261","archetype_2","REGULATION OF CELL PROJECTION ORGANIZATION",0.00155594501931359,0.292727571367362,0.269365461992197,0.362084184431322,11,"wilcoxon_p_val"
"262","archetype_2","RESPONSE TO OXYGEN LEVELS",0.00155594501931359,0.226822064196004,0.252403881200384,0.328107454992026,11,"wilcoxon_p_val"
"263","archetype_2","CELLULAR MACROMOLECULE CATABOLIC PROCESS",0.00173216834760477,0.319273239292556,0.316525273806173,0.399439149363529,11,"wilcoxon_p_val"
"264","archetype_2","REGULATION OF MUSCLE SYSTEM PROCESS",0.00173216834760477,0.319362199880584,0.397422453323199,0.325847412400787,11,"wilcoxon_p_val"
"265","archetype_2","NEGATIVE REGULATION OF DEVELOPMENTAL PROCESS",0.00195567955360255,0.385306914734462,0.363671083252018,0.0307765310570867,11,"wilcoxon_p_val"
"266","archetype_2","ESTABLISHMENT OF ORGANELLE LOCALIZATION",0.00210836198197121,0.420354599204861,0.319793743642422,0.45032869843858,11,"wilcoxon_p_val"
"267","archetype_2","RESPONSE TO HYPOXIA",0.00214016612362955,0.18803115697071,0.174538711206314,0.0846819774079057,11,"wilcoxon_p_val"
"268","archetype_2","RESPONSE TO DECREASED OXYGEN LEVELS",0.00214016612362955,0.188031156956415,0.174538711202134,0.0846819773995022,11,"wilcoxon_p_val"
"269","archetype_2","REGULATION OF CHEMOTAXIS",0.00223820605629095,0.137291263830812,0.190859749546782,0.0704905841486307,11,"wilcoxon_p_val"
"270","archetype_2","REGULATION OF CELLULAR BIOSYNTHETIC PROCESS",0.00230580821359436,0.417231421240794,0.385268000204724,0.333658276725876,11,"wilcoxon_p_val"
"271","archetype_2","MORPHOGENESIS OF A BRANCHING STRUCTURE",0.00241068229892566,0.558234200931676,0.355221744924912,0.277782234821176,11,"wilcoxon_p_val"
"272","archetype_2","CELL KILLING",0.00244658786669787,0.390610542800798,0.494614838832707,0.178710246416095,11,"wilcoxon_p_val"
"273","archetype_2","REGULATION OF LIPID METABOLIC PROCESS",0.00267236626178901,0.582779776360124,0.472277160186165,0.713572208389021,11,"wilcoxon_p_val"
"274","archetype_2","REGULATION OF METAL ION TRANSPORT",0.00275170628843385,0.248580592694921,0.34843262295885,0.0325631443036109,11,"wilcoxon_p_val"
"275","archetype_2","NEURON DEATH",0.00291679503199027,0.273910144747883,0.293178324546654,0.319127284323699,11,"wilcoxon_p_val"
"276","archetype_2","TISSUE HOMEOSTASIS",0.0031812000116308,0.304554911395768,0.297023040218509,0.629892112313435,11,"wilcoxon_p_val"
"277","archetype_2","GLAND DEVELOPMENT",0.00322730685812344,0.333074440587555,0.432200843335114,0.555735265068972,11,"wilcoxon_p_val"
"278","archetype_2","CELL JUNCTION ASSEMBLY",0.00336925631991342,0.363901632541211,0.331967736729232,-0.1822234971176,11,"wilcoxon_p_val"
"279","archetype_2","REGULATION OF NEURON APOPTOTIC PROCESS",0.00372252598636454,0.186435545448391,0.250693471265516,0.119435160797586,11,"wilcoxon_p_val"
"280","archetype_2","NEURON APOPTOTIC PROCESS",0.00372252598636454,0.186435545448391,0.250693471265516,0.119435160797586,11,"wilcoxon_p_val"
"281","archetype_2","MAST CELL ACTIVATION",0.00382938686049539,0.5049556164007,0.44249361582582,0.552074574532694,11,"wilcoxon_p_val"
"282","archetype_2","PATTERN SPECIFICATION PROCESS",0.00399483707904879,0.437658230975726,0.349297091395982,0.149051574606216,11,"wilcoxon_p_val"
"283","archetype_2","CELLULAR PROTEIN CATABOLIC PROCESS",0.00440603151864201,0.296203589011391,0.22986426647337,0.444787531872319,11,"wilcoxon_p_val"
"284","archetype_2","PROTEOLYSIS INVOLVED IN CELLULAR PROTEIN CATABOLIC PROCESS",0.00440603151864201,0.296203589011391,0.22986426647337,0.444787531872319,11,"wilcoxon_p_val"
"285","archetype_2","I KAPPAB KINASE NF KAPPAB SIGNALING",0.00465761518458672,0.286275168280424,0.357191138736126,0.216280447105989,11,"wilcoxon_p_val"
"286","archetype_2","REGULATION OF I KAPPAB KINASE NF KAPPAB SIGNALING",0.00465761518458672,0.286275168280516,0.357191138736185,0.216280447106177,11,"wilcoxon_p_val"
"287","archetype_2","MRNA METABOLIC PROCESS",0.00499007307438373,0.505907256787337,0.366131905606524,0.592532116733522,11,"wilcoxon_p_val"
"288","archetype_2","REGULATION OF APOPTOTIC PROCESS",0.00499007307438373,0.334024355444557,0.289821551370666,0.390966698579282,11,"wilcoxon_p_val"
"289","archetype_2","NEUROMUSCULAR PROCESS",0.00499007307438373,0.313162541706147,0.394457885218628,-0.158329479375505,11,"wilcoxon_p_val"
"290","archetype_2","POSITIVE REGULATION OF ORGANELLE ORGANIZATION",0.00541680680549099,0.467411073588341,0.272384633297892,0.777064511212416,11,"wilcoxon_p_val"
"291","archetype_2","REACTIVE OXYGEN SPECIES METABOLIC PROCESS",0.00564210017393568,0.792189463842142,0.595194655586183,0.67756482034931,11,"wilcoxon_p_val"
"292","archetype_2","REGULATION OF CELL DEATH",0.00717691772558146,0.222817630017323,0.347413866672323,0.551636181180492,11,"wilcoxon_p_val"
"293","archetype_2","SIGNALING",0.00756427728759337,0.272320986826876,0.269916959019139,0.358416533221682,11,"wilcoxon_p_val"
"294","archetype_2","REGULATION OF LYMPHOCYTE ACTIVATION",0.00756427728759337,0.276300339086222,0.225357338599991,0.249133975956281,11,"wilcoxon_p_val"
"295","archetype_2","NEGATIVE REGULATION OF TRANSCRIPTION  DNA TEMPLATED",0.00828660576488939,0.167821678647864,0.191413034689855,-0.00080059971362706,11,"wilcoxon_p_val"
"296","archetype_2","NEGATIVE REGULATION OF INTRACELLULAR SIGNAL TRANSDUCTION",0.00828660576488939,0.369209031383125,0.309361375792706,0.0932048398419446,11,"wilcoxon_p_val"
"297","archetype_2","NEGATIVE REGULATION OF RNA BIOSYNTHETIC PROCESS",0.00828660576488939,0.167821678647864,0.191413034689855,-0.00080059971362706,11,"wilcoxon_p_val"
"298","archetype_2","NEGATIVE REGULATION OF NUCLEIC ACID TEMPLATED TRANSCRIPTION",0.00828660576488939,0.167821678647864,0.191413034689855,-0.00080059971362706,11,"wilcoxon_p_val"
"299","archetype_2","NEGATIVE REGULATION OF CELL ADHESION",0.00839459225048895,0.215387469901508,0.243557605144103,0.1348534142491,11,"wilcoxon_p_val"
"300","archetype_2","CELLULAR AROMATIC COMPOUND METABOLIC PROCESS",0.00850381213311586,0.262872425922844,0.293910710029747,0.505488067022214,11,"wilcoxon_p_val"
"301","archetype_2","REGULATION OF ACTIN POLYMERIZATION OR DEPOLYMERIZATION",0.00872599854869325,0.131071477869652,0.130865508633524,0.0565159579665029,11,"wilcoxon_p_val"
"302","archetype_2","ACTIN POLYMERIZATION OR DEPOLYMERIZATION",0.00872599854869325,0.131071477869619,0.1308655086335,0.0565159579664942,11,"wilcoxon_p_val"
"303","archetype_2","ACTIN FILAMENT POLYMERIZATION",0.00872599854869325,0.131071477869975,0.130865508633546,0.0565159579665876,11,"wilcoxon_p_val"
"304","archetype_2","REGULATION OF ACTIN FILAMENT LENGTH",0.00872599854869325,0.131071477869975,0.130865508633546,0.0565159579665876,11,"wilcoxon_p_val"
"305","archetype_2","REGULATION OF ACTIN FILAMENT POLYMERIZATION",0.00872599854869325,0.131071477869975,0.130865508633546,0.0565159579665876,11,"wilcoxon_p_val"
"306","archetype_2","MACROMOLECULE METABOLIC PROCESS",0.0088389885005747,0.28166841479971,0.266786133251826,0.525955521400265,11,"wilcoxon_p_val"
"307","archetype_2","REGULATION OF MEMBRANE POTENTIAL",0.00906882100844933,0.45472004517372,0.313692560681484,0.573165974794977,11,"wilcoxon_p_val"
"308","archetype_2","ANATOMICAL STRUCTURE DEVELOPMENT",0.00906882100844933,0.706384049764274,0.493273644768795,0.196890000270202,11,"wilcoxon_p_val"
"309","archetype_2","REGULATION OF NEURON DEATH",0.00906882100844933,0.173951210773228,0.2108347094941,0.257289855660504,11,"wilcoxon_p_val"
"310","archetype_2","REGULATION OF LOCOMOTION",0.010298183719236,0.137293945870004,0.147804431495757,0.41729252448693,11,"wilcoxon_p_val"
"311","archetype_2","REGULATION OF CELLULAR COMPONENT MOVEMENT",0.010298183719236,0.137293945870004,0.147804431495757,0.41729252448693,11,"wilcoxon_p_val"
"312","archetype_2","REGULATION OF CELL MOTILITY",0.010298183719236,0.137293945870004,0.147804431495757,0.41729252448693,11,"wilcoxon_p_val"
"313","archetype_2","REGULATION OF AUTOPHAGY",0.0104287665912264,0.309905927479674,0.264988776617299,0.271872064639685,11,"wilcoxon_p_val"
"314","archetype_2","POSITIVE REGULATION OF IMMUNE RESPONSE",0.0106942677816164,0.237336268868208,0.193079162339518,0.240130462079926,11,"wilcoxon_p_val"
"315","archetype_2","REGULATION OF PEPTIDYL SERINE PHOSPHORYLATION",0.0112429754589723,0.247059548076335,0.208020372335688,-0.0631771905617343,11,"wilcoxon_p_val"
"316","archetype_2","REGULATION OF PEPTIDASE ACTIVITY",0.0112429754589723,0.146151993338741,0.157736797552795,-0.0215759207290919,11,"wilcoxon_p_val"
"317","archetype_2","REGULATION OF ENDOPEPTIDASE ACTIVITY",0.0112429754589723,0.146151993338741,0.157736797552795,-0.0215759207290919,11,"wilcoxon_p_val"
"318","archetype_2","CALCIUM MEDIATED SIGNALING",0.0116704132742263,0.138574846313065,0.189769142077896,0.124309994511936,11,"wilcoxon_p_val"
"319","archetype_2","POTASSIUM ION TRANSPORT",0.0122622285616198,0.544302429126697,0.412267285563456,0.886112443467948,11,"wilcoxon_p_val"
"320","archetype_2","REGULATION OF RESPONSE TO STIMULUS",0.0122622285616198,0.544742616411503,0.474098653709026,0.401976269055891,11,"wilcoxon_p_val"
"321","archetype_2","SPERMATOGENESIS",0.0135242447590585,0.900717670132617,0.515321593805598,1.41489850251126,11,"wilcoxon_p_val"
"322","archetype_2","MALE GAMETE GENERATION",0.0135242447590585,0.900717670132606,0.515321593805454,1.41489850251095,11,"wilcoxon_p_val"
"323","archetype_2","POSITIVE REGULATION OF SECRETION",0.0135242447590585,0.241992934733525,0.205768775627264,0.317172485245277,11,"wilcoxon_p_val"
"324","archetype_2","POSITIVE REGULATION OF SECRETION BY CELL",0.0135242447590585,0.241992934733525,0.205768775627264,0.317172485245277,11,"wilcoxon_p_val"
"325","archetype_2","NITROGEN COMPOUND METABOLIC PROCESS",0.014368684111643,0.347053446655531,0.31081528671819,-0.14589965706034,11,"wilcoxon_p_val"
"326","archetype_2","MODULATION OF CHEMICAL SYNAPTIC TRANSMISSION",0.0154415926646505,0.219623215509584,0.236719663612657,0.190034108640916,11,"wilcoxon_p_val"
"327","archetype_2","REGULATION OF TRANS SYNAPTIC SIGNALING",0.0154415926646505,0.219623215509584,0.236719663612657,0.190034108640916,11,"wilcoxon_p_val"
"328","archetype_2","EPITHELIAL CELL PROLIFERATION",0.0161944737746594,0.241452540220932,0.244717296092043,0.0640978617147308,11,"wilcoxon_p_val"
"329","archetype_2","REGULATION OF DEVELOPMENTAL GROWTH",0.016582563931593,0.293995469580795,0.225818050788358,0.0941499222843689,11,"wilcoxon_p_val"
"330","archetype_2","REGULATION OF PROTEIN SERINE THREONINE KINASE ACTIVITY",0.016779575725193,0.136111701020086,0.204154877413664,-0.285253608022064,11,"wilcoxon_p_val"
"331","archetype_2","PROTEIN LOCALIZATION TO MEMBRANE",0.016779575725193,0.669805226335823,0.417702188904228,0.0721442590494367,11,"wilcoxon_p_val"
"332","archetype_2","REGULATION OF ACTIN FILAMENT ORGANIZATION",0.016779575725193,0.190456251282152,0.149470705846317,-0.000361692090159988,11,"wilcoxon_p_val"
"333","archetype_2","RESPONSE TO ABIOTIC STIMULUS",0.0173826662571658,0.190861798529221,0.271476171714148,-0.161913657489313,11,"wilcoxon_p_val"
"334","archetype_2","GLIAL CELL DIFFERENTIATION",0.0173826662571658,0.285253291484038,0.314719120356472,0.920234159756186,11,"wilcoxon_p_val"
"335","archetype_2","POSITIVE REGULATION OF PROTEIN KINASE B SIGNALING",0.0180041722377809,0.184208017148582,0.319072903287666,0.247527687788189,11,"wilcoxon_p_val"
"336","archetype_2","NEUROGENESIS",0.0186445259785393,0.314357643118499,0.331821462646918,0.570190102766982,11,"wilcoxon_p_val"
"337","archetype_2","LYMPHOCYTE MEDIATED IMMUNITY",0.0190821153591557,0.18224912392519,0.260850467262253,-0.0834349942493781,11,"wilcoxon_p_val"
"338","archetype_2","TUBE DEVELOPMENT",0.0190821153591557,0.135044881367215,0.325656891669196,0.43908110962456,11,"wilcoxon_p_val"
"339","archetype_2","PROTEIN CATABOLIC PROCESS",0.0193041651336696,0.274563877416079,0.220993161352342,0.0825798335594079,11,"wilcoxon_p_val"
"340","archetype_2","SYNAPTIC SIGNALING",0.0193041651336696,0.355480886355145,0.401544379718212,0.736479959296093,11,"wilcoxon_p_val"
"341","archetype_2","CELL CYCLE",0.0197548571876854,0.374892220502295,0.358683396680021,1.09413393604576,11,"wilcoxon_p_val"
"342","archetype_2","CHROMATIN ORGANIZATION",0.0199835325910744,0.513739504672047,0.350557383084328,0.41989236643464,11,"wilcoxon_p_val"
"343","archetype_2","LIPID MODIFICATION",0.0199835325910744,0.599346492701478,0.317190164128941,0.424888780042484,11,"wilcoxon_p_val"
"344","archetype_2","MULTICELLULAR ORGANISMAL HOMEOSTASIS",0.0214032494250753,0.284013142447707,0.24150244844044,-0.100949226843582,11,"wilcoxon_p_val"
"345","archetype_2","POSITIVE REGULATION OF CELL PROJECTION ORGANIZATION",0.0216479704034285,0.233447057435321,0.279631763290256,-0.301736526593056,11,"wilcoxon_p_val"
"346","archetype_2","REGULATION OF SMALL MOLECULE METABOLIC PROCESS",0.0221445096573624,0.223217756169721,0.24569158002149,0.300706939786945,11,"wilcoxon_p_val"
"347","archetype_2","REGULATION OF DEFENSE RESPONSE",0.0226506264800529,0.219120867427644,0.19053266902951,0.42992772541247,11,"wilcoxon_p_val"
"348","archetype_2","REGULATION OF CELLULAR PROTEIN METABOLIC PROCESS",0.0231664590671254,0.223014079691716,0.209974023742404,-0.249159539366406,11,"wilcoxon_p_val"
"349","archetype_2","POSITIVE REGULATION OF BINDING",0.0231664590671254,0.270750024576484,0.262872015838471,0.379792411488948,11,"wilcoxon_p_val"
"350","archetype_2","REGULATION OF INTRACELLULAR SIGNAL TRANSDUCTION",0.0264733331308992,0.319426021593417,0.329530982061704,0.526824267184502,11,"wilcoxon_p_val"
"351","archetype_2","REGULATION OF BINDING",0.0267658776976618,0.226458310032133,0.272211488942562,0.0695371787250988,11,"wilcoxon_p_val"
"352","archetype_2","CHEMOKINE PRODUCTION",0.0276597520543423,0.0949252757579397,0.14499703568924,0.0784906064952074,11,"wilcoxon_p_val"
"353","archetype_2","REGULATION OF CHEMOKINE PRODUCTION",0.0276597520543423,0.0949252757579397,0.14499703568924,0.0784906064952074,11,"wilcoxon_p_val"
"354","archetype_2","LEUKOCYTE CHEMOTAXIS",0.0282693837180376,0.22037763603238,0.185060508367228,-0.0602047092086109,11,"wilcoxon_p_val"
"355","archetype_2","HEXOSE TRANSMEMBRANE TRANSPORT",0.028578368861991,0.179968038824419,0.149221608081806,0.313801354994487,11,"wilcoxon_p_val"
"356","archetype_2","REGULATION OF GLUCOSE TRANSMEMBRANE TRANSPORT",0.028578368861991,0.179968038824307,0.14922160808173,0.313801354994378,11,"wilcoxon_p_val"
"357","archetype_2","MONOSACCHARIDE TRANSMEMBRANE TRANSPORT",0.028578368861991,0.179968038824311,0.149221608081736,0.313801354994396,11,"wilcoxon_p_val"
"358","archetype_2","CARBOHYDRATE TRANSMEMBRANE TRANSPORT",0.028578368861991,0.179968038824314,0.149221608081736,0.313801354994386,11,"wilcoxon_p_val"
"359","archetype_2","ESTABLISHMENT OF LOCALIZATION",0.028578368861991,0.267946360547659,0.211116129746657,0.140867055208195,11,"wilcoxon_p_val"
"360","archetype_2","GLUCOSE TRANSMEMBRANE TRANSPORT",0.028578368861991,0.179968038824314,0.149221608081736,0.313801354994386,11,"wilcoxon_p_val"
"361","archetype_2","CELLULAR ION HOMEOSTASIS",0.0292047693195177,0.139980530389595,0.148760845882738,0.0519052940276613,11,"wilcoxon_p_val"
"362","archetype_2","POSITIVE REGULATION OF CYSTEINE TYPE ENDOPEPTIDASE ACTIVITY INVOLVED IN APOPTOTIC PROCESS",0.0292047693195177,0.262706431162982,0.324266135003042,0.100523941467757,11,"wilcoxon_p_val"
"363","archetype_2","POSITIVE REGULATION OF RESPONSE TO STIMULUS",0.0298425325155541,0.183991129272261,0.232767707449495,0.60405810617212,11,"wilcoxon_p_val"
"364","archetype_2","REGULATION OF PROTEIN METABOLIC PROCESS",0.0298425325155541,0.147962158633443,0.211930209339236,0.422808348942526,11,"wilcoxon_p_val"
"365","archetype_2","BIOSYNTHETIC PROCESS",0.0301657212224643,0.286469031500276,0.261789372419267,0.361008064799386,11,"wilcoxon_p_val"
"366","archetype_2","PEPTIDYL LYSINE MODIFICATION",0.0304918059843428,0.200405176565072,0.49040236345524,0.241341269678557,11,"wilcoxon_p_val"
"367","archetype_2","CELL ADHESION",0.0308208053313367,0.105682850958794,0.131018707231204,0.0365400439560303,11,"wilcoxon_p_val"
"368","archetype_2","STEROID METABOLIC PROCESS",0.0311527378271477,0.262958144709067,0.232333560282131,0.107954388236439,11,"wilcoxon_p_val"
"369","archetype_2","CELLULAR RESPONSE TO CHEMICAL STIMULUS",0.0311527378271477,0.334478006474489,0.205586311619758,0.192860844876101,11,"wilcoxon_p_val"
"370","archetype_2","REGULATION OF NUCLEOBASE CONTAINING COMPOUND METABOLIC PROCESS",0.0321663203275341,0.27271687731359,0.612297241632801,1.08685757559258,11,"wilcoxon_p_val"
"371","archetype_2","CARDIOCYTE DIFFERENTIATION",0.0332069724774666,0.0843851829089825,0.269487828126219,0.162071780860543,11,"wilcoxon_p_val"
"372","archetype_2","STRESS ACTIVATED MAPK CASCADE",0.0332069724774666,0.198907958521523,0.162050699169785,0.585572148481706,11,"wilcoxon_p_val"
"373","archetype_2","REGULATION OF CYSTEINE TYPE ENDOPEPTIDASE ACTIVITY INVOLVED IN APOPTOTIC PROCESS",0.0335599594122737,0.318990133709432,0.247783953390956,0.118929342517672,11,"wilcoxon_p_val"
"374","archetype_2","REGULATION OF LOCALIZATION",0.0339160290955965,0.355944181763642,0.234314749002889,0.140269147666735,11,"wilcoxon_p_val"
"375","archetype_2","PEPTIDE SECRETION",0.0342752003484477,0.321874655838362,0.229136624278782,0.537276798200993,11,"wilcoxon_p_val"
"376","archetype_2","REGULATION OF MULTICELLULAR ORGANISMAL DEVELOPMENT",0.0346374920152545,0.278065295966857,0.285271046756681,0.361316252296655,11,"wilcoxon_p_val"
"377","archetype_2","CELL ACTIVATION",0.0353715120790458,0.348364552575724,0.660678488281758,0.0627950257560746,11,"wilcoxon_p_val"
"378","archetype_2","NEURON PROJECTION DEVELOPMENT",0.0353715120790458,0.261358832543607,0.227169650191606,0.195923778422903,11,"wilcoxon_p_val"
"379","archetype_2","RESPONSE TO NUTRIENT LEVELS",0.0357432782722089,0.091193751292525,0.101795632043743,-0.097039259615915,11,"wilcoxon_p_val"
"380","archetype_2","RNA PROCESSING",0.0361182404694748,0.190058620065671,0.316728377091544,-0.124850838554632,11,"wilcoxon_p_val"
"381","archetype_2","SENSORY ORGAN DEVELOPMENT",0.0364964176159625,0.175004935692568,0.27432256899136,0.00597780916867377,11,"wilcoxon_p_val"
"382","archetype_2","POSITIVE REGULATION OF BIOLOGICAL PROCESS",0.0364964176159625,0.467762709260508,0.262450244070505,0.0756667441995073,11,"wilcoxon_p_val"
"383","archetype_2","REGULATION OF TRANSCRIPTION  DNA TEMPLATED",0.0368778286735736,0.336125473916502,0.154984764553324,0.130768313545784,11,"wilcoxon_p_val"
"384","archetype_2","REGULATION OF NUCLEIC ACID TEMPLATED TRANSCRIPTION",0.0368778286735736,0.336125473916435,0.154984764553457,0.130768313545914,11,"wilcoxon_p_val"
"385","archetype_2","REGULATION OF RNA BIOSYNTHETIC PROCESS",0.0368778286735736,0.336125473916435,0.154984764553457,0.130768313545914,11,"wilcoxon_p_val"
"386","archetype_2","REGULATION OF MICROTUBULE BASED PROCESS",0.0376504284468051,0.204470018398171,0.147722676847429,0.240488328200276,11,"wilcoxon_p_val"
"387","archetype_2","ADAPTIVE IMMUNE RESPONSE BASED ON SOMATIC RECOMBINATION OF IMMUNE RECEPTORS BUILT FROM IMMUNOGLOBULIN SUPERFAMILY DOMAINS",0.0380416551597815,0.212906123295344,0.191543180040329,-0.0212665836466907,11,"wilcoxon_p_val"
"388","archetype_2","REGULATION OF PROTEIN LOCALIZATION",0.0384361917762481,0.232052725901241,0.20135911609201,0.0900647363903579,11,"wilcoxon_p_val"
"389","archetype_2","REGULATION OF CELLULAR PROTEIN LOCALIZATION",0.0408739856537764,0.172798875429328,0.202012200147108,-0.420970281265138,11,"wilcoxon_p_val"
"390","archetype_2","ION TRANSMEMBRANE TRANSPORT",0.0417139263827447,0.590775381462807,0.646905596851239,1.40842677989671,11,"wilcoxon_p_val"
"391","archetype_2","REGULATION OF LEUKOCYTE MIGRATION",0.0421391093217306,0.187840903481045,0.197659157846382,0.43267458316573,11,"wilcoxon_p_val"
"392","archetype_2","REGULATION OF PROTEIN KINASE ACTIVITY",0.0429999957054006,0.243462056800559,0.175673937004789,-0.419028783556688,11,"wilcoxon_p_val"
"393","archetype_2","REGULATION OF PHOSPHATE METABOLIC PROCESS",0.0438750365480591,0.155597787039697,0.180366117930804,0.179202906814049,11,"wilcoxon_p_val"
"394","archetype_2","REGULATION OF PHOSPHORUS METABOLIC PROCESS",0.0438750365480591,0.155597787039694,0.180366117930803,0.179202906814047,11,"wilcoxon_p_val"
"395","archetype_2","LEUKOCYTE MEDIATED IMMUNITY",0.0443179125451087,0.12005625207807,0.213210715713857,-0.247883080551902,11,"wilcoxon_p_val"
"396","archetype_2","RESPONSE TO OXIDATIVE STRESS",0.0443179125451087,0.350973114583737,0.260562304036227,-1.05499811993157,11,"wilcoxon_p_val"
"397","archetype_2","OSSIFICATION",0.0447643843291397,0.0261539895707464,0.301093600543044,0.448544507201136,11,"wilcoxon_p_val"
"398","archetype_2","MAINTENANCE OF LOCATION",0.0447643843291397,0.293152808945881,0.177478193734627,0.499458600641563,11,"wilcoxon_p_val"
"399","archetype_2","REGULATION OF CARBOHYDRATE METABOLIC PROCESS",0.0456681914184663,0.137103854008264,0.181942714454916,0.00515408529607626,11,"wilcoxon_p_val"
"400","archetype_2","NEGATIVE REGULATION OF ORGANELLE ORGANIZATION",0.0456681914184663,0.231040700409425,0.212065517565391,0.0537585201581717,11,"wilcoxon_p_val"
"401","archetype_2","CHEMICAL HOMEOSTASIS",0.0456681914184663,0.205215315021907,0.216581117173944,-0.402591996413525,11,"wilcoxon_p_val"
"402","archetype_2","NEGATIVE REGULATION OF MACROMOLECULE METABOLIC PROCESS",0.0461255647786625,0.148550764908917,0.213818536931395,0.834618401205433,11,"wilcoxon_p_val"
"403","archetype_2","INNATE IMMUNE RESPONSE",0.0465866100328905,0.254289076096332,0.251593786013189,0.22917554468015,11,"wilcoxon_p_val"
"404","archetype_2","REGULATION OF CALCIUM ION TRANSPORT",0.0484678896748664,0.086800193429176,0.183190150536865,0.0693330688383189,11,"wilcoxon_p_val"
"405","archetype_2","REGULATION OF SECRETION BY CELL",0.0494310539719644,0.211299318724108,0.189088521876315,0.443405712308229,11,"wilcoxon_p_val"
"406","archetype_2","CELLULAR MACROMOLECULE BIOSYNTHETIC PROCESS",0.0499183334272537,0.167039861265887,0.190022487805869,0.351860912797544,11,"wilcoxon_p_val"
"407","archetype_3","CELL CHEMOTAXIS",2.4797994188809e-06,0.576192153769264,0.579071764973567,0.666642812702419,11,"wilcoxon_p_val"
"408","archetype_3","TUBE MORPHOGENESIS",5.40599712736538e-06,0.487952129268063,0.513221987707755,0.35999718237526,11,"wilcoxon_p_val"
"409","archetype_3","CELLULAR PROCESS INVOLVED IN REPRODUCTION IN MULTICELLULAR ORGANISM",8.1617977380278e-06,0.610261210888097,0.584764342792159,0.810091983403405,11,"wilcoxon_p_val"
"410","archetype_3","EPITHELIAL TUBE MORPHOGENESIS",4.08127450190022e-05,0.569746035201272,0.472632506665656,0.251770588993079,11,"wilcoxon_p_val"
"411","archetype_3","ANTIMICROBIAL HUMORAL RESPONSE",4.16282528664626e-05,0.896863365531587,0.787376325554704,0.984670134536381,11,"wilcoxon_p_val"
"412","archetype_3","REGULATION OF INTRACELLULAR SIGNAL TRANSDUCTION",5.69637170238758e-05,0.847998691887648,0.930817105356275,1.09871418000689,11,"wilcoxon_p_val"
"413","archetype_3","GERM CELL DEVELOPMENT",5.92184281457921e-05,0.50886964543674,0.514678172743602,0.818408003463934,11,"wilcoxon_p_val"
"414","archetype_3","CELL MIGRATION",5.92184281457921e-05,0.539690083567998,0.517102453940444,0.434607053966197,11,"wilcoxon_p_val"
"415","archetype_3","INTRACELLULAR PROTEIN TRANSPORT",6.15571047581761e-05,2.1916381852769,1.64209409935261,2.2878951026925,11,"wilcoxon_p_val"
"416","archetype_3","PURINE NUCLEOTIDE METABOLIC PROCESS",7.18110230132625e-05,0.264735411290966,0.30129823761883,0.598709844362254,11,"wilcoxon_p_val"
"417","archetype_3","LYMPHOCYTE ACTIVATION",7.3200384099933e-05,0.317505344465914,0.348100739132879,0.676818634754482,11,"wilcoxon_p_val"
"418","archetype_3","DNA REPAIR",8.68950680530304e-05,0.557825609762,0.489133618681345,0.564529098911371,11,"wilcoxon_p_val"
"419","archetype_3","MAINTENANCE OF LOCATION IN CELL",0.000154805453688791,0.730039885857448,0.50721339189911,0.859727169942879,11,"wilcoxon_p_val"
"420","archetype_3","CELL JUNCTION ORGANIZATION",0.000160568501069479,0.481232965432712,0.5385171250331,0.662649000241541,11,"wilcoxon_p_val"
"421","archetype_3","REGULATION OF MRNA METABOLIC PROCESS",0.000189075618216426,1.38860945448365,1.07089576539405,1.44625891484713,11,"wilcoxon_p_val"
"422","archetype_3","PROTEIN HOMOOLIGOMERIZATION",0.00019958475689851,0.532433174671303,0.477279433299978,0.349168703736929,11,"wilcoxon_p_val"
"423","archetype_3","MONOSACCHARIDE METABOLIC PROCESS",0.000203207384597293,0.385301582365605,0.359353226355124,0.74759117307908,11,"wilcoxon_p_val"
"424","archetype_3","HEXOSE METABOLIC PROCESS",0.000203207384597293,0.385301582365461,0.359353226355222,0.747591173078932,11,"wilcoxon_p_val"
"425","archetype_3","GLUCOSE METABOLIC PROCESS",0.000265468053338925,0.304762683797719,0.340588301212314,0.386360971752123,11,"wilcoxon_p_val"
"426","archetype_3","RESPONSE TO METAL ION",0.000270194539810957,0.349373156858205,0.309307512310469,0.671765263516817,11,"wilcoxon_p_val"
"427","archetype_3","ANATOMICAL STRUCTURE FORMATION INVOLVED IN MORPHOGENESIS",0.000274999334366489,0.900046972978194,0.752779849398712,0.968308850038315,11,"wilcoxon_p_val"
"428","archetype_3","NEGATIVE REGULATION OF CATABOLIC PROCESS",0.000300240046255022,0.475149590151016,0.684129859923815,0.738663008747883,11,"wilcoxon_p_val"
"429","archetype_3","POSITIVE REGULATION OF CYTOKINE PRODUCTION",0.000310927292512518,0.455820771119555,0.495829996087215,0.785390552624565,11,"wilcoxon_p_val"
"430","archetype_3","REGULATION OF CYTOKINE MEDIATED SIGNALING PATHWAY",0.000310927292512518,0.297405565991861,0.338055871792784,0.253599236516404,11,"wilcoxon_p_val"
"431","archetype_3","REGULATION OF RESPONSE TO CYTOKINE STIMULUS",0.000310927292512518,0.297405565989834,0.338055871791958,0.253599236515055,11,"wilcoxon_p_val"
"432","archetype_3","NEGATIVE REGULATION OF BIOLOGICAL PROCESS",0.000389490426838686,0.743047242146315,0.592980251868548,0.243881384826925,11,"wilcoxon_p_val"
"433","archetype_3","METABOLIC PROCESS",0.00048615988957994,0.377502298661367,0.460801445415458,0.752905470307353,11,"wilcoxon_p_val"
"434","archetype_3","REGULATION OF RESPONSE TO EXTERNAL STIMULUS",0.00048615988957994,0.284936126193838,0.339171491436098,0.386210061763416,11,"wilcoxon_p_val"
"435","archetype_3","MUSCLE CELL DEVELOPMENT",0.000494448541625391,0.790206859677644,0.629325464263307,0.646901821729919,11,"wilcoxon_p_val"
"436","archetype_3","REGULATION OF RNA METABOLIC PROCESS",0.00051141974217,0.979010279804193,0.925648153524215,1.07463225083779,11,"wilcoxon_p_val"
"437","archetype_3","POSITIVE REGULATION OF APOPTOTIC PROCESS",0.000565621936225617,0.303014590544215,0.377720665351955,0.127049129793259,11,"wilcoxon_p_val"
"438","archetype_3","POSITIVE REGULATION OF PROGRAMMED CELL DEATH",0.000565621936225617,0.303014590544215,0.377720665351955,0.127049129793259,11,"wilcoxon_p_val"
"439","archetype_3","PEPTIDYL SERINE PHOSPHORYLATION",0.000584838191603815,0.432487552986978,0.361791455586292,0.436176654992851,11,"wilcoxon_p_val"
"440","archetype_3","PEPTIDYL SERINE MODIFICATION",0.000584838191603815,0.432487552986989,0.361791455586288,0.436176654992839,11,"wilcoxon_p_val"
"441","archetype_3","HUMORAL IMMUNE RESPONSE",0.000604656192838145,0.345863470669023,0.291746234697425,0.112041910347111,11,"wilcoxon_p_val"
"442","archetype_3","AMEBOIDAL TYPE CELL MIGRATION",0.000679007162123418,0.235890654241956,0.221680209521729,0.272556826123577,11,"wilcoxon_p_val"
"443","archetype_3","CELL DEVELOPMENT",0.00073718250482754,0.613907768182671,0.470046609479518,0.499008083095421,11,"wilcoxon_p_val"
"444","archetype_3","ORGANIC ACID TRANSMEMBRANE TRANSPORT",0.00073718250482754,0.406077533019869,0.495034710829583,0.496766858734943,11,"wilcoxon_p_val"
"445","archetype_3","CARBOXYLIC ACID TRANSMEMBRANE TRANSPORT",0.00073718250482754,0.406077533019869,0.495034710829583,0.496766858734943,11,"wilcoxon_p_val"
"446","archetype_3","CHEMOTAXIS",0.000826363979001437,0.308104390983921,0.305015196575252,0.72702626228056,11,"wilcoxon_p_val"
"447","archetype_3","TAXIS",0.000826363979001437,0.308104390984154,0.305015196575094,0.727026262280274,11,"wilcoxon_p_val"
"448","archetype_3","REGULATION OF ION TRANSPORT",0.000853609841666796,0.473295691076992,0.50552883220791,0.00547108824663215,11,"wilcoxon_p_val"
"449","archetype_3","CELLULAR RESPONSE TO ORGANIC SUBSTANCE",0.000955607456344817,0.364397570706092,0.330351739622046,0.485759915544664,11,"wilcoxon_p_val"
"450","archetype_3","PURINE CONTAINING COMPOUND METABOLIC PROCESS",0.000986740682531658,0.284426328119547,0.308488479439108,0.524954727476957,11,"wilcoxon_p_val"
"451","archetype_3","REGULATION OF PROTEOLYSIS",0.00101880251011038,0.437883509861035,0.374089128068293,0.0105361593554946,11,"wilcoxon_p_val"
"452","archetype_3","PROTEIN COMPLEX OLIGOMERIZATION",0.00103518935208683,0.446121702676081,0.409734657982412,0.282613396587091,11,"wilcoxon_p_val"
"453","archetype_3","VESICLE MEDIATED TRANSPORT",0.00110318330490575,1.06430175184103,0.862020597857552,1.0504672569504,11,"wilcoxon_p_val"
"454","archetype_3","PROTEASOME MEDIATED UBIQUITIN DEPENDENT PROTEIN CATABOLIC PROCESS",0.00119392562422129,0.621316162885715,0.425294461512554,0.428877168101278,11,"wilcoxon_p_val"
"455","archetype_3","NEGATIVE REGULATION OF MACROMOLECULE BIOSYNTHETIC PROCESS",0.00121287442198455,0.308663954101762,0.294980612841823,0.201309822173179,11,"wilcoxon_p_val"
"456","archetype_3","PROTEIN METABOLIC PROCESS",0.00125160019764605,0.469360977004415,0.436928321970643,0.419056276606169,11,"wilcoxon_p_val"
"457","archetype_3","DEVELOPMENTAL PROCESS",0.00129145405789485,0.457099511276028,0.482038827778818,0.575060141765825,11,"wilcoxon_p_val"
"458","archetype_3","NEGATIVE REGULATION OF CELLULAR PROCESS",0.00133246516355341,0.84818322006414,0.70785119255859,0.562466588725029,11,"wilcoxon_p_val"
"459","archetype_3","MULTI MULTICELLULAR ORGANISM PROCESS",0.00144025300097442,0.576015074317793,0.452801108835095,0.876307737804387,11,"wilcoxon_p_val"
"460","archetype_3","BIOLOGICAL PROCESS",0.00148555336589696,0.136829971697805,0.124815793437499,0.589289514060493,11,"wilcoxon_p_val"
"461","archetype_3","REGULATION OF PEPTIDYL SERINE PHOSPHORYLATION",0.00160454824834753,0.390232995430854,0.286748336759454,0.0117018511568697,11,"wilcoxon_p_val"
"462","archetype_3","NUCLEOBASE CONTAINING COMPOUND CATABOLIC PROCESS",0.00170592841120926,0.1606733922352,0.190381223934749,0.353903399021411,11,"wilcoxon_p_val"
"463","archetype_3","CELLULAR NITROGEN COMPOUND CATABOLIC PROCESS",0.00170592841120926,0.1606733922352,0.190381223934749,0.353903399021411,11,"wilcoxon_p_val"
"464","archetype_3","HOMEOSTASIS OF NUMBER OF CELLS",0.00173216834760477,0.46717482664182,0.302470283546611,0.188862499395912,11,"wilcoxon_p_val"
"465","archetype_3","MITOTIC CELL CYCLE",0.00184084190606243,0.742828832261981,0.822985313503145,0.864939641666049,11,"wilcoxon_p_val"
"466","archetype_3","POSITIVE REGULATION OF RESPONSE TO STIMULUS",0.00184084190606243,0.510874784178011,0.436339888299399,0.797677869291584,11,"wilcoxon_p_val"
"467","archetype_3","NEGATIVE REGULATION OF TRANSCRIPTION BY RNA POLYMERASE II",0.00186896169663137,0.394578103144088,0.523227418677416,0.737391537315337,11,"wilcoxon_p_val"
"468","archetype_3","CYTOKINE MEDIATED SIGNALING PATHWAY",0.00186896169663137,0.682842549491444,0.466361085835311,0.703565648442794,11,"wilcoxon_p_val"
"469","archetype_3","MOVEMENT OF CELL OR SUBCELLULAR COMPONENT",0.00210836198197121,0.267881531307923,0.283512096425384,0.194943943114113,11,"wilcoxon_p_val"
"470","archetype_3","SPERMATOGENESIS",0.00210836198197121,0.946577683905581,0.682302174904172,1.5737155885339,11,"wilcoxon_p_val"
"471","archetype_3","MALE GAMETE GENERATION",0.00210836198197121,0.946577683905456,0.682302174904111,1.57371558853367,11,"wilcoxon_p_val"
"472","archetype_3","ORGANIC HYDROXY COMPOUND BIOSYNTHETIC PROCESS",0.00214016612362955,0.26905847434963,0.51634461129368,0.394538196195658,11,"wilcoxon_p_val"
"473","archetype_3","PROTEIN CONTAINING COMPLEX ASSEMBLY",0.00217240470981254,0.221376828639208,0.261126743362891,0.262702473058117,11,"wilcoxon_p_val"
"474","archetype_3","REGULATION OF ORGANELLE ORGANIZATION",0.00234029800673952,0.598614678392098,0.440846389524527,0.483987576317592,11,"wilcoxon_p_val"
"475","archetype_3","CELLULAR COMPONENT BIOGENESIS",0.00259509790605996,0.289637893552566,0.350737383900336,0.0010724596570567,11,"wilcoxon_p_val"
"476","archetype_3","NEGATIVE REGULATION OF CELLULAR MACROMOLECULE BIOSYNTHETIC PROCESS",0.00259509790605996,0.168066909711305,0.281113836082903,0.444205013462544,11,"wilcoxon_p_val"
"477","archetype_3","REGULATION OF CELLULAR RESPONSE TO GROWTH FACTOR STIMULUS",0.00263347610233774,0.372482280998148,0.28985741702141,-0.075433954485993,11,"wilcoxon_p_val"
"478","archetype_3","SECRETION BY CELL",0.00267236626178901,0.223273308843323,0.191208217629456,0.441843940802374,11,"wilcoxon_p_val"
"479","archetype_3","LIPID TRANSPORT",0.00271177432507096,0.256493217423181,0.356121804705737,0.47988553301829,11,"wilcoxon_p_val"
"480","archetype_3","EXTRINSIC APOPTOTIC SIGNALING PATHWAY",0.00271177432507096,0.511142355658501,0.461944137546576,0.655838047208071,11,"wilcoxon_p_val"
"481","archetype_3","NEGATIVE REGULATION OF MOLECULAR FUNCTION",0.00283316618035599,0.676619000130011,0.468897376071766,0.42244457116347,11,"wilcoxon_p_val"
"482","archetype_3","NEGATIVE REGULATION OF CELL CYCLE",0.00283316618035599,2.96779801796838,2.12547285762043,1.40792067402598,11,"wilcoxon_p_val"
"483","archetype_3","POSITIVE REGULATION OF SECRETION",0.00287470638235921,0.304974211123981,0.243692281122796,0.353241952694361,11,"wilcoxon_p_val"
"484","archetype_3","POSITIVE REGULATION OF SECRETION BY CELL",0.00287470638235921,0.304974211123981,0.243692281122796,0.353241952694361,11,"wilcoxon_p_val"
"485","archetype_3","REGULATION OF NUCLEOBASE CONTAINING COMPOUND METABOLIC PROCESS",0.00313568678731234,0.575777950878316,0.881606019896152,1.34300014691861,11,"wilcoxon_p_val"
"486","archetype_3","REGULATION OF BINDING",0.00322730685812344,0.440998193547462,0.337732307714992,0.131854757468654,11,"wilcoxon_p_val"
"487","archetype_3","POSITIVE REGULATION OF CELLULAR COMPONENT BIOGENESIS",0.00327401401576857,0.363003717582773,0.290116548302435,0.737590461464176,11,"wilcoxon_p_val"
"488","archetype_3","ORGANIC ANION TRANSPORT",0.00332132823337752,0.793553568240481,0.844635305387881,0.943285580911848,11,"wilcoxon_p_val"
"489","archetype_3","CENTRAL NERVOUS SYSTEM DEVELOPMENT",0.00336925631991342,0.737792134734983,0.56989595565987,0.795833707678051,11,"wilcoxon_p_val"
"490","archetype_3","NEGATIVE REGULATION OF PROTEIN METABOLIC PROCESS",0.00346698163828013,0.244371544106059,0.227607695797028,0.236099401303014,11,"wilcoxon_p_val"
"491","archetype_3","ANIMAL ORGAN MORPHOGENESIS",0.00399483707904879,0.381356223686157,0.455093116069873,0.762160189441355,11,"wilcoxon_p_val"
"492","archetype_3","POSITIVE REGULATION OF DEVELOPMENTAL PROCESS",0.0041086646413281,0.389703219522884,0.473903578967119,1.43475141645024,11,"wilcoxon_p_val"
"493","archetype_3","POSITIVE REGULATION OF TRANSCRIPTION  DNA TEMPLATED",0.0044677622583019,0.190374319239884,0.210066468357868,0.339594128370442,11,"wilcoxon_p_val"
"494","archetype_3","POSITIVE REGULATION OF RNA BIOSYNTHETIC PROCESS",0.0044677622583019,0.190374319239884,0.210066468357868,0.339594128370442,11,"wilcoxon_p_val"
"495","archetype_3","POSITIVE REGULATION OF NUCLEIC ACID TEMPLATED TRANSCRIPTION",0.0044677622583019,0.190374319239884,0.210066468357868,0.339594128370442,11,"wilcoxon_p_val"
"496","archetype_3","REGULATION OF TRANSFERASE ACTIVITY",0.0045935458480976,0.239607643674033,0.252629175618251,0.0110061563671009,11,"wilcoxon_p_val"
"497","archetype_3","REGULATION OF APOPTOTIC SIGNALING PATHWAY",0.00478815066079064,0.353728850448272,0.422483642027335,0.599301644373482,11,"wilcoxon_p_val"
"498","archetype_3","CELL PROJECTION ORGANIZATION",0.00499007307438373,0.226159682383054,0.261299282850395,0.0158453401038062,11,"wilcoxon_p_val"
"499","archetype_3","REGULATION OF ACTIN FILAMENT ORGANIZATION",0.00505904672695225,0.220066021871461,0.186317335411505,0.0346835466962854,11,"wilcoxon_p_val"
"500","archetype_3","GLIAL CELL DIFFERENTIATION",0.00603611899654655,0.419259398664794,0.372123189399477,0.974831807645977,11,"wilcoxon_p_val"
"501","archetype_3","ESTABLISHMENT OF LOCALIZATION IN CELL",0.00603611899654655,0.127238840582074,0.351892333341307,0.52124559554008,11,"wilcoxon_p_val"
"502","archetype_3","MAINTENANCE OF LOCATION",0.00628406738666924,0.619230309253095,0.415506205819465,0.725849687691142,11,"wilcoxon_p_val"
"503","archetype_3","REGULATION OF KINASE ACTIVITY",0.00654099127883822,0.24545710542456,0.275281993618856,-0.0718034360488457,11,"wilcoxon_p_val"
"504","archetype_3","HEART DEVELOPMENT",0.00689798737701305,0.263949926426484,0.216219362017017,0.126051034880048,11,"wilcoxon_p_val"
"505","archetype_3","CELLULAR PROTEIN LOCALIZATION",0.00727208060853636,0.972271854641971,0.501868438864155,0.713813154173642,11,"wilcoxon_p_val"
"506","archetype_3","CELLULAR MACROMOLECULE LOCALIZATION",0.00727208060853636,0.972271854641971,0.501868438864155,0.713813154173642,11,"wilcoxon_p_val"
"507","archetype_3","POSITIVE REGULATION OF ORGANELLE ORGANIZATION",0.00736835430452255,0.413535834558936,0.362880919657953,0.863136534683763,11,"wilcoxon_p_val"
"508","archetype_3","REGULATION OF MAPK CASCADE",0.00766394833723755,0.190769325956716,0.201419304579355,0.147480266459092,11,"wilcoxon_p_val"
"509","archetype_3","LIPID LOCALIZATION",0.00796993186525792,0.214854891840554,0.246468306879219,0.203127446281995,11,"wilcoxon_p_val"
"510","archetype_3","NEURON PROJECTION DEVELOPMENT",0.00839459225048895,0.360488877881748,0.294458076741108,0.259922548563318,11,"wilcoxon_p_val"
"511","archetype_3","IMMUNE EFFECTOR PROCESS",0.0088389885005747,0.366131781850825,0.320591392353034,0.185048341476518,11,"wilcoxon_p_val"
"512","archetype_3","SYNAPSE ORGANIZATION",0.0088389885005747,0.316398200948822,0.317918967083178,0.160610159092242,11,"wilcoxon_p_val"
"513","archetype_3","POSITIVE REGULATION OF CELL DIFFERENTIATION",0.00918568743848531,0.506848187689502,0.32913414406912,1.21913452428327,11,"wilcoxon_p_val"
"514","archetype_3","REGULATION OF RESPONSE TO BIOTIC STIMULUS",0.00966643640878294,0.18742365660267,0.197064826792629,0.129943527706818,11,"wilcoxon_p_val"
"515","archetype_3","ALCOHOL METABOLIC PROCESS",0.00966643640878294,0.349885802287204,0.372432830717099,0.167514291328012,11,"wilcoxon_p_val"
"516","archetype_3","CATION TRANSPORT",0.00966643640878294,0.211585930286026,0.685159482460185,-0.100441916058636,11,"wilcoxon_p_val"
"517","archetype_3","CELL POPULATION PROLIFERATION",0.0101690288885706,0.443893894310994,0.38883941245822,0.444263210166052,11,"wilcoxon_p_val"
"518","archetype_3","REGULATION OF MICROTUBULE BASED PROCESS",0.010298183719236,0.295114442334024,0.195246463688038,0.285688729906455,11,"wilcoxon_p_val"
"519","archetype_3","ADULT BEHAVIOR",0.010560790316149,0.609255258809223,0.43646302805396,0.522955561841878,11,"wilcoxon_p_val"
"520","archetype_3","PURINE RIBONUCLEOTIDE METABOLIC PROCESS",0.0108292119512071,0.341673494754503,0.259528634567402,0.364595085463286,11,"wilcoxon_p_val"
"521","archetype_3","RIBONUCLEOTIDE METABOLIC PROCESS",0.0108292119512071,0.341673494754549,0.259528634567425,0.364595085463288,11,"wilcoxon_p_val"
"522","archetype_3","RIBOSE PHOSPHATE METABOLIC PROCESS",0.0108292119512071,0.341673494754491,0.259528634567409,0.364595085463255,11,"wilcoxon_p_val"
"523","archetype_3","ACTIN FILAMENT ORGANIZATION",0.0111035526366183,0.16608321721118,0.226577824418546,0.214261574146952,11,"wilcoxon_p_val"
"524","archetype_3","GLIOGENESIS",0.0111035526366183,0.145772777006049,0.399387430407905,1.58294561292783,11,"wilcoxon_p_val"
"525","archetype_3","REGULATION OF MUSCLE SYSTEM PROCESS",0.0111035526366183,0.330455367273653,0.328338780389326,0.260141163477015,11,"wilcoxon_p_val"
"526","archetype_3","PROTEIN LOCALIZATION",0.0113839175983863,0.302733199591835,0.320327567605265,0.863563832913398,11,"wilcoxon_p_val"
"527","archetype_3","POSITIVE REGULATION OF CELLULAR METABOLIC PROCESS",0.0113839175983863,0.330359954391167,0.278234649454403,0.296285634942984,11,"wilcoxon_p_val"
"528","archetype_3","TRANSMEMBRANE TRANSPORT",0.0116704132742263,0.130258308472848,0.487194534157918,0.322941470672444,11,"wilcoxon_p_val"
"529","archetype_3","BRAIN DEVELOPMENT",0.0118159937224143,0.27088295747251,0.224177723490888,-0.156838118807077,11,"wilcoxon_p_val"
"530","archetype_3","HEAD DEVELOPMENT",0.0118159937224143,0.2708829574724,0.224177723490871,-0.156838118807199,11,"wilcoxon_p_val"
"531","archetype_3","REGULATION OF CELLULAR METABOLIC PROCESS",0.0125677670815277,0.45152268820882,0.383161215341403,0.0838540356553802,11,"wilcoxon_p_val"
"532","archetype_3","REGULATION OF CELL ADHESION",0.0131986621383075,0.305952055829102,0.297458540769483,0.143959298074238,11,"wilcoxon_p_val"
"533","archetype_3","REGULATION OF PROTEIN METABOLIC PROCESS",0.0131986621383075,0.565475922356095,0.384973861290359,0.587392089020483,11,"wilcoxon_p_val"
"534","archetype_3","MEMBRANE ORGANIZATION",0.0133605969742635,0.421144150871868,0.332675866855497,0.413230177801147,11,"wilcoxon_p_val"
"535","archetype_3","REGULATION OF CYTOKINE PRODUCTION",0.0135242447590585,0.234710935169098,0.24582955563539,0.328603413878817,11,"wilcoxon_p_val"
"536","archetype_3","DEFENSE RESPONSE",0.0138567368060034,0.221947607608735,0.337568425431753,0.0992983377195801,11,"wilcoxon_p_val"
"537","archetype_3","POSITIVE REGULATION OF CELL DEATH",0.0141962542750374,0.152815299941441,0.288587096507091,-0.132746886932791,11,"wilcoxon_p_val"
"538","archetype_3","CELLULAR HOMEOSTASIS",0.0141962542750374,0.395254942769264,0.330884719322946,0.441035885660213,11,"wilcoxon_p_val"
"539","archetype_3","ORGANIC SUBSTANCE BIOSYNTHETIC PROCESS",0.014368684111643,0.12488669931054,0.219239132316751,0.598297390347363,11,"wilcoxon_p_val"
"540","archetype_3","REGULATION OF NEURON APOPTOTIC PROCESS",0.0147189597632333,0.20192006886253,0.192935843058016,0.0645012388580081,11,"wilcoxon_p_val"
"541","archetype_3","NEURON APOPTOTIC PROCESS",0.0147189597632333,0.20192006886253,0.192935843058016,0.0645012388580081,11,"wilcoxon_p_val"
"542","archetype_3","CELLULAR NITROGEN COMPOUND BIOSYNTHETIC PROCESS",0.0152581366770276,0.277823395343838,0.364720715233444,0.762329253638264,11,"wilcoxon_p_val"
"543","archetype_3","REGULATION OF LOCOMOTION",0.016582563931593,0.225027349792725,0.132489545564615,0.402726366312422,11,"wilcoxon_p_val"
"544","archetype_3","EMBRYONIC ORGAN DEVELOPMENT",0.016582563931593,0.486900445628726,0.411046345459567,1.32679163606913,11,"wilcoxon_p_val"
"545","archetype_3","REGULATION OF CELLULAR COMPONENT MOVEMENT",0.016582563931593,0.225027349792725,0.132489545564615,0.402726366312422,11,"wilcoxon_p_val"
"546","archetype_3","REGULATION OF CELL MOTILITY",0.016582563931593,0.225027349792725,0.132489545564615,0.402726366312422,11,"wilcoxon_p_val"
"547","archetype_3","INNATE IMMUNE RESPONSE",0.0175877675187735,0.134865072591997,0.464825001768157,0.431982123220431,11,"wilcoxon_p_val"
"548","archetype_3","REGULATION OF TRANSCRIPTION BY RNA POLYMERASE II",0.0177949308416601,0.398380798636593,0.239953066082084,0.190526806812647,11,"wilcoxon_p_val"
"549","archetype_3","HEMOPOIESIS",0.0180041722377809,0.300622798682949,0.269967447495557,0.331086080172474,11,"wilcoxon_p_val"
"550","archetype_3","CELLULAR RESPONSE TO DNA DAMAGE STIMULUS",0.0184289536291233,0.194954226321606,0.225141937854573,0.185160701725108,11,"wilcoxon_p_val"
"551","archetype_3","SUPRAMOLECULAR FIBER ORGANIZATION",0.0184289536291233,0.326261367418442,0.254691669350746,0.379136200201466,11,"wilcoxon_p_val"
"552","archetype_3","REGULATION OF CELLULAR COMPONENT SIZE",0.0199835325910744,0.238148635762957,0.234293279537526,0.286036579341372,11,"wilcoxon_p_val"
"553","archetype_3","LEUKOCYTE PROLIFERATION",0.0206830763556787,0.158666994010991,0.163283408559895,0.0513677763663132,11,"wilcoxon_p_val"
"554","archetype_3","POSITIVE REGULATION OF HYDROLASE ACTIVITY",0.0216479704034285,0.205640845294083,0.213451745387526,0.264480773467771,11,"wilcoxon_p_val"
"555","archetype_3","SENSORY PERCEPTION",0.0221445096573624,0.219255101876457,0.467343372054867,0.853112097704313,11,"wilcoxon_p_val"
"556","archetype_3","COVALENT CHROMATIN MODIFICATION",0.0221445096573624,0.283922685874361,0.336354669496218,0.231090845957759,11,"wilcoxon_p_val"
"557","archetype_3","REGULATION OF PROTEIN SERINE THREONINE KINASE ACTIVITY",0.0221445096573624,0.195489107473966,0.186928558800166,-0.301637751058902,11,"wilcoxon_p_val"
"558","archetype_3","DEVELOPMENTAL GROWTH",0.0223963622563231,0.507260501223121,0.35072558466651,0.803704261857845,11,"wilcoxon_p_val"
"559","archetype_3","RAS PROTEIN SIGNAL TRANSDUCTION",0.0231664590671254,0.253505997149318,0.255804572409208,0.354749994549501,11,"wilcoxon_p_val"
"560","archetype_3","REGULATION OF HORMONE LEVELS",0.0239587294766034,0.242437558041834,0.276957586376643,0.0888871172672364,11,"wilcoxon_p_val"
"561","archetype_3","AROMATIC COMPOUND CATABOLIC PROCESS",0.0250504004311577,0.201270858025658,0.190870009582312,0.179677975824333,11,"wilcoxon_p_val"
"562","archetype_3","HETEROCYCLE CATABOLIC PROCESS",0.0250504004311577,0.201270858025658,0.190870009582312,0.179677975824333,11,"wilcoxon_p_val"
"563","archetype_3","METAL ION HOMEOSTASIS",0.0253297414272077,0.169421361293702,0.150631410553975,0.345663267415953,11,"wilcoxon_p_val"
"564","archetype_3","CATION HOMEOSTASIS",0.0253297414272077,0.169421361293702,0.150631410553975,0.345663267415953,11,"wilcoxon_p_val"
"565","archetype_3","SKELETAL SYSTEM DEVELOPMENT",0.0256116872997707,0.323089406104361,0.243327707738889,0.029713927530002,11,"wilcoxon_p_val"
"566","archetype_3","HISTONE MODIFICATION",0.0256116872997707,0.375266119928189,0.336291678784669,0.145157860121564,11,"wilcoxon_p_val"
"567","archetype_3","ORGANIC CYCLIC COMPOUND CATABOLIC PROCESS",0.0258962559206698,0.180159142935749,0.208816321327504,0.322558580304665,11,"wilcoxon_p_val"
"568","archetype_3","EPITHELIAL CELL DIFFERENTIATION",0.0270611169660346,0.165260256453543,0.314945397043783,-0.0256863163132945,11,"wilcoxon_p_val"
"569","archetype_3","CYTOSOLIC CALCIUM ION TRANSPORT",0.0273590690368561,0.159301322914592,0.167927874098118,0.425810928267571,11,"wilcoxon_p_val"
"570","archetype_3","CALCIUM ION TRANSPORT INTO CYTOSOL",0.0273590690368561,0.159301322914592,0.167927874098118,0.425810928267571,11,"wilcoxon_p_val"
"571","archetype_3","CALCIUM ION TRANSMEMBRANE IMPORT INTO CYTOSOL",0.0273590690368561,0.159301322914592,0.167927874098118,0.425810928267571,11,"wilcoxon_p_val"
"572","archetype_3","NEGATIVE REGULATION OF ION TRANSPORT",0.028578368861991,0.214938957092902,0.308096118803331,0.352082027596957,11,"wilcoxon_p_val"
"573","archetype_3","CIRCULATORY SYSTEM DEVELOPMENT",0.028578368861991,0.287156864557373,0.252578102652704,0.170206571902398,11,"wilcoxon_p_val"
"574","archetype_3","MUSCLE TISSUE DEVELOPMENT",0.0292047693195177,0.167284396491465,0.140290068086195,-0.0991554735035924,11,"wilcoxon_p_val"
"575","archetype_3","CELL COMMUNICATION",0.0298425325155541,0.172700328752449,0.30614724346094,0.208001336898069,11,"wilcoxon_p_val"
"576","archetype_3","REGULATION OF NEURON DEATH",0.0298425325155541,0.122016806953622,0.130277692104543,0.180671181343325,11,"wilcoxon_p_val"
"577","archetype_3","POSITIVE REGULATION OF COLD INDUCED THERMOGENESIS",0.0304918059843428,0.269267945115434,0.271646842922292,0.379280169140897,11,"wilcoxon_p_val"
"578","archetype_3","PEPTIDYL LYSINE MODIFICATION",0.0311527378271477,0.415822042086805,0.487603396485294,0.238679141093808,11,"wilcoxon_p_val"
"579","archetype_3","POSITIVE REGULATION OF MULTICELLULAR ORGANISMAL PROCESS",0.03148762206807,0.156437305825021,0.377604438001409,0.691421443456416,11,"wilcoxon_p_val"
"580","archetype_3","ORGANIC CYCLIC COMPOUND METABOLIC PROCESS",0.03148762206807,0.211182096247858,0.183959863913068,0.0467970532489999,11,"wilcoxon_p_val"
"581","archetype_3","ORGANIC SUBSTANCE CATABOLIC PROCESS",0.03148762206807,0.445073119746191,0.327958236224257,0.588334331963115,11,"wilcoxon_p_val"
"582","archetype_3","ORGANELLE ORGANIZATION",0.0321663203275341,0.128329156659409,0.272051093511442,0.304848720654165,11,"wilcoxon_p_val"
"583","archetype_3","POSITIVE REGULATION OF CELL ADHESION",0.0346374920152545,0.195561210586106,0.411637295793453,0.434003855134743,11,"wilcoxon_p_val"
"584","archetype_3","DENDRITE DEVELOPMENT",0.0361182404694748,0.119147485810138,0.177974599200731,0.110150093142804,11,"wilcoxon_p_val"
"585","archetype_3","SULFUR COMPOUND METABOLIC PROCESS",0.0376504284468051,0.302927929583541,0.208786324723364,-0.176051656238977,11,"wilcoxon_p_val"
"586","archetype_3","NITROGEN COMPOUND TRANSPORT",0.0376504284468051,0.617542823106948,0.558824098027197,0.971495281280864,11,"wilcoxon_p_val"
"587","archetype_3","POSITIVE REGULATION OF CELL DEVELOPMENT",0.0388340573246222,0.116497839677905,0.116378150458769,0.0166594267904082,11,"wilcoxon_p_val"
"588","archetype_3","POLYOL METABOLIC PROCESS",0.0392352708430673,0.306466903314069,0.259758658111047,0.115570951501911,11,"wilcoxon_p_val"
"589","archetype_3","CELL CELL ADHESION",0.0392352708430673,0.120635060168937,0.14064976910847,0.391461602223483,11,"wilcoxon_p_val"
"590","archetype_3","PROTEIN POLYMERIZATION",0.0412922248507098,0.108775426238219,0.107080292026731,0.138044596197423,11,"wilcoxon_p_val"
"591","archetype_3","G PROTEIN COUPLED RECEPTOR SIGNALING PATHWAY",0.0429999957054006,0.431961893229167,0.745416210781791,1.06393843095211,11,"wilcoxon_p_val"
"592","archetype_3","REGULATION OF ENDOCYTOSIS",0.0434357372873264,0.43540164225897,0.242783559866332,0.604730178971755,11,"wilcoxon_p_val"
"593","archetype_3","REGULATION OF LEUKOCYTE ACTIVATION",0.0438750365480591,0.0743093261118314,0.132879177204301,0.228694831567695,11,"wilcoxon_p_val"
"594","archetype_3","REGULATION OF CELL ACTIVATION",0.0438750365480591,0.0743093261101504,0.132879177204657,0.228694831568749,11,"wilcoxon_p_val"
"595","archetype_3","REGULATION OF GENE EXPRESSION",0.0447643843291397,0.503784994686308,0.390535826735526,0.650672183765129,11,"wilcoxon_p_val"
"596","archetype_3","SIGNAL RELEASE",0.0447643843291397,0.166084753709965,0.191497827675061,0.0181248081778334,11,"wilcoxon_p_val"
"597","archetype_3","DNA REPLICATION",0.0461255647786625,0.16967375739417,0.277680297255189,0.539823662686152,11,"wilcoxon_p_val"
"598","archetype_3","NERVOUS SYSTEM PROCESS",0.0465866100328905,0.345828468935259,0.405615565469913,0.590112470586429,11,"wilcoxon_p_val"
"599","archetype_3","POSITIVE REGULATION OF SUPRAMOLECULAR FIBER ORGANIZATION",0.0465866100328905,0.0970553687239647,0.150849907431815,0.290081524123686,11,"wilcoxon_p_val"
"600","archetype_3","LOCOMOTORY BEHAVIOR",0.0484678896748664,0.290737985397387,0.171785945102328,0.655872949592943,11,"wilcoxon_p_val"
"601","archetype_3","REGULATION OF TRANSMEMBRANE TRANSPORT",0.0484678896748664,0.275397557346694,0.215403798890068,-0.302143906677833,11,"wilcoxon_p_val"
"602","archetype_3","REGULATION OF ION TRANSMEMBRANE TRANSPORT",0.0484678896748664,0.275397557346694,0.215403798890068,-0.302143906677833,11,"wilcoxon_p_val"
"603","archetype_3","UBIQUITIN DEPENDENT PROTEIN CATABOLIC PROCESS",0.0489475790158529,0.229757545147277,0.172010737522031,0.0452768205226216,11,"wilcoxon_p_val"
"604","archetype_3","MODIFICATION DEPENDENT PROTEIN CATABOLIC PROCESS",0.0489475790158529,0.229757545147572,0.172010737522148,0.045276820522602,11,"wilcoxon_p_val"
"605","archetype_3","MODIFICATION DEPENDENT MACROMOLECULE CATABOLIC PROCESS",0.0489475790158529,0.229757545147572,0.172010737522148,0.045276820522602,11,"wilcoxon_p_val"
"606","archetype_3","HETEROCYCLE METABOLIC PROCESS",0.0489475790158529,0.24416749107307,0.217748057392217,0.27089886784401,11,"wilcoxon_p_val"
"607","archetype_3","REGULATION OF PROTEIN MODIFICATION BY SMALL PROTEIN CONJUGATION OR REMOVAL",0.0489475790158529,0.435683797605955,0.292106798305551,0.583381262238821,11,"wilcoxon_p_val"
"608","archetype_3","RESPONSE TO GROWTH FACTOR",0.0499183334272537,0.141060685674153,0.152625084713359,0.00819951082401376,11,"wilcoxon_p_val"
"609","archetype_3","CELLULAR RESPONSE TO GROWTH FACTOR STIMULUS",0.0499183334272537,0.141060685674153,0.152625084713359,0.00819951082401376,11,"wilcoxon_p_val"
