Malat1	0.2352323982502608
Bsg	0.24102958389886317
Rps3	0.2199196817995783
Cnbp	0.2684791620862677
Ctsl	0.24542244444132488
Hnrnpu	0.23223241398997532
Ybx3	0.23810383629274154
Psma2	0.2512453726708118
G3bp1	0.26185842691567485
Metap2	0.23208424239425024
Anxa2	0.31251159092472697
Kif5b	0.2296145801872606
Gspt1	0.21982761826057173
Srsf2	0.27776037528918135
Prpf40a	0.23940726896104955
Fam162a	0.2640295747297326
Cd9	0.22829591252865405
Iqgap1	0.22281983142006792
Tomm40	0.26589559639443083
Rbm25	0.23506338414748915
Lgals1	0.2702213651123237
S100a6	0.27672795970143993
Hnrnpa3	0.24564846609168323
Clic1	0.20117018295458078
Neat1	0.22232629202784288
Ppig	0.24282897652040478
Kras	0.25878085260615813
Idh2	0.34290137578993146
Mrpl20	0.3058575734036415
Prdx5	0.16693218726782055
Sparc	0.21599631752778017
Gnai2	0.19700698500828087
Rock2	0.20668210610483317
Timp2	0.21984113270426106
Ube2k	0.23940000714198603
Stmn1	0.27581357550361085
Cald1	0.2553680841562665
Serpinb6a	0.21587620032396684
Rpl29	0.2002095007058775
Psmd1	0.28418468773888916
Dnajc2	0.23177527028573008
Rtn4	0.22566416914397078
Nedd4	0.22345181477540324
Arl6ip1	0.34566167143288656
Anxa3	0.4032454825827831
Txnrd1	0.3399721430771006
S100a11	0.1764279643849084
Msn	0.2569056539138678
Lgals3	0.2854587711800608
Hras	0.2389443158503819
Snrpd1	0.26088124520404826
Actn1	0.2666739278976176
Syncrip	0.2804191137318661
Gclm	0.23105916937707036
Snu13	0.28153813616581375
Nsun2	0.2549347143636614
Myof	0.29275667133416616
Psme1	0.24079540644715083
Snx5	0.21008576034252505
Baz1a	0.250813740270147
Atp2b1	0.24951502708833842
Abce1	0.28085916744711803
Esd	0.33110908041628495
Smc4	0.48345874640998515
Pgd	0.2499365027478449
Ctsb	0.15721434891154973
Wdr43	0.25520927190368264
Smchd1	0.26251179420255893
Dhx15	0.27605121595802196
Bclaf1	0.22264938654839037
Reep5	0.10586519496280333
Tcerg1	0.2649852665567899
H2-K1	0.20732611841611348
Ipo5	0.2815419244607501
Atp1b3	0.24949690543817657
Tmpo	0.329078310809077
Rbpms	0.2645708905589776
Nop58	0.2607671523065097
Klf6	0.22504647586176166
Gsn	0.22588516835945863
Sh3glb1	0.19970359288276246
Cenpv	0.26774133859184684
Alcam	0.1902163317464509
Naa15	0.27596304615794887
Ppm1g	0.2701806382424163
Gsr	0.3031869367956215
Anxa1	0.23531298500121903
Pnrc1	0.18514673657268318
Chd1	0.24266096409899263
Nfix	0.3248186162594162
Klf13	0.2621111715396084
Tomm70a	0.27985316821446643
Nfe2l2	0.24157161535955832
Cd44	0.2573695876298121
Ezh2	0.32391276850379647
Smc2	0.3782277877680451
Hmgb2	0.3003775822709022
Rsu1	0.22422086993917767
Dnajc10	0.2186657097070331
Pcolce	0.2605225974042014
Pgk1	0.23217177950813186
Mtap	0.26540988929276405
Nfkbia	0.3188799955294347
Zfand6	0.1892375368935305
Ccdc88a	0.2123941679776065
Mki67	0.3196665565073358
Lrrfip2	0.23489821110556428
Sec11c	0.1437935228611291
Retreg1	0.23336449378406093
Cdk1	0.3560239903817322
Tcof1	0.297561883544676
Usp15	0.24063617385688554
Ifrd1	0.22523242886278708
Uck2	0.2193993835889016
Fam49b	0.22187195865619092
Tm4sf1	0.25426882158586767
Pop5	0.21727518273962212
Mxra7	0.25929276783125
Faf1	0.22093356015782592
Gclc	0.238531072478239
Dnttip2	0.21638207829750442
Gm26917	0.054315107148489854
Rabac1	0.24259428356144497
Lpp	0.29395765113410327
Msrb1	0.13111017834787758
Ckap5	0.2878779826315974
Tpd52	0.11501335050339088
Atp13a3	0.19315034608684575
Pfkp	0.2698674673518167
Mxi1	0.21845536750973377
Axl	0.3150086173467024
Top2a	0.49318462886319026
Osbpl9	0.2197174402768808
Mtrex	0.2603049522829647
Cdc42ep3	0.23998841068787274
P4ha1	0.25318733831499063
Fn1	0.16277571327467263
Celf2	0.15054359253858915
Ank	0.24861081349518366
Lhfp	0.4156389473700668
Cinp	0.28514577649031525
Pakap-1	0.4002187084629186
Glmp	0.1915914381284168
Gatad2a	0.23464839777951008
Utp18	0.2527062765170316
Tuba1c	0.2988297648912066
Prrx2	0.24781615139490026
Aig1	0.19025820169192476
Me1	0.3419091333697508
Eif4e	0.2883487302260783
Cyp51	0.22163775107836908
Cnn2	0.21605145104239154
Tpx2	0.35897254247731863
Cast	0.24288823849322494
Cdc34	0.2574496665829966
Phlda1	0.16614365959206676
Wwtr1	0.2987805319596331
Cenpf	0.3461407323772581
Nsd2	0.30525270506389474
Hells	0.33127414444026043
Pls3	0.29146354536131747
Hmgcs1	0.18523959552803057
Mindy2	0.24401938515244462
Atp1b1	0.21597196789629255
Riok3	0.22905353780486068
Smim14	0.2302762463549678
Vcl	0.2761459927624317
Nomo1	0.24746637935576532
Fat1	0.22875769918883512
Aars	0.2386330798729805
Oxr1	0.2080511500527888
Pmepa1	0.21858854255008356
Bnip3	0.2055552299018384
Ankrd12	0.2213114099639668
Sntb2	0.24573761629460916
Arhgap10	0.24777524196049275
Ccnb1	0.2332675402951811
Gadd45b	0.13464794611896833
Svil	0.1453778000542788
Slc12a2	0.2326669751100882
Incenp	0.3163574654318321
Rhoc	0.08703547912238313
Orc2	0.28608931669484816
Ctcf	0.27598415348216115
Lmo7	0.2867142507380039
Emp2	0.1993381243699419
Iah1	0.24058970383653552
Gnai1	0.2730191576384777
Brd8	0.301843311401965
Gtf2f2	0.2534590172278936
Ube2q2	0.25431715702511726
Larp1b	0.24069802462152692
Slc16a1	0.25009713071293
Thbs1	0.19843946384759606
Prc1	0.3416901632391505
Flot1	0.1890282950079458
Pcdh7	0.25348086856797386
Anxa4	0.0740979483540594
Fstl1	0.35133205664911127
Rrm2	0.2113195153437597
Bicc1	0.33137881949538156
Spast	0.21086069303125768
Fos	0.2736344744474286
Sat1	0.12706412648362916
Clspn	0.31903594730187157
Rhoq	0.2502354193546554
Aven	0.313612716601946
Wwc2	0.27582690300737717
Syne2	0.2624560861578448
Prep	0.3220663750583015
Ypel3	0.16962713777173846
Gxylt2	0.3450996681438071
Tgfb1	0.18765373513469505
Mxd4	0.21882100697697493
Cdk6	0.24041720384479906
Plpp3	0.22651485491696516
Stx7	0.1752785995952688
Pdlim5	0.26601264575136574
Hspb11	0.15454169369391596
Gmpr	0.2061806729085736
Tgfb2	0.3046897154857518
Fam102b	0.24229031400221024
Smap2	0.12975854183285254
Utp20	0.3098982703182866
Anln	0.3524416196557995
Slc7a1	0.2801450217408334
Cyfip2	0.2895180045719451
Tshz1	0.30276452447587676
Lrrc42	0.15985221217347895
Pus7	0.2809362990412782
Ets2	0.16602951285386366
Cenph	0.3174135023667939
Fhl2	0.21183585059434965
Knl1	0.35380634083965035
Tes	0.2889223640140834
Gdpd1	0.14715399327943757
Pir	0.2835422873317052
Dgkz	0.17456618304428148
Zbtb20	0.2720133897876768
Msmo1	0.19950596318273414
Fcgrt	0.19537197363812636
Wdr36	0.2684915445834841
Lamc1	0.30000107348583366
Kif20b	0.3061885670815589
Gemin5	0.2517591283127766
Asf1a	0.2581304423470091
Insig2	0.20963709966347585
Trappc6a	0.3188507806607998
Nfkb1	0.2781164101083914
Zc2hc1a	0.2551599321612643
Naa25	0.23538200543970797
Hmox1	6.293250075687939e-06
Kif11	0.3708456243384022
Kif22	0.31670581338961595
Flnb	0.23827852537908725
Stk17b	0.2096097681161789
P2rx4	0.21286111093702786
Lipa	0.13819321611414848
Tsc22d2	0.21058697339155866
Pold3	0.2694628974648435
Lpar1	0.2852187470410874
Ect2	0.3628193246798161
Phldb2	0.22988492987342982
Plaur	0.30994414239081625
Diaph3	0.3247998551455405
Casc4	0.22785087176300936
Hsph1	0.31086484712250134
Wtip	0.2606272914398464
Pbxip1	0.10798092823351867
Myo1b	0.2784391701038196
Mcm4	0.3138165326121495
Ctsc	0.10880083380536743
Med13l	0.2322387697403362
Terf1	0.2957911098267612
Antxr1	0.25182718206101007
Lrp1	0.16382645649280114
Cotl1	0.16538937312706914
Cystm1	0.016455159960702088
Ncapd3	0.33678674383839596
Lpin2	0.24457868753691156
Hes1	0.24830772778021104
Hjurp	0.288375605889562
Abracl	0.13722934623984154
Hirip3	0.27349471552562127
Syce2	0.1346543156215444
Arhgap11a	0.24364764751580495
Cdca7l	0.2544563494717717
Prelid2	0.21148360272109212
Pinx1	0.2564991227379539
Rgcc	0.12904070297072415
Sesn3	0.23878912553073278
Shcbp1	0.29135304498856984
Slc12a7	0.2712274093001569
Basp1	0.03570414999516654
Rhou	0.23726872635048746
Nusap1	0.32654839541547065
Spc25	0.24050194480082213
Csf1	0.2008527168477746
E2f1	0.2621410752917156
Kif15	0.3243433075982301
Ogfrl1	0.08533048321214443
Cenpp	0.24696104132527208
Lrrcc1	0.2803503743234487
Wee1	0.2908213002137994
Ncapd2	0.30371303836596814
Ddc	0.23876270804074615
Ncapg2	0.3601733839104574
Ube2h	0.2073311572287748
Nrp1	0.249647779385563
Cox10	0.29292438067049253
Skap2	0.17735562238475658
Palld	0.21220127560586194
Aunip	0.34095179774286527
Osbpl1a	0.2769869149951447
Thap3	0.2666224554340385
Elk3	0.28136942930975184
Hsd17b7	0.1712228345199567
Rnf130	0.13945262214674367
Mpzl1	0.002231412675536475
G2e3	0.30384046783449853
Fbn2	0.33260964985374436
Ptgs1	2.268940791451063e-06
Icam1	0.247365864082135
Mdn1	0.2711692444171109
Ano1	0.2874697970525492
Ckap2l	0.24793048360529713
Pkp4	0.2110929863280496
Sgk1	0.15067322133735148
Lockd	0.2496992459518929
Sobp	0.35061102051319
Spdl1	0.25567927721390543
Kif4	0.3203898977184524
Kpna2	0.28288151239173426
Reps1	0.21815697788823535
Celf4	0.14279516094726288
Zbtb11	0.22318645014646502
Kif23	0.33085468362768233
Melk	0.27832574603754257
Ube2t	0.23083141122009054
Cep55	0.2851180479994826
Ndc80	0.3040130501223238
Ltbp1	0.4194761893913297
Cd109	0.26190524484911043
AU020206	0.34353471677066194
Mbip	0.08574114348261269
Rab3b	0.32222890643937774
Ahnak2	3.237770122480562e-22
Wipi1	0.18820902196827433
Exo1	0.2591598218923909
Klhl24	0.20381990285002483
Mis18bp1	0.386171395493865
Nagk	0.20371600552586006
Ncaph	0.26758672829927155
Pgm1	0.20626882055234552
Pbx3	0.20991414339039166
Npnt	0.32844166981816497
Pdgfrb	0.22068437200313312
Sh3kbp1	0.24596789947942577
Ckap2	0.2457568461190548
Cttnbp2nl	0.24286141773010417
Renbp	0.05831560253354135
Smim26	0.19618198619929167
Gas2l3	0.22058810307045068
Pde3b	0.23538325025571863
Brca2	0.2580462194930263
Samd4	0.3173924888443923
Cerk	0.1451139313703969
Tacc3	0.29525210390715323
Nupr1	0.04264598676468118
Snx7	0.30113795794727954
Rad18	0.32662110492578533
Cdc25b	0.2593197391766359
Iqgap2	0.25428030348102065
Gm1673	1.006775874352985e-39
Pcolce2	0.2949558454060005
Dhrs3	2.4065961274325356e-11
Cenpc1	0.3188581408553039
Crip1	0.0006758332466735317
Igfbp7	0.09992852223429212
Nedd4l	0.3630321928237238
Ptprf	0.2042452149311367
Cdkn2c	0.13600133317085353
Cdca2	0.40154871715666124
Glt8d1	0.22324834647303343
Car14	0.19113504821678723
Mcm10	0.24576233914351633
Spryd7	0.10037825567209761
Zcchc24	0.23969989189973315
Igfbp5	0.2698036588610406
Rcc1l	0.24262583626598902
Mcph1	0.2685592914506623
Glipr2	0.19861404023518928
Blm	0.3034518577079933
Cdkn1a	0.1103686200590625
Fxyd5	0.27019553565346865
Qsox1	0.11324765524060686
Hmga2	0.27231028552717423
Mcrip2	0.26166987066774056
Timp3	0.09765270380967332
Ttll7	0.29583724231750896
Slc16a3	3.527649307608365e-20
Heatr1	0.2959462501615629
Fblim1	1.2516357672198907e-07
Rgl1	0.25446390336467106
Cntln	0.2158123983074752
Gng2	0.10338545919711505
Auts2	0.07365908730248902
Ahr	0.24219966192594933
Ahi1	0.06413465405803316
Gnptg	0.16956676004113835
Col1a2	7.390243473551446e-05
Spata5	0.24718803217687577
Snx30	0.16510603901810564
Specc1	0.368748408000756
Phyh	0.10303103107747189
Mad1l1	0.249710746570381
Ttk	0.27744594307376846
Ffar4	0.2065880444371085
Nedd9	0.23289045840193798
Rbm19	0.2569037336783201
Map1b	0.12805727017948926
Cit	0.31387836674810116
Cav1	0.21616815213807067
Zfp36l1	1.9930892573650662e-05
Zwilch	0.2813105806682806
Aspm	0.24848693511921105
Wnt4	0.16027317883209535
Clmp	0.19519875069309398
Dab2	1.3008397864585657e-14
Cenpk	0.2790173726495759
Brca1	0.27757223704910994
Fam129a	0.23181196765534995
Car13	0.22437575710530983
Cenpn	0.24419510807289382
Spag5	0.2591303720883803
Tgfbi	0.15308598693246517
Rnf150	0.3011539999750857
Runx1t1	0.1447903717161788
Dtl	0.24536358207733824
Fam189a2	0.25485062703129946
Arfgap3	0.1284173356144703
Tcea3	0.24887551699528476
Ccl6	9.919933392270094e-10
Ptgs2	0.29244378246676306
Dbn1	0.08553727477964122
Tcn2	6.42061023237203e-16
Magi3	0.23004276102257976
Irx5	0.25431214989199685
Tns1	0.21134273732570355
Nuf2	0.2264058975128707
Rab27b	0.29200724232820036
Crybg3	0.08995580430086783
Gpc3	0.3369468284501285
Esco2	0.39350183893509333
Nol10	0.3104994933401284
Vwa5a	0.14539483691674443
Rora	0.09532617574039771
Eps8	0.13378830678044204
Tmem53	0.21589326024774713
Fuca2	0.03780425234067672
Sirpa	3.0014057092883308e-18
Cpeb4	0.1720579814101849
Acta2	0.019106501547411024
Metrnl	0.003080621391236532
Mfsd6	0.20347415855441894
Gpr137b	0.16276426901673444
Gch1	0.13496542823349011
Mtus2	0.20950089934089688
Slfn2	0.001517466841726689
Orai1	0.2198451658020556
Atf3	0.18834603470965217
Mcu	0.24334271653505626
Eva1c	0.2542587492899179
Brip1	0.29576809942122767
Lsp1	3.463641672716243e-05
Snhg20	0.20884627555888416
Tnfaip2	3.0249748401323242e-05
Igf1	0.00016802672900762274
Arhgdib	0.0023803985477163126
Hmcn1	0.4095442301440919
Rrp12	0.23555060113713985
Sorbs2	0.3102537939239047
Col3a1	2.1153151240133105e-17
Gjc1	0.2222898750327193
Tbrg4	0.2662324274968723
Ccnf	0.25418726695602173
Clu	3.4503253452777596e-12
Fyn	0.11059170825815186
Apbb1ip	0.0024168251919293978
Rab3a	5.056581427992621e-16
Iqgap3	0.28325028327018636
Col5a2	3.052467165638897e-05
Bmp4	0.15402509306514986
Pros1	0.11126926260489789
Mcub	3.404032067867939e-08
Mfng	0.15153274514700835
Ccdc18	0.26948895580770876
Peg3	0.06590483288829062
Fosl1	0.31566723209191355
Selenop	2.1139023377387324e-26
Emilin2	0.17504086464899896
Fbln2	4.919302653527144e-07
Cdc6	0.2364751613932595
Trp53inp2	0.15111516236669587
Foxp2	0.31350021317153964
Syt11	0.01418650375930032
St3gal6	0.24421702572324472
Jup	0.10498260556978324
Chil3	0.001986588044094418
Cxcl16	0.0005795034552087719
Grem1	0.0002089950569428023
Cenpi	0.2708299716190478
Kntc1	0.2678448544858294
Col4a1	7.795153686244628e-10
Tesc	0.07794184264119296
Emc9	0.027724820299834894
Plekha2	0.19000834902708572
F3	0.21026928133362047
Sash1	0.25321182983066587
Nr4a2	0.26682609195926155
Gas2	0.2536121710180838
Gda	0.0005692044595316373
Rftn1	2.500542157786052e-12
Krt18	0.09882699362889362
Cnnm2	0.24361049621274083
Lrp12	0.2353564670163219
Medag	0.18189422256633322
Creb3l1	4.9462996894216206e-05
Grb10	0.07630244666582663
Lama5	0.2363676903977463
Sec24d	0.15554520131498772
Fbn1	5.5047553058163606e-15
Tmod2	0.022156927072030503
Colec12	0.0002873570804435644
Mxra8	8.49870632234647e-08
B4galt2	0.007414289846243781
Fscn1	9.456366638239644e-15
Tnc	0.12410382597056707
Lin54	0.29402145602554125
Pdgfc	0.24489754517020237
Abcb1b	0.3002288456218872
Mcc	0.30137382722223854
Serpinf1	0.011420186521638342
Col4a2	2.027763651030022e-08
Nup93	0.23508339040294757
Slpi	0.09978016986705494
Pakap	0.30713458425277373
Zfhx2	0.1352381678350389
Rspo2	0.3521302140124591
Chst11	0.29163232847705295
Ccdc80	4.631657436388324e-06
Fuom	0.14691223468678366
Myl9	0.16185026987741785
Dcn	4.887068198916223e-07
Vill	0.2020171913791648
Nfkbiz	0.25196634036011134
Cp	0.21161179176297024
Mastl	0.28146154058046235
Inhba	0.0012213385165714269
Slc8a1	0.10493424096074665
Fgf1	0.27275338967826845
Ptprn	0.22425090879916096
Espl1	0.2419633046766805
Cacna2d1	0.07649647105201368
Syne1	0.14012773861052313
E2f8	0.25322802654792986
Dpysl3	1.3310233535485991e-16
Tanc2	0.10312288047498301
Rab7b	3.3767574002511745e-05
Cdh11	0.00016079809662052219
Smpdl3a	2.7550753601911776e-07
Tmtc4	0.21466766142068713
Vcan	5.039782800499398e-09
Plcb4	0.13023253295145903
Plin2	0.16515448963784873
Fbxo32	0.18952438454456033
Crlf1	0.0020151469651877095
Samd9l	6.810414593397076e-14
Myo1d	0.24863359434191512
Kifc1	0.2710104830389423
Serpine1	0.17060850787839016
Kif18a	0.3132735087684452
Lurap1l	0.2556824019521037
Pdpn	0.0025671748443138872
Gask1b	1.2078306813702349e-05
Abca1	0.0715556803781149
Efna5	0.11758072796781593
Prrx1	0.00010057391602524379
Cers4	0.16053498786056436
Ccl2	1.1716618329577145e-10
Grb14	0.2758298580492223
Tnfsf13	0.008604735628966466
Ptges	1.1230757468195385e-05
Slc43a3	2.990119187291557e-07
Acyp2	0.27590388262072907
Unc93b1	5.3341684743217685e-08
Itga9	0.22148484340900623
Pak1	0.01845114527216432
Plac8	3.037050362862976e-06
Mfap5	6.5004613336525885e-09
Ddr2	0.1789087167904773
Eepd1	0.3024662137325087
Fosb	0.2915569125795945
Spint2	0.07632421306200136
Nexmif	0.3298299498121478
Prr11	0.2928462546238852
Mtus1	0.26557214066126833
Pde8a	0.19006797218170343
Ubash3b	0.1006298466837116
Sgms2	0.21150811334360942
Fst	0.0003127501249520711
Igfbp3	0.12034892543383816
Vldlr	0.11214152509369274
P3h2	0.25027666141898053
Clip3	0.13528221310294417
Slc16a6	0.08750162483576676
Epha4	0.290703938277242
Lcp1	4.2287616216342916e-05
Wif1	0.25602460030347557
Sgce	0.2589357242468687
Elfn1	0.24401463695472161
Akap12	0.13846235666933002
Fgf2	4.0005569305422265e-07
Ccn2	4.800381055119416e-09
Nav2	0.24530832019182244
Crebrf	0.21829135639693864
Abcc4	0.3008659430303123
Serping1	1.2006557592827718e-08
Serpine2	0.08491603752794583
Rgs17	0.17912044163370533
Gatm	0.13284532564631898
Npr3	0.14865258318803276
Nsg1	7.597964104610693e-18
Pygl	0.0018777453172068872
Trim30a	0.00017390952624381285
Ctss	0.0044729778984763475
Fam83d	0.22520469469886883
Unc5b	1.921724698558293e-08
Xdh	2.5568004840082665e-06
Aldh1l2	0.22433748724005198
Adam19	0.00021557717060084966
Egfr	0.07182063396824659
Cd53	0.0005096888238472513
Kif14	0.2941924192516005
Krt19	0.12925471665721588
Cxcl14	2.524271589778344e-07
Gcnt2	0.17696849042616133
Synpo	0.21440050941842648
Trf	3.8752031306373285e-14
Coro1a	3.062618991863257e-07
Neto2	0.07185404822874876
Podxl2	3.503374750534122e-18
Fcgr3	0.0002676254453433059
Neil3	0.3212233870692318
Trim2	0.18712245248283252
Itgb2	4.6062325136723856e-66
F11r	0.18944320355694333
Fam171a1	0.15260955640256502
Cplx2	0.19705127084800442
Kctd12	0.00012454603584151455
Pdgfra	1.1607663519239121e-05
Slc43a2	0.19960101257557084
Cobll1	0.30976798214748047
Adamts2	5.373227748733109e-06
Atp8a1	0.041732676157200256
Anxa8	0.1957491472972944
Tmem45a	6.310679217473487e-05
Ghr	0.16807574096693953
Gprin3	0.3163423908743299
Trib2	0.21117533474939454
Cybb	0.0009618368766404878
Elf4	0.23880538947728136
Creb5	0.24216302130751743
Myh7	0.15405513131122672
Piezo2	0.2870971257748505
Klhl13	6.916464457745747e-70
Mgll	2.4699089663349524e-11
Ypel2	0.226496276611647
BC030867	0.26910440438911376
Robo1	0.12117183857417665
Rspo3	2.3051399141466576e-19
Syt7	0.19966048781643303
Ppfibp2	0.1453300566998015
Nrgn	0.20508771876007603
Tmcc3	0.0919616538312363
Epb41l3	0.19015470005160523
Prkca	0.21543051638314542
Troap	0.2480695595064745
Fads3	0.26712939920304374
Ltbp2	0.0013837855669240813
Pparg	0.24059966678088557
Kif5c	0.004286481778679865
Adam12	5.3433574913352866e-31
E2f7	0.2750705635410655
Gas7	3.995082154452379e-06
Pde10a	0.17912989156495318
Lilrb4a	2.422845610746354e-31
Ass1	6.288975884807254e-15
Bora	0.2675576221500281
Bard1	0.25721545015264524
Miip	0.23714947018550947
Ctsf	0.0820865838471846
Rhoj	2.1196762745881044e-24
Wfdc17	0.0020962668502049297
Khdrbs3	0.15286534470863436
Hivep3	0.101994541606117
Parpbp	0.29265986168602737
Shtn1	0.4940498686589883
Cd36	1.5953670162204807e-36
Bcl2a1b	0.0010924589208020498
Ptpn6	5.689331498817638e-26
Cxcl12	0.00020381356525816212
Lrrc32	0.00028220201114587985
Mrc1	1.0086630606064433e-15
Spi1	0.004008334103085581
Ptk2b	0.14424033335529435
Sulf1	0.15337376493991814
Plek	0.002621072525343338
Bgn	1.7790335612169517e-11
Rerg	0.23870729838224689
Cyp4v3	0.00023761750370640045
Tspan7	0.17099855157784954
Mef2c	0.24474208187607405
Ifi207	0.004462997444545997
Kif26b	1.5189853560883638e-09
Vgll3	6.8791442118098324e-34
Pde8b	0.22971804781047866
Olfm1	0.0971935846462623
Hvcn1	0.0018066934659172937
Sparcl1	0.0017981686333600998
Megf9	0.2628929452134624
Hpse	0.1405396359357576
Slit2	1.1458517348499779e-11
Optn	0.20008419378210315
Cyth4	0.001551733266254355
Lmcd1	0.10618522382161369
Oasl2	1.4311508644103412e-08
Ptprc	9.854034564503511e-12
Pik3ip1	0.16671548869868708
Spats2l	0.22356258771307025
Parvb	5.355787595359092e-14
Adcy7	0.0030799059546331867
Areg	0.15886484834036838
Tnfrsf23	0.1188685851239756
Cthrc1	0.0005923125160648516
Hcls1	6.180026606588474e-28
Itga1	0.22518268063924582
Dock8	0.040115920878721206
Vsir	0.0016598060096224962
Atp6v0d2	7.280973808769502e-07
Pla2g7	9.52155720427646e-05
Myo1f	0.0019419998918543744
Il1r1	0.06329099642707765
Cd84	0.002132177631902728
Apobec1	0.0007829255169373245
Cep85l	0.2644161910051507
Ifi204	6.014267975027523e-09
Ggta1	0.011527451169912658
Nnmt	0.07920039403420127
Maf	1.0316871394555761e-08
Syk	5.237751092834664e-29
Taf4b	0.23764640098442627
Arhgap32	0.08223061340299373
Csf1r	0.0043197898855629165
Mmp19	6.554654343139773e-09
Tbx2	0.00299160146296984
Lilr4b	0.01386831684586738
Has2	2.6291984312678383e-16
Arhgap30	0.0008759323561694564
Lifr	0.2639560919864599
Dock10	0.0008611854869956649
Il18	0.000655184970583917
Dennd4a	0.10068261875178486
Orc1	0.24327511672059046
Cd300a	0.0013072867080541467
Pirb	0.0005882778664547923
Eif4e3	0.08550538531612897
Snx20	0.005040328991342261
Cpped1	0.08568729310973003
Nckap1l	9.111630300298896e-09
Rab11fip1	0.06014697640163391
Mertk	3.9329669716458285e-19
Arhgef5	0.0013813791578067894
Parm1	0.24981096506749353
Plxna2	0.16404838922431386
Tmem121	9.185512680649424e-07
Tbxas1	0.0017932237558803078
Fgf7	0.13402670117604362
Slc15a3	1.7944657932299574e-42
Olr1	0.0009493285155970085
Cytip	0.17414001403046092
Tcp11l2	0.16759073257113144
Nqo1	0.06090909277131005
Bcl2a1d	0.0011861846226074993
Cd300c2	0.002671216944234345
Ereg	0.201823087456156
Jam2	0.00010420272744875397
AI662270	0.0016952641813481498
Homer2	0.23537309792102235
Gata6	6.265077212094048e-10
Nfam1	0.0024199316435027153
Otulinl	1.6595543152650408e-14
Ptgis	5.6621946188132794e-05
Mr1	3.6335082017981066e-09
Pf4	9.641497352692732e-07
Nectin1	0.14796659476363655
Ccl7	0.0008628925265268672
Fcgr4	0.0013116050647171203
Fam219a	0.15010113028532326
Trim12c	5.4824701691227835e-06
Fam174b	0.1926755638839187
Abcd2	4.287384861244913e-15
Gramd3	0.03897720013370522
Lef1	0.24043103197446417
Mmp2	2.3806310278595468e-07
Armcx3	2.540598271988878e-13
Mlkl	2.0440754586483633e-08
Mmp11	0.25246434651408417
Pkib	0.23396842665853707
Cd300lf	7.277378666224056e-05
Plcg2	1.1021280417149232e-15
Aldh1a2	0.001170399456015361
Coro2a	0.21311508206662022
Tm6sf1	1.2401108567203966e-06
Zc3h12a	0.19892083249200201
Mitf	0.15805112725304984
Il6ra	0.1465910483226571
Abcg1	0.0005131212055819641
Tbx3	0.00010844002508606387
Dock2	0.0009731184453359764
B3galnt1	0.17253838363773702
Elavl2	0.17008154479791582
Hck	3.263719075775456e-09
Mybl2	0.26532767768102805
Galnt15	0.2191906397581463
Clec4n	2.3348413122697665e-17
Nrros	0.0013159288482176552
Gbp2	1.4465418087125617e-07
Dop1b	0.06842842185456062
Casd1	0.22051502994861827
Slc22a23	0.23031631914620407
Bmper	1.000744240982704e-12
Ifi211	0.029800226023970203
Rbm47	0.20051769873676353
Arhgap9	8.193782818116527e-05
Ccdc92	0.13467043554128344
Trpv2	0.0007955815587435304
Bcl2a1a	0.00017428685864475028
Fli1	4.770762766943622e-07
Dapk2	0.2435797888113302
Rassf4	0.0004587405193863639
Serpinb8	0.034946876681656386
Oas1a	0.0023464290520135676
Dkk3	0.0001579468091197876
Nsl1	0.23279416859263602
Mgat4a	0.10761465634189626
Trnp1	0.08882278436306514
Nhsl2	0.219649353433447
Peg10	0.17347798856732544
Il1rn	3.535530644043005e-82
Rassf5	7.698872137539151e-13
Deptor	0.08499657121494177
Itgax	0.001081580312517961
Ms4a6d	0.0006290188541282134
Col5a3	0.0001429721574540404
Vamp5	0.23836152656427595
Prkg2	0.18584270621058172
Rspo1	0.1761327147166423
Sla	0.0017530712354028777
Rad54b	0.25455998561197807
Cd33	0.0008004861750743975
Marco	1.3745168552918848e-06
4930523C07Rik	0.17469976872988582
Pik3r5	0.0013940524422871993
Slc41a2	0.06448804191617463
Tfec	0.0004470593480652996
Cd200	6.833036355116594e-08
Tmem273	0.0009140114086769365
Slc38a4	0.2111726789760708
Fam49a	5.163200102729649e-15
Pik3ap1	0.00046201305711460346
Col6a2	0.0004300959213876383
Inpp5d	0.0009377786569937876
Epas1	2.172548199462344e-09
Hoxa3	3.190359298572912e-06
Prkcb	0.0009093485006097171
Angpt1	0.23278316725104797
Kdr	0.18595978572172686
Cpne8	0.13613086365918173
Itga4	1.4308757402175295e-06
Lcp2	0.0032909357239981484
Kif18b	0.2712500700770087
Hsd11b1	4.151904536182316e-10
Arhgap45	0.0020009543672584048
Nr2f1	7.89432680483085e-06
Slfn5	0.0005382605581382026
Il33	0.26845942586071997
Cd48	0.00010626712416045002
Casz1	0.12071333799764125
Serpinb1a	0.0007268230057882603
Lyn	0.12643993885357047
Bin2	0.0010117075929516712
P2ry14	8.939273131765148e-05
Gm20559	8.48955232268129e-05
Clec5a	3.7289962275821217e-17
Vav1	0.00511261081349193
Lmo2	0.00022157184004993247
Samd5	0.1647518876233626
Cd200r4	0.0033895912664145024
Cxcl17	0.13789250372388956
Sp100	0.00029222063053247063
Ephb2	0.10283992185141587
Sept4	0.1484595813569685
Arhgef6	0.0018206916812125696
Gdf15	0.1468146766597828
Glis3	0.21877385427158705
Flt1	0.06273979471472671
Dapp1	0.07262722839423126
Il1rl2	0.0012702579394989846
Efemp1	0.19280502424003146
Kcnk1	0.0913707525091474
Adap1	0.22680191004888597
Wdfy4	0.001933165502038705
Eng	8.608381786929473e-12
6430548M08Rik	1.1110145134271336e-18
Ulbp1	0.00046016053425463824
Mndal	1.3208992746824902e-05
Usp18	1.512446122585865e-11
Car2	0.0035451646797988556
Bst1	0.0016925500974200374
Col18a1	0.2892181240304219
Tlr2	0.0014789181904696135
Ifi203	1.4602041737901192e-05
Slco3a1	0.12648425416960057
Bcar3	0.13957534524382909
Vcam1	5.44993030564228e-05
B3gnt7	0.0011078150951470877
Col4a5	0.2122661977843321
Enpp1	1.9519946268784377e-10
Slc40a1	0.0004912709165397895
Plxnc1	1.252739962295458e-12
Tbc1d9	0.17165621629172387
Ccnb1ip1	0.16630827783546445
Selplg	0.0007637211688978607
Trp53inp1	0.1334188140127069
Tnnt2	3.16120894383441e-17
Sema5a	1.6476895016697407e-13
Gcnt1	0.0022855637681432816
Tnfaip8l2	4.639801088295978e-26
Bdnf	7.571489588398722e-11
Lgi2	0.18392880110789683
Tnfrsf26	0.0012759101730453377
Cd59a	0.12921171038672155
Gpnmb	0.0016501663993886296
Scamp5	0.19492638747154356
Nod1	4.3396288360056063e-07
Tmem154	0.0
Dkk2	2.1836973748961773e-06
Krt8	0.2760342793804234
Carmil1	0.13757063977495193
Cdh13	0.13874634243271272
Loxl3	1.52797475447952e-07
Ccr1	0.0009616499464462655
Pi15	5.378215270187489e-07
Ltc4s	0.0009252078623607798
Ppp1r13b	0.10816280273155018
Fmn1	0.02142293211314609
Nrn1	0.10864058090874093
Dnaja4	0.08552054158560533
Spock2	0.1285482567732194
Cgnl1	0.051742195106508675
Galnt6	0.0012192731935438505
Cd274	5.12735050126366e-09
Sema3d	0.28228614626217396
Itgam	0.00021752942986482882
Mmp10	0.002243023221911999
Mlph	0.29199731594279255
Card11	0.00022492315533300408
Grem2	0.0010469121395940942
Fmnl1	0.0012858168877281726
Ncf4	0.0010141761691348171
Dusp10	0.1702486549042213
Upp1	0.10200172805513856
Tnfaip3	0.30853934243410724
B3gnt8	9.745415357104536e-16
Rcor2	0.0020597584294108945
Srpx2	2.513035348480494e-09
Tlr13	0.0005989438841546066
Ms4a8a	0.00042265952000137077
Ppl	0.20497283403127015
Srgn	0.0001530688661461277
Lair1	0.001110560138660326
Thbs2	2.5174657593084708e-05
Cfh	5.187240909946564e-06
Bcam	0.07752754285909738
Csgalnact1	0.057305111264303904
Tbx4	2.1781863014636298e-06
Map7d2	0.11982461395123432
Gm8251	8.876587382058138e-07
Hpgds	0.0007232843875873887
Cd200r1	0.003909034264188631
Lrmda	0.0830641061097885
Pgf	2.5586202800163194e-05
Cxcl15	9.432919482005828e-11
Slc1a3	0.22449907528704047
Adgrl3	0.23071432744969672
Pappa	1.591284805846097e-05
Ikzf1	4.292774260804665e-11
Rufy4	0.0013506252126230056
Megf10	9.786345062016716e-08
Enpep	0.08791222591385986
Slit3	1.0278231612792073e-11
Frmd4b	0.17475503517119248
Gfra1	0.22066187297779558
Fam78b	4.4236647090918575e-15
Plcb2	0.0009575919571606175
Clmn	0.07652587534290468
Ptn	0.03254079635812477
3300005D01Rik	0.004019018253918838
Stc1	5.860086640614668e-15
Col27a1	0.19164531186118963
Mpped2	0.2543827423602603
Pid1	0.14404224137054428
Fgd4	0.11357315716596526
Rnasel	0.0013213942132923589
Havcr2	5.636258481921497e-05
Armcx4	3.528612891260737e-14
Ocln	0.01737966152273088
Adcy9	0.13645482413001914
Rasgef1a	0.16579552075976167
C3	2.66129557529105e-06
Sh2d1b1	0.005635762385682511
Tmem51	1.5942891066276422e-11
Hlf	0.23012552327105817
Pde1a	0.2448015210181499
Tlr7	0.002033867718524646
Rgs16	6.466795708766053e-15
Bdh1	0.2375376872597725
Gsta4	2.2377032906323404e-05
Atp8b1	0.061183930242032614
Ptgs2os2	0.23654884993400324
S100a8	1.222068079560223e-42
F10	1.5307157407974442e-07
Ccdc136	0.18300519974526444
Syne3	0.2347192043863482
Mmp3	1.7111310064504375e-05
Limch1	0.05553589339774267
Hs3st1	0.0312227991172244
Gpr39	1.4369511875684482e-05
Clec4d	5.185426788717343e-07
Cd38	0.0007979714477468151
Ror1	0.27540595745616664
Clic5	0.21046381991628849
Arhgap25	0.0031910614997673727
Iigp1	4.715368380947279e-13
Dnm3os	0.00024248834348889768
Trim12a	6.697721286910246e-08
Gprc5a	0.1313779959122022
Bpifb1	0.10052035162157674
Sash3	0.0011811507659354994
March1	0.0007542231872719988
Fes	0.0003180714181114384
Naip2	0.003957676101557402
Il1a	0.001434235367546215
Ctla2b	0.00010591067664241919
Mettl27	0.20501204952759994
Ptpru	0.18214102668569332
Lilra5	0.0012480190439037463
Gna15	0.0016618268973113868
Adgrf5	0.22657234844467344
Stx11	0.11666466614709095
Apobr	0.0012801294249562604
Cap2	0.2332356826690159
Cnrip1	0.037842962498597046
Kynu	0.001700430975916297
Cyp7b1	2.7174182886389855e-12
Slc16a7	0.10658891735280945
Aim2	0.0018404494247802594
Dok5	1.2701962179287445e-08
Btk	0.0026704276005560263
Ctnnd2	0.18556423626566518
Rgs7bp	0.20274227452194263
Klhl6	0.00045272747885816763
Plekhg1	3.1864208389039507e-06
Sp140	0.00048003115932669866
Mal2	0.13236069323499397
Itga2	1.4085968622788172e-08
Myo1g	4.302332817501224e-08
Casp4	6.656498359215307e-10
Nrcam	0.08894158105669116
Elovl7	0.16669031192829994
Trim29	0.000547534995254773
Cadm1	0.10390198262720772
Tbc1d2	0.00012188676726590857
Agt	1.329510426062538e-16
Arhgap22	3.0971589572434095e-07
Cdkl2	0.12076397337836679
C1s1	0.0012695890126667884
Samsn1	0.02713968276326176
Nfkbie	0.09093606022674285
Kank1	0.26760481670821257
Ntn4	0.12059107335303254
Aplp1	1.017993618621764e-24
Plxna4	0.1145241492698398
Casp1	2.2244984339021926e-08
Rcan2	0.2550608091110473
Rftn2	0.00019071724057232465
Adgre1	0.0005167800195731458
Tspan8	0.13344786792388116
Hebp2	1.1625698217568273e-08
Wfdc21	1.2229054898530922e-07
Hk3	0.009337333712582318
Atp2b4	0.16670658451565237
Prox1	0.1769997237638311
Tubb3	2.6665941668377164e-15
Bnc2	7.531701865520022e-06
Mocos	0.0013206644044143753
Ednra	1.8563679879659995e-08
Nptxr	0.005734604065560228
Osgin1	0.16197506905584808
F7	2.5718025184222024e-09
Htr2a	0.0016271282960266971
Kcnk2	0.23511177846978237
Tub	1.655421476960441e-54
Prex1	2.5103426161717138e-08
Adamts1	0.0650745711046694
Kcnc3	0.10711327824711243
Ppargc1a	0.1888930348226615
Col6a3	3.1779652084671035e-09
Nova1	0.17269687518871862
Hoxb8	5.7688277850364386e-08
Col8a1	0.15357030057973073
Ptafr	0.006625721517636144
Lif	5.262173713967105e-07
AU021092	0.140139331369599
Tafa5	2.2576580770527387e-16
Hoxb6	0.00030611087921121567
Rap1gap2	0.1820653383228456
Ggt7	0.1375451264928055
Nid2	0.16053382996860457
Itgal	7.481355490201984e-10
Sp110	0.0017095488205642224
B430306N03Rik	0.006784537028616627
Trim46	0.10021582567554838
Pif1	0.25620713548919344
Tspyl4	2.0809392967379382e-18
Ndnf	0.18701766725766422
Cdh1	0.19676742616143933
Lrp11	0.3292106129389164
Sftpb	0.13159102969058567
Car8	0.0435748199990562
Hoxb5os	9.982064582264324e-05
Tbx5	8.412713548019043e-08
C430049B03Rik	0.25758501563642094
Cdc14a	0.014445217774312095
Col11a1	0.13717749460654327
Ina	0.20703079450862694
Mcoln3	0.00029931957931255093
Spire2	0.26817056019189295
Rtn2	0.01877113549175619
Serinc2	7.548022106301071e-10
Atp9a	0.25593719219999606
Arhgap20	0.25014720397833234
Ly86	0.0007342886091933639
Kifc5b	0.26211129886654916
Epsti1	1.2560426257376295e-12
Gja3	0.20497159481782978
Themis2	0.0017732741916881266
Jph2	4.698501720762205e-05
Erbb3	0.04205852458236511
Cd300lb	6.49561493266962e-07
Smarca1	0.16460603424347517
Rims3	0.19872903778329898
Prune2	0.07307218335403107
Gucy1b1	0.05450954580731531
Fry	0.14689783231548303
Vwf	0.19431668791564588
Lgr5	0.24804020319479966
Gca	0.14724450945987558
Rbm24	0.14357525226219695
Lrmp	0.0009180717967616285
Socs2	0.13994026245089725
Kcnn3	0.015191830355813509
Flywch2	1.6129773329620593e-11
Hcst	0.00214572298560182
Pla1a	1.2574417634571898e-08
Oasl1	0.001196188289562288
Klc3	5.6879403318624465e-05
Sh3tc1	2.2875307826633504e-28
Irf1	0.18163531981267286
Hook1	0.31773268113624153
Zfp618	0.36720622831322414
0610040J01Rik	0.14567921122547423
AI504432	0.001142656297978489
Lpcat2	2.1247644354274062e-15
Spon1	5.181109191487488e-13
Reps2	0.0005709036981816225
Nynrin	8.36131619242059e-11
Col15a1	5.721361738069773e-05
Thsd4	0.2350095225436576
Fez1	8.281980176440258e-19
Lgr6	0.22719428159144803
Clec1b	0.0020949780637497884
Ablim1	0.1842204572961113
Sh3yl1	0.031072818176986632
Rem1	8.246199507285366e-09
Bicdl1	0.11152774936586993
Cdh6	0.00010113275760211064
Fap	3.206888914817848e-05
Gfra2	3.5764623429142027e-09
Ngf	6.322370768317778e-09
Tnfrsf11b	1.4796065317373317e-06
Igsf9	0.12084857747499538
Pik3r3	0.15551736701492327
Scrn1	1.4694006532872886e-16
Kcnn4	1.3752099106255006e-15
Layn	6.380862257504119e-11
Gli2	0.2630504836458239
Epha3	1.1849254126041292e-09
C5ar1	2.1888240966490365e-08
Atp1a3	2.7085472989990556e-12
Prom1	2.33856402682756e-12
Ankrd1	3.6149569990534813e-06
Penk	7.549167913402704e-08
Whrn	7.040124182621868e-19
Krt7	0.34900224984720923
Kcnk10	0.2648560300658018
Daam2	0.2589088584978496
Dclk2	0.14065651567319964
Cd2	0.001204284140280966
Cxcl10	0.004797593303445672
Rasal3	6.375308113215488e-15
AU022793	0.0004768453144091316
Il16	4.799291080391111e-13
Sorcs2	0.1282723755099153
Trim54	0.18286575577117212
Erc2	0.258801711701247
Fxyd6	0.016994704360918624
Serpinb6b	0.001969962237430019
Map6	0.10281455118272788
Nox4	7.474074812343414e-05
Clec4a3	0.005734724269917284
Adamts5	5.71067298732278e-05
Arnt2	0.06721178221899556
2310030G06Rik	0.01844620689149316
Gpr176	9.028159933881423e-06
Prickle2	1.1810677205129668e-17
Rab40b	0.18123066293118528
Fut9	0.23763701666224302
Tmc4	0.17372395738300725
Bik	0.1717272172606924
Ms4a6c	1.4294418800028924e-36
Lsr	0.2586667752924948
Alox5	0.0012760080773188205
Mdga1	0.0002408160853605061
Mapk13	2.5445961069290665e-15
Slc9a4	0.0012106491372921274
Sema6d	1.6721883508490306e-12
Msr1	0.0005852097801176098
Gulp1	1.8555759012383417e-07
Prkch	0.004972009272417404
Lrrc25	1.329715751329839e-06
Spint1	0.24050698721839905
Cyp26b1	0.029178872273018543
Milr1	6.297514776290432e-05
Gm15261	0.12948473115013429
Nebl	0.35989049635350595
Phf11b	1.2113058411481552e-32
Cyp2s1	0.09728049220573326
Unc13c	0.21908439304912838
Fgr	0.00037147624996922347
Ccdc68	0.19329847733665267
Ampd3	3.6351711082385426e-14
Hap1	3.2479837733977185e-07
Eml5	0.08261661393691667
Nkd1	2.522412636616066e-09
Lrig1	0.05002978180094195
Bend7	0.16056881746684182
Srgap3	1.75570025783185e-15
Mn1	2.1277248376695784e-07
Cd200r2	0.0006498347235559939
Fhdc1	0.0019626329717671734
Cmklr1	0.0008745744513885131
Zfhx4	2.4493678776519015e-07
Ttc39a	0.12253500076979261
Rab3c	0.2086725355295337
Gm19325	0.1966879679033093
Unc13a	0.3255141059546728
Arfgef3	0.31924801705639
Cgn	0.08607606915880402
Lrrn3	0.17378089774607852
Uba7	4.633411619934385e-09
Cd55	0.15171445664526975
Slc8a2	0.2304980122512498
Epcam	0.443614138101479
Kif1a	0.04667335869099248
Neurl3	2.6483869010781504e-06
Espn	0.17260633741479106
Casp12	0.00015471908080483547
Lmo1	0.008584677918128447
Ccn3	0.31463135742130877
Il10ra	0.013623344369250178
Cd22	0.0007714912154224872
H2-Q7	0.001345914158020808
Llgl2	0.13028506571352932
C130050O18Rik	0.0007817569207450468
Ceacam1	0.0005278104152890117
Nipal1	0.03825477094513539
Hdac11	0.13421756336965512
Sel1l3	0.12188325978896437
Tmeff2	1.2931771608440643e-13
Tnfaip8l1	0.12405859047218672
Adgrg1	0.1551911967896913
Tnfrsf11a	2.568691588920817e-05
Krtcap3	0.1684022462793414
Iglon5	8.665177411125947e-17
Fndc1	2.974330277863886e-05
Bmp6	0.24010196125685915
Pik3cg	0.0025900272420448503
4930455G09Rik	0.0006640719751105065
Blnk	0.0002736329062792668
Cxcl1	0.08160639285893317
Eln	2.8483162708260276e-06
Gm8113	1.5968941211563365e-09
Tmem178	0.1341533609081202
Pamr1	6.356573333882142e-14
Tmem163	0.308523974349222
Thy1	5.738960630684864e-07
Psd4	0.0013760179296547765
Dock3	0.05238484202392038
Atp6v1c2	0.14923524160362403
Smpd3	0.20710536725553663
Rab6b	1.0711041922095518e-12
Scnn1a	0.09530270952918403
Hcn1	0.1641864824081381
Rgl3	0.041576176843178214
Rhoh	0.0004791274413623576
Meg3	1.5938575621709724e-11
Mctp1	7.909598588392961e-13
Kcnip3	0.19555815226591722
Apba1	0.2786743131405788
Axin2	6.665293502963813e-06
Ptx3	0.00028249755597276993
Gabrb3	0.1570323024123756
Sept3	0.005536616219807199
P2ry10b	0.0016367805459668863
Pcdh9	0.0075778215271973485
Svep1	4.5202146690986274e-14
Dock9	0.05766252757979159
Enpp2	1.0603153858971043e-06
Slc36a2	4.26276396684097e-07
Sirpb1c	0.00023969482393318902
Smoc2	0.3122876508099314
Pou2f2	1.1076782971720042e-14
Gm5150	0.0008868510581714294
Fgf10	7.870177807796596e-10
Tenm4	0.18290525889337006
Myb	0.12952576087796333
Olfm2	1.0496215377971232e-06
Siglec1	4.313551658100722e-05
Postn	1.4588690978130842e-15
Wt1	0.0006719440429013688
Coro2b	0.19594452081229596
Nat8l	0.0014878256774238452
St8sia4	0.1679813518184382
Enpp3	0.0007745095409233918
Cd74	5.809979208712746e-08
Rflna	8.029595995161285e-05
Patj	0.00023589204118698101
Clec12a	5.546609445809097e-15
Stap1	0.00027414036966994426
Acsbg1	0.06869441497838658
Abat	0.17562346918338906
Galnt18	0.06425437134194915
Emx2	0.0036166027015958656
St14	0.31625111847426013
Rab19	0.0014197591694238866
Adcy1	0.16201239808261017
Tnip3	1.0873216729000063e-05
Zfp467	5.855138260393306e-09
Shc2	1.5643307976975489e-15
Naip5	0.0007828358743966195
Ccl4	2.0841075218289663e-06
Cd37	0.0006406294170567666
Heyl	4.7597383071403494e-32
Raet1d	0.0006262290439170455
Nlrp3	0.002996066591230159
Sox5	1.0275735708023227e-19
Gm4951	0.000599934479410692
Brinp1	0.2623685519165279
Cyp1b1	0.22843663483802232
Trim62	0.055878245160412704
Syn1	0.12372617337284407
Rsad2	3.20909771946456e-06
Lipf	0.001499092814509876
Fbxl16	0.1403662872052297
Plcl1	0.16658656848008777
Nnat	5.687243652145775e-19
Slc35g2	0.15868785689126558
Rab39b	0.06346306983537747
Dtna	0.10736533666941916
9130015G15Rik	0.18916132369812227
Kcnh2	1.926964551691359e-08
A630001G21Rik	0.00010415780022745934
Ckmt1	0.0287889928770634
Gm35019	0.2361074155388013
Serpini1	0.026405132639961026
Ankrd33b	0.050707092062411245
Il6	0.0001039877581267521
Col4a4	0.16481428241577947
Gria3	4.438838913814093e-19
Slc39a8	1.2470663838301491e-09
Gm31597	0.0015862384176815434
Cemip	3.397768799943662e-05
Gm15892	0.24277938236485802
Fsd1	3.737273232390662e-11
Mag	0.0006056404763966653
Capn5	0.02069256494327133
Slamf6	2.2375017146727182e-08
Stra6	4.824662095379041e-07
Esm1	3.134359072191818e-09
Ehd3	0.000995261456992041
Fmo2	8.74965272558633e-09
Prex2	1.2931464683407669e-05
Apoe	0.0010889876574320745
Trim5	1.5156732777724672e-05
Dsp	0.28821355483746736
1700001L05Rik	0.007046702092939012
Aff3	0.08705890151692078
Gm19705	0.06902747213317341
Rian	4.44072944012978e-14
Tmtc2	0.0671524640319743
Wincr1	0.1627213470344337
Ddx60	1.7631102432925584e-16
Neurl1a	0.23441035613851774
Hecw1	0.22594246014051095
Rtn4rl1	0.10434025637578621
Gm10561	1.8505309774988145e-05
Gsta3	0.00017527013917515108
Epb41l4a	0.0117208032386121
Kcnk13	0.00022289506266803108
Shisa2	0.5217815149297748
Nckap5	0.2693966411966368
Mak	0.0012449221238793576
Gm42047	7.289960832852037e-12
Atp2a3	0.18906075552925738
Col14a1	0.0003926828001348222
Hgf	0.026845888185173326
Ripk4	0.14450966706545496
Kif19a	8.2666673671878e-09
Marveld2	0.1566973662275999
Ahrr	0.19721395901096864
Cxcl2	4.073749591510855e-16
Ms4a4d	2.2774830575234438e-07
Mcoln2	0.0013570688578370435
Il7r	1.6394123895775874e-05
Pcsk5	1.6492018475840345e-05
Thsd7a	0.013444035303223415
Pde1b	0.003075651097162238
Rnf180	2.8537303833925584e-18
Fam160a1	0.06814111827075683
Crb3	0.17012496016890286
Scml4	1.553201091166859e-14
Slc16a9	0.0004013054456869631
Fgd2	0.11273558356219543
Pcdh19	3.5782076044661505e-05
Naip1	0.0006253744989179553
Il21r	3.2015948494231096e-08
Pdlim3	0.0002832044333474067
9930111J21Rik2	0.00018246923356202987
Slc1a2	1.7456973137245729e-07
Macrod2	0.06435599006975766
Slc7a11	0.23328285671944698
Edn1	0.003498503815255065
Bean1	7.70763068202926e-07
Cd83	0.00035601770832333415
Mcf2l	0.17986874970183359
Oas2	0.00351086910883865
Lrrn2	4.816354783355928e-14
Entpd1	5.123610897959531e-06
C1qtnf2	4.403381376541702e-14
Stk32a	0.1930409179047035
Tspan11	0.00039945190220239303
Tnf	4.7044891349288604e-08
Eps8l2	0.019777706017494512
Rph3al	0.07191013656149348
Tmem246	0.14162214211198668
Adam23	4.535351616810432e-05
Tbx3os1	0.0003753253649237678
Ccl5	2.198761385057815e-25
Naip6	0.0013641767233713484
Rab11fip4	0.21566587455754838
Rab27a	0.16976617475197386
Dnajb5	4.093525042746372e-18
Cyp1a1	3.5039898797729775e-16
Radx	3.476333927079334e-11
Rbfox1	2.571838978428765e-12
E230032D23Rik	0.0008231433935395728
Cmpk2	4.1054990378023664e-20
Pstpip2	5.385433447725531e-08
F630028O10Rik	0.000427643651924741
Syt17	0.15145762200539398
Folr1	0.0062256746922576284
Sytl5	0.19719275864250382
Steap4	0.018426724827259863
Unc5a	8.216638642765554e-17
Robo2	0.10984856818518624
Syt1	0.1934253143491497
5430427O19Rik	0.0005113707724986867
Rnf152	0.1484312262644956
Tmem171	0.002236009608593958
Tbc1d30	0.13505492105721348
Sec16b	0.0027079422091570117
Slco2b1	0.0001663080274591834
Gucy1a1	0.04518562403374568
H2-Q6	0.00044677068468498073
Ccl20	2.1805596895806215e-13
Nlrc5	5.47693392992964e-14
Plpp7	0.04737884247231298
Tspan1	0.0794128101236857
Nxpe5	0.00013355469478350403
Map2	0.14588194900204562
Eppk1	3.270379844196971e-21
Tnfsf8	0.0031255290838513496
Nmnat2	4.9433348558349735e-17
Sult2b1	0.22221283151625149
Hid1	0.02806436197359255
Lrrc4c	6.384949337128086e-05
Maob	0.0004939441712615333
Ralgps1	0.13282341792818134
Ccn5	0.0025026484622746635
Aldh1a7	0.4285344845565623
Ramp3	3.3549344779109257e-96
Ap1m2	0.1312111974126177
Nipal2	0.38409519044409784
Map3k15	0.20994321118589424
Sh2d4a	0.09426610404278266
Palmd	0.1442849748578734
Rims2	0.2811036042630422
Klra2	0.0011632540916975517
Ehf	0.2199185650682568
Rnd1	0.19524692250464776
Aqp9	0.0008950943372446309
Tox3	0.13877151134623691
Cbfa2t3	0.16691559510571774
Cttnbp2	0.13228068274427754
Gm6209	5.284002696809968e-05
Rarres2	0.004749705217726759
Cox6b2	1.1193776158996827e-15
Smoc1	1.6784195712101438e-07
Ryr2	0.2322923875198495
Prkcz	0.2860806869178102
Slc25a35	6.79239510372532e-13
Fam183b	4.226201687450117e-09
Gabre	1.659649908673594e-07
Upk1b	5.438713284906743e-24
Stmn3	0.1856551997205094
Eef1a2	0.0038247793605390786
Zdhhc23	0.07526418099103609
L1cam	0.04002831269787224
Esrp1	0.328248479452847
Tmem117	0.17007561596438725
Slc37a1	0.23113556791182402
Cdc14b	0.06760040939222381
Myzap	0.08059369002916485
Rnf165	0.0034736273769401882
Scg3	0.47774453105304276
Trpc6	1.0822565473334796e-20
Rundc3b	0.1622381360712271
Tjp3	0.26166117818919715
Itgb6	8.981992378764735e-10
Dchs1	1.4627322470872247e-06
Chga	2.451864073433052e-17
Clstn2	0.08513308651098402
C1qtnf3	2.0525337737365253e-05
Bspry	0.4508689050041609
Cabp1	0.3964833564777325
Bsn	0.2682663624755416
Shank1	0.29701875092892754
Klhl41	0.31815777249315774
Syt9	0.15119551550344698
Phactr1	0.12299013825100553
Hoxaas2	0.009078902775251665
Arap3	0.0006661177917262815
Ackr3	3.0246220556743046e-06
P2ry12	0.0007566501580331939
Mal	1.7223392367502422e-73
Usp43	0.08410978280901228
Tnfsf15	4.832278108904674e-21
Dennd1c	0.004094190011991701
Camsap3	0.17871354924120442
Dach1	1.0487571553408606e-10
Gbp8	0.0007152953138476282
Macc1	0.21084068239738415
Acss1	0.03332965006006097
Ephx2	0.0010718510614706014
Itga8	4.15920435498276e-06
Srpx	0.0008363640808133785
Hsbp1l1	0.13419995923483666
Gpr85	0.00020957170059380853
Bmx	9.192841871590373e-07
Spns2	0.15341608496845022
Crmp1	0.20426258798434216
Nfatc2	0.20865074762748498
Arhgef16	0.0024673231293802357
Bace2	6.171571002734308e-19
Adam22	0.13434377001931458
Ifi209	6.014104089144109e-11
Tro	1.2051064373261002e-13
Scg5	0.3537835998399412
Pex5l	0.3185419532909516
Gm12829	0.21839749100822806
Mrvi1	7.000000908726132e-05
Fgf13	0.18606095745581835
Tox	0.19357569637200855
Fgf12	0.17434341477114754
Cadps	0.1293803205465442
Ccl24	0.06054671874343574
Mir142hg	3.028913661919223e-34
Hecw2	0.15463722921569759
Ednrb	6.143417864594407e-07
Arg2	3.0502826268473944e-08
8030453O22Rik	0.0037461251422388642
Tlr8	0.00015435231904959478
Mest	2.336898698059358e-08
Chgb	0.019476191620867965
Dsg2	0.2513490797659109
Prr36	0.024843134685942028
Nudt10	1.9786452202305744e-10
Robo3	0.1872579815863861
Syp	0.3028834973847652
Trem1	0.0002798412769408397
Slamf7	0.009797488598574957
Fam222a	0.1319961048318019
Cd86	1.2828465242191162e-06
St6galnac2	7.592420992283164e-17
Ppm1e	4.0599590572509366e-21
Phyhipl	0.2990697152845092
Sh3gl3	0.01762355498974117
Rapgef4	0.18229715098267435
Gdap1l1	0.15944583868760343
Zfp983	7.094938288768765e-07
Efr3b	0.02348683021130719
Gldn	0.14306628089910461
Lama2	9.068480639409449e-16
Dnm3	0.11306690510749144
Kcnj2	0.0135646933773359
Nova2	0.17543834925735122
Npy1r	3.0425088313306326e-06
Dpysl5	0.29273548762859447
9330182L06Rik	0.1503350565672791
Trem3	0.00024914304485905496
Ebi3	0.00041299199731342827
Pclo	0.29994563359678394
Cdcp1	0.3287878821932159
Jakmip2	0.2963491746188798
Gm6093	0.00039614599741888884
Dner	0.29572340664429814
Olfml2a	0.0188283632327165
Fhit	0.09955376642727867
Tll1	1.458838772744933e-13
Slc2a13	0.1781446737440374
Gabra3	5.5075942221567516e-05
Cadps2	0.4825786433744273
Myo5b	0.256301926740683
AI661453	0.05849686151332958
Hs3st3b1	0.18238168943406344
Soga3	0.25827174527802393
Elavl3	0.07706266716952224
Emx2os	5.235067720498417e-05
1810019D21Rik	0.0003963342349594567
Fam124a	2.2390611659511374e-09
H2-Aa	8.163329421986183e-10
Cxcr2	0.005636790686513838
Kcnk3	0.05878255312963133
Tafa2	0.2287897755834554
Nxph4	4.92691594509059e-10
Ppp1r1a	1.1484678336509268e-05
Ppp1r3a	4.1657154328139913e-07
Serpinb12	0.04735449433266187
Acsl6	3.580181956825726e-13
Shisa6	0.269195986333986
Gm2115	0.005815306082389174
Mctp2	0.18978179614511376
Xkr6	0.09092586325545703
Tcerg1l	0.4022097960596059
Grhl2	0.19274326813703277
Srrm4	0.33918445535375813
Sigirr	0.1289670885252243
Wscd1	0.21211048747264688
Mmp12	3.121255347121791e-10
Fam13a	0.08627985300929186
Gm21188	0.0010566366200849282
9530059O14Rik	0.10260110631171776
Slc7a3	6.138386748373893e-07
Gm6116	1.5546634691729118e-60
Gm4070	0.004300229554080819
Pacsin1	0.0739928135784504
Prss22	0.00018623198803037117
Slc9a2	1.778065376678583e-06
Lad1	4.859838491612543e-07
Adgrb2	1.5233769334547755e-14
Itgbl1	3.605476593912246e-11
Greb1	2.452562215026904e-06
Snap91	0.2589532179250054
Slc16a12	0.15724667343258963
Gm15640	9.243759940416074e-118
Msln	3.760110679866225e-07
Gdap1	0.05274200654196832
St18	0.22114867839197414
Enox1	0.2610426213644083
Adgrd1	2.8236479398412105e-09
Slc9a7	0.18156709838955587
Nr1h4	1.4113449283383182e-19
Dusp13	2.142773815676411e-09
Gnao1	0.38716133383787577
Gpr132	0.0027992549953187148
Pcdh10	2.8870707188374948e-15
Pcp4l1	5.157725612139561e-06
Slc52a3	8.535482432699713e-10
Clec4b1	0.0023283780259838846
Gm26782	4.844631292431217e-17
Cxcl5	2.6555156629591447e-05
Cpz	0.0013361186625031796
Fam83f	0.1322376045156817
Hhip	0.007255450152832726
Fgf2os	1.6711381840489862e-06
Treml4	3.6908295050751025e-08
Dlgap3	0.13854830197616358
Tinag	0.0001670833573652002
Kcnb1	0.23115883236797463
Sox13	0.21830537196878844
Kcnk12	1.284108668483454e-06
Gm46224	0.00015256340525762082
Pcsk1	0.06752036721455155
P2rx7	9.221638200854476e-05
Srrm3	0.24548169976372294
1700019D03Rik	0.2482072536762399
Hoxaas3	0.0019729466118569
Fcho1	1.394125703833973e-10
Sprr1a	0.0012102898004881068
Zdhhc15	5.8658638979733615e-12
Ptpro	3.739802233129259e-12
Smim22	1.2325521059943739e-16
Gm26802	0.12239503055196102
Snap25	0.255172681272713
Prss8	0.00010003784425727296
Trbc2	0.0002043925518142011
Celsr3	1.194952929185122e-11
Aox3	7.525377125924856e-05
Tmem198	8.902633270252388e-07
Cd80	1.923948309181647e-21
Tafa1	3.29352126463734e-14
Rab17	2.6078832728706624e-15
Pilrb2	0.003968297989855957
Gnaz	0.025264687010309417
Adgrv1	0.20097267561673818
Wnk2	0.4571446444685986
Traf1	0.0010860288858941206
Scn8a	0.19452952396167852
Csf2rb	0.003930613384413332
Tcfl5	0.00037150729628675276
Isl1	0.0006254694426184866
Rtn1	2.2614058936014264e-14
Crtac1	2.7388466130387282e-08
Sult4a1	1.1242267270349835e-11
Cul9	0.10758757555127053
Arhgef4	0.1235519960879771
Syt14	0.27129928605944126
Sptbn4	5.762665585224061e-07
Mt3	7.654916948971064e-09
Nlgn1	0.13897708956167099
S100a9	5.457731706515466e-85
Galnt14	0.3579715731791247
Scn3a	0.18590550997864871
Xlr3a	2.610297977475002e-10
B3gat2	0.09664028965693336
Derl3	1.3470467713944056e-07
Tmem35a	4.380386975743157e-05
Gpr55	9.847548483662992e-06
Serpinb2	0.0007950102066815896
Epha7	6.924473633348863e-18
Il18r1	0.0001509902337786657
Sptbn2	0.1566129862709659
Wdr66	0.057796186167866574
Nwd2	1.9366587996588448e-10
Vsig8	0.0013193249610768357
Ksr2	0.34933604379792066
Oacyl	8.137503956384917e-13
Dnajc6	0.38476785741584585
Stmn4	5.405769042973233e-09
Unc80	0.17555316116015268
Arhgef15	2.1228715919436184e-09
Tmem108	0.0005212395787602272
Gm16701	0.004185969066156401
Ptprz1	0.2441043914670822
Fam184a	4.0693588316259993e-19
Zswim5	0.15628825739528152
Susd4	0.21809379920148617
Aqp4	5.539929246606103e-20
Capsl	4.0361787377306455e-09
Celf3	0.0065350761523799514
Pgbd5	0.2668383867598915
Galnt9	0.417808294386576
Slc18a1	9.270176181067903e-16
Gm33370	0.00013944871802777016
Prrt1	0.00036993276532125516
Kdf1	0.033418538087072285
Ppp2r2c	0.1888523644336222
Elmod1	0.1915908415060636
Gm37168	8.103776796556373e-15
Pdzrn4	5.224105297031774e-18
Zfp979	0.0004065296148001309
Ap3b2	0.1975539321285646
Il1b	0.00012962897186743778
Pdk4	3.626607301311496e-05
Lhfpl4	0.23365974582228333
Sox6	1.2097908212380083e-12
Olfr1033	8.097019955912921e-05
Spock3	0.16775796864070383
St8sia5	0.2591889396705878
St8sia3	3.981453769170593e-15
Cib3	1.9315049168240704e-06
Prox1os	0.1341001298201987
Rasgrp3	0.0651938924306598
Cryba2	0.14361336551517281
Gprin1	0.09553796308483066
Fbxo41	0.13049690685326584
Maneal	8.360588689146325e-10
Dll3	0.1534921227895853
Hoxa5	0.007592070744971507
Evpl	6.31864075411349e-19
Gm28710	1.7251852576107452e-126
Snai3	6.109046514173679e-21
Gm16136	1.6696688482791318e-07
Camk2b	0.001554149582146448
Tmem54	2.712439498314594e-16
Slc29a4	1.0451037475016082e-11
Gm16287	2.788475993771636e-06
Nr3c2	0.07603805252907092
Mapk8ip2	0.092559137421437
Lypd1	2.2298555446527714e-11
Bcl2l14	0.0002134121246790719
Ndst3	7.902825040616256e-06
Col4a3	1.0276131686627834e-13
Marveld3	0.14223412233610544
Vstm2b	4.076941930243962e-24
Gm13470	2.3330442894648984e-08
Jhy	0.2495989617589034
Abcg3	0.0002814929401831008
Vstm4	2.1581106460435574e-06
Wipf3	7.814436913437623e-05
Nrxn1	0.1078803449737369
Fmn2	0.23309368005078526
Gm14964	5.136574747219538e-09
Ajap1	3.0087282533124093e-12
Prelid3a	0.15504556270126285
Dll1	7.777783228890051e-17
Plppr4	0.15871581328652132
Carmil3	0.0528901356206087
Hs3st6	1.6829656207704592e-07
Kit	0.11145334490546582
Grin1	0.3191684721500299
Pde7b	0.0003483060646129903
Ephx4	0.10959803530038816
Bmp7	0.13423730487497199
Zfp941	0.027948604902801964
Cnnm1	0.12368882208371675
Skap1	0.1555542175205179
Nrg2	0.24320448976665734
Slc12a8	0.23888916978099606
Samd12	0.21956639255767743
Ccl22	4.057794271355431e-24
Pls1	0.07788258055583132
Wt1os	3.7116912596118654e-06
Tdrp	7.270093402128947e-08
Slfn3	0.003989209271193325
5330416C01Rik	5.695615784494085e-13
Ildr1	0.05087272840690714
Hdac9	0.15128812515042425
Tceal3	7.111937358719318e-08
Kifc2	1.6066345246182045e-11
Snca	0.09709059546390435
Caln1	0.2405838034938871
Kcnb2	8.652903090235825e-13
Zfyve28	0.32183334617768083
Gap43	3.5730167768359692e-06
Slco1a5	0.04997355484113433
Glrb	0.20862457685691158
Clstn3	0.25415130065892727
Tmprss2	6.731790936546646e-07
Nfasc	0.1897274317269589
9630028I04Rik	2.1258084399443353e-13
Tnk1	5.977027284736606e-16
Nol4	0.32138524590014333
Tmem150c	3.0343654417803163e-12
Apba2	0.14244377953405338
U90926	1.1061223725619e-07
Cadm2	0.2415066410363566
Ric3	0.3005428883272249
Cplx1	0.05474675808366071
Rorc	9.704759495100297e-16
Pik3r6	2.8526656525495638e-05
Arsj	3.086165450969272e-08
Bcas1	4.487179558249572e-17
Sh3rf2	0.11552548941796766
Zfp804a	2.649349757674656e-06
Ankrd55	3.583463748941955e-10
E330020D12Rik	7.661301325709032e-09
Apc2	1.945414105698651e-11
Cdh10	6.596268462209521e-23
Slc6a14	0.00028159381540952637
Susd1	2.5898683338196214e-15
Cnpy1	0.1868328848344373
Lin7a	2.1214377280230542e-17
Stmn2	1.1090769461848969e-05
Slc7a14	0.21959045660204415
Siglecg	0.00012612582900002804
Hepacam2	1.5681205447761543e-08
Ces1d	2.4596768005959086e-11
Cdh22	0.03312066991769359
Vat1l	0.019530605374182955
Trim67	0.004944446482846562
Ces1g	7.161060516258058e-05
Kbtbd11	4.4841478162742135e-11
Tmprss4	0.0668128675867474
Htr3a	1.3067737565699913e-08
Gpr149	9.452357406927727e-08
Pcp4	1.111159867532211e-12
Smim10l2a	9.167814664890946e-09
Kcnj3	0.2827829927713124
A330076H08Rik	0.2074148186678957
Gpr141	0.0037396117270915167
Sez6l2	0.20655262687565099
Vipr1	5.389145224344941e-15
Prom2	7.774562205429154e-12
Scn9a	0.06690259704260082
Gm50147	0.004114771921877884
Pax3	0.03693567375931365
Hs3st3a1	0.1095883054861848
Pdgfd	0.025447299282656537
Tex15	9.770677478099652e-18
Notum	4.012114083284041e-05
Kcnmb1	5.1656509143416534e-09
Fgf14	0.2378827446796586
Unc79	0.21164854626943594
Slc15a2	3.849443108969099e-16
Nptx2	0.06427493778469273
Kcnj15	2.7602734367986525e-12
Akap6	4.963809013803788e-16
Gm11627	0.0004984415407758077
Eci3	0.0010417926498696235
Kcnc1	0.13763401540735168
Gm15915	1.0480941691447348e-15
Neto1	0.2516861914798499
5330417C22Rik	0.09535910653595328
Lrrc4b	2.1506838050866686e-11
Tubb4a	3.487246582413182e-12
F5	1.0238246996661119e-11
Cidea	3.648344685397841e-05
Myt1	0.13540879670671602
Scnn1b	2.174466173619462e-10
Clvs1	0.22031229420088905
Ceacam16	2.898059714895273e-05
Clec2i	0.01244135916379357
Atp8a2	0.10301806833189343
1500026H17Rik	0.03427408058698624
Rgs7	0.2896452919431775
Sarm1	0.021705981452433326
Grin3a	2.6858097626310963e-14
Scn2a	0.06766801181895188
Csmd1	1.5763401345633741e-18
Mirg	3.1001967674503794e-16
Add2	1.0849548123476373e-13
Rptoros	0.3188178409819762
Sgsm1	0.20894091734727224
Tmem28	0.18368425128487456
Lnx1	0.1142638358316891
Megf6	6.58922083317793e-10
Ret	0.25841858866956113
Ovol1	0.11830693493366597
Frmd5	0.048485362942110616
Bmp3	9.722202606117417e-05
Soat2	2.7616295922955257e-06
Tmem178b	0.1662037567326173
Stxbp5l	0.2329593794348029
C130073E24Rik	0.20298833400341323
Sytl1	8.094427153270745e-16
2810433D01Rik	1.1228031489580625e-06
Ptgfr	9.847379044294466e-05
Nkain4	7.499428744323857e-05
Anks1b	1.1206019889145281e-14
Gimap9	3.4255252540101e-05
Gnmt	3.5294494815521984e-18
Fgf5	0.12166011148933885
Syt5	0.002572268116158147
Zkscan2	0.11896174156255872
Gm16685	5.740650090074004e-06
Plcxd3	0.2022185258810618
Fam187b	0.03964346873355233
Cux2	0.2690399193811494
Scnn1g	2.1744702440695952e-10
4833427G06Rik	0.00011127931377598033
Ankrd34b	7.047854511905367e-08
Kcnk16	0.036839251832942246
Magi2	1.692659005210119e-08
Sez6l	2.6832759697012333e-05
A730049H05Rik	0.002199235033783075
March4	2.9258919663700744e-14
Amph	0.13777724341467315
Hcn4	1.4072468714608023e-15
Gm26760	0.0010876796488312513
Kcnh3	0.059806897149694865
Cacna1b	0.1971349890198288
March11	1.2446030715444734e-11
Scn5a	0.220357093418083
1700012B09Rik	7.532305778405326e-13
Tox2	0.025689727714587756
Mapk10	0.020566486231753365
Sgip1	3.383390420509003e-07
Kcnq2	0.11858717471233593
Rimbp2	0.11408581424623118
Pof1b	2.910792320449297e-05
Bicdl2	4.664425073606617e-14
Gm41764	1.7949891393603108e-08
Brsk2	0.173210318984323
Cdh3	1.886944642188666e-08
Grm5	0.1967282689373962
Rps6kl1	0.0006130401438218956
Doc2b	3.9170079451604854e-12
Plppr1	0.295321276464492
Fermt1	2.6407638412900047e-14
Otud7a	0.1856241835261724
Gm16152	4.23661583904378e-11
Exoc3l	4.493644467059934e-09
Sncb	7.761616271840323e-15
Dgkg	2.6854139854471443e-08
Nkain3	5.604370453933582e-15
Ccr7	0.0004139259492516963
Slc1a1	2.4918258090811664e-06
Slfn4	0.0014032815812495367
Gck	0.19497737053312258
Pde1c	0.0753777962939439
Clca3a1	4.053254118260046e-07
Gm14207	4.373942692290094e-09
Nxph1	0.12636760296516128
C230038L03Rik	1.7354783050690082e-13
Scube1	0.004337308355206839
Rimkla	0.11853362002450575
Nalcn	0.16632827488095936
Htr2c	0.0025874264284990794
1700023F06Rik	1.9741516507340396e-14
Atp2b2	0.07810363251202444
Gpm6a	2.9891835439785257e-15
Gna14	4.5414869179511804e-10
Ctnna2	0.2207502791584914
Rims4	0.05768313867502214
Hpgd	6.677792390233568e-07
Cend1	0.04206682221890819
Gm3696	0.0006813886766184492
Oprd1	2.570324360680086e-18
Ly6g6d	0.00046166756558940926
Dtx1	3.6135205133634262e-06
Atcay	0.03945206249888734
Gm38843	5.901192546526337e-05
Shank2	1.0833493328279168e-11
Col6a5	0.14134021661067842
Gria2	2.2438237391316904e-20
Btbd17	0.00011469031106069673
Trmt9b	0.02480979915062345
Dpyd	0.2268910843483859
Adgrb1	8.740742015624695e-15
Lonrf2	0.06620118354414181
Pcdh11x	1.9560891448746827e-05
Tekt5	4.4566711143249545e-11
Usp29	0.001362691847713895
A2ml1	3.469039833622781e-06
Gsdma	1.3242787731576454e-08
A230057D06Rik	0.19026245770089154
Rgs18	0.00020560852641419097
Cnr1	5.201578661525678e-05
Vstm2a	0.03959989246677299
Ano3	1.3323372446900668e-09
Ccdc92b	0.1310923030470045
Cdh4	2.52936882641562e-22
Ccdc33	0.026657946150679093
Kif26a	2.143256323379455e-07
Adtrp	0.0002053746131397982
Mmp24	0.165093500370183
Cacng4	1.7012701614317293e-12
Atp4a	1.4940966243971805e-13
Ptprn2	0.056875640041645324
Slc39a12	3.264469938432619e-05
Acss3	0.0017483730452185929
Npas3	4.5454809344658734e-17
Ovol2	3.142110135912752e-05
Dlec1	2.9797258749249978e-06
Tg	2.2484072926695477e-08
Slc26a9	2.1664688515668884e-12
Ano9	4.4034527436302164e-11
Gm28172	0.09841758448910154
Adamts16	0.0006901777074484435
Kndc1	0.13953204152460996
Asphd1	0.19430470142274073
9330159F19Rik	0.033807702948922554
Cdh20	0.2555019892121551
Sybu	0.15333553455439383
Adamts17	0.158111423034261
Ica1l	2.2252272676249096e-15
Sez6	0.12491804198210266
Dclk3	0.0035102289287874586
Fam135b	2.246793739624399e-12
Zim1	6.93929168764537e-05
Scara5	1.840823367443007e-06
Smim6	1.2093892358720037e-06
Miat	3.699143263038428e-17
Rims1	0.0006369422287461017
Kcnip1	0.20615263726116817
Gm35853	0.055238341283036924
Ttpa	1.4143924843277432e-17
Esyt3	4.330612050236932e-08
Gm49767	9.645433113101255e-05
Cyp4b1	0.014045826821643438
Cfap52	9.800590937688369e-09
Fam155a	0.022517618515319564
Plch2	1.479753049784925e-17
Dcdc2a	6.126946789183051e-19
Fitm1	0.002924785087886252
Gm44275	6.596313210405853e-07
Wnt3	6.440821617490574e-10
Gm28154	0.029052163390970637
4930555A03Rik	0.0025741507030947416
Pde11a	0.009472081754164174
Gm14461	0.0031694326401788485
Astn2	0.1958143254873852
Gpr137c	0.0075286090005579585
Upb1	6.750307317229016e-10
Adamtsl2	8.595282967609503e-06
Gm11716	0.00022763108383086332
Fam83b	2.7146327905108387e-21
Ocm	5.779038291792036e-07
Negr1	2.3543896125414246e-21
Kcnh7	0.03909850914801008
Dsc2	1.1182877512142165e-12
Shisa7	9.528078800955478e-16
Gm40841	4.5239016533185866e-14
Gm47754	0.0014439351093851014
Arhgef38	0.033203967840946064
Frem2	6.582322046877912e-19
Fut1	0.11184311326452925
Kcnq4	0.03845027828521641
Ccdc148	0.1292328282982843
Phactr3	0.0013468097961678604
Umod	9.200986826015192e-09
Scrt1	2.9329184473011422e-06
Aifm3	3.5011801005762853e-16
Cftr	1.2916625445907002e-13
Cd164l2	2.2111980209819217e-13
Xkr4	0.09437571174101742
Platr27	0.00023246989518164882
Muc4	1.630832989441478e-10
Slc26a7	7.483822113986236e-17
Wnt7a	0.006573936442373781
Clca3b	1.0849723451770369e-15
Mgat5b	4.193690323899112e-16
Fbxw10	4.597112979510857e-06
Dll4	1.0986188604497423e-12
Golga7b	0.09898929390812551
Tph1	5.625030632175444e-07
Ugt8a	1.722559213723629e-13
Glb1l2	1.2674186775353974e-09
Stx1b	0.00021762610894487415
Gm45447	5.952702648181654e-10
Pou6f2	0.04133708325493905
Stk33	0.14893060228763716
Zfp385b	7.407710548917264e-12
Cadm3	0.002841291041135759
Hpn	2.0009717937390233e-09
Ky	0.1540239258189904
Syn2	0.07886740134236019
Syndig1	2.4116210587784073e-13
Ppfia2	0.02471643409194292
Myrip	0.11791558585844106
Epha5	2.3756144713964466e-17
Aoah	3.740178738063674e-05
Gabra5	2.8234725621723535e-09
Nrxn3	1.0760642020376677e-18
Irf6	0.0631638817372427
Gm30873	0.0691627282075669
Scn7a	0.008920480926117889
Cdx2	2.4434670852572084e-08
Pak7	0.03664417518746674
Ncam2	0.04260496138165599
Rbp2	0.0012474133723490784
D430041D05Rik	2.5632849010819624e-19
Lin28a	0.007021463651574408
Nup62cl	1.5898734047758327e-05
Zfp711	2.0260797155435905e-12
A830082K12Rik	1.297665626124462e-24
Nr0b2	2.91870483714677e-10
Sec14l4	2.1744759916944053e-10
E330013P04Rik	2.632638703150982e-05
Fstl4	1.0695365064281665e-11
Adgrb3	0.12188106935302978
Dync1i1	0.058071522005682046
Slc24a2	2.902948248165844e-13
E230016K23Rik	1.1018451751375497e-27
D830030K20Rik	4.6121900005812824e-07
Tdrd5	3.7284722879816266e-14
Asgr2	6.218504459791636e-97
Cfap100	1.1758032681779477e-06
Actl6b	0.0015136088095436737
Rgs9	1.2981733321395244e-10
Slc10a6	1.497785849800875e-06
Gm33103	4.004398024366517e-11
Kcnn2	2.4578627394118845e-13
Nrsn1	1.7109022156296675e-11
Gm10244	1.1069613425693005e-05
Plppr5	0.00479093232961164
Pcnx2	7.118437649967274e-09
Lzts1	3.5953683154651652e-09
Gm35533	5.051382850280628e-05
Myt1l	2.0641149026432356e-12
BB218582	3.4601739472002546e-08
Gabra4	1.1352362967614788e-08
Stox1	2.3069533419877534e-13
Mdga2	0.15092491464814223
Dcc	0.06460185982495482
Pde9a	1.8705339876660436e-08
Cyp3a13	0.10277275469534251
Zdbf2	4.7136338229866895e-05
Cntnap3	2.8004960558594513e-16
Elovl2	0.021101377541780722
Ptprt	4.761226287275807e-10
Ttbk1	8.94821674171343e-17
Scn3b	1.2472715170584158e-07
Pirt	1.8333552561235687e-12
Gm33699	3.49907297050322e-05
Sv2b	0.03873798173312173
Padi4	0.0010425274740011733
Cdhr1	1.840397610833129e-05
B830012L14Rik	0.0018730922405670975
Ppp1r14d	2.1009527370801426e-07
Gm47662	5.54164272984392e-12
Grid2	0.28878405137232044
Stat4	0.009235769600397632
Far2	2.1918303878611534e-14
Nkx1-1	1.642233144795252e-07
Lrrn1	5.658019994830284e-08
AI646519	2.930201939520299e-14
Vwa2	0.09939073387724709
Gm48284	0.0003887358051442484
Opcml	1.0150854925936824e-14
Il20ra	4.7807742640065415e-14
Gm30363	9.832170003681452e-11
Vmn2r79	1.5021029964247905e-10
Kcnh8	0.14830456835259392
Ldb2	3.7714082030771188e-06
Cd200r3	0.0038027824350125
Mmp25	1.044159154413167e-10
1700001K23Rik	0.0003124366369993839
Gabrq	1.5393601183163787e-05
Apol10b	0.0008666910846011647
Gabrd	2.6405325924112083e-08
Bmerb1	2.8237694912841e-07
Scarletltr	5.843111878807627e-06
Kcnh6	0.09959396393763999
Snph	9.002326575838988e-13
Dach2	1.4087710102666827e-09
Gm15987	0.001980662492399659
Grxcr2	0.004796634821031183
Shisal1	2.7400211457494368e-08
AW551984	0.002825352849683991
Slc35f1	1.4218747779184805e-17
Dab1	1.312091677238471e-12
Ubxn10	2.1418195445609495e-07
Egflam	0.0002156309507178318
Dpp6	0.12842195946808094
Tenm2	1.1805370945382107e-10
Tnr	6.979617972946454e-15
Hrh3	1.8501236545012674e-06
Sidt1	0.04647597932571283
Gria4	6.823686725749534e-28
Cer1	8.262548393422607e-05
Dcx	7.042998623635595e-14
Slc16a5	2.5007190147156806e-15
Fgf9	3.2828068234671546e-13
Trim9	0.010836686455560931
Pcsk2	1.2883222327423456e-15
Vil1	2.0104056548875726e-06
Muc2	0.0033186177562089876
Gpr179	4.40768103913849e-09
Flt3	9.929519816327819e-05
Nme9	3.957933425773272e-05
Pcsk2os1	5.753427482630674e-07
Slit1	6.368684060555554e-15
Kcnd2	3.537886514638806e-21
Clgn	0.02187349986876253
Cutal	9.102025692116626e-07
Zbtb8b	2.7475332908463446e-09
Kcnq3	1.939204950331552e-05
8030423F21Rik	0.002516849555931399
Chl1	6.219263165476763e-11
Colec11	0.0005775711006400057
Tacr1	2.112461367592871e-07
Morc1	1.2847789152343377e-10
Nmu	0.0007941402692004979
Gm47547	0.0002797808061660367
St8sia1	7.65647915900418e-09
1110018N20Rik	0.0009156731869261975
Dusp15	2.743549286494e-06
Gm6277	3.1538207326218754e-13
Ptchd1	6.234427022457935e-07
Timd4	3.875345217856026e-05
1700028I16Rik	0.0001483525987487021
Gpr156	0.013500583174813827
Col9a2	3.917392393136892e-06
Cntn4	0.0036992262180921
Synpr	0.000991596619862733
Rgs8	1.0219068683684808e-06
Dmrt2	1.1166330607041278e-10
Gm3739	1.1985287392220396e-18
Gm34225	3.6208190134341193e-12
Gm16183	6.379726801286941e-13
AI463170	6.546240072880719e-09
Cldn23	3.3059948729136826e-09
Nsg2	4.5469929545967875e-05
Sox1ot	0.08524633429207536
Cbln4	9.214668499815261e-14
Syt16	3.242552007505586e-10
Gm19276	9.568431132180203e-12
Ces1a	4.9122174252873356e-05
Vwc2	5.203770005964512e-05
BB123696	1.0636716546299839e-06
Ttc22	3.690993464305836e-09
Tmem130	1.9898404908610647e-05
Frmd3	0.03970641107372244
Ncan	3.0160010836054756e-05
Ccdc85a	2.733146768025513e-09
BE692007	4.471279144443312e-06
Zfp366	0.004766138948857105
Fam163a	1.6689904529622963e-23
Dleu7	5.214649862282632e-05
Sall1	0.00014587407537755106
Mt4	3.1385574972503094e-11
Gm8369	1.656145467713802e-08
Tgm5	0.003922771601892396
Trank1	0.0003798978619218874
Frmpd1	7.069948595288968e-12
Pgpep1l	2.0162559179936944e-12
Phf24	1.9242264775642458e-07
Vwa5b1	3.8937669199959393e-17
Gipr	3.1289932389651747e-11
Duox1	4.8969940457144034e-09
Cfc1	2.0753199634334164e-13
2610316D01Rik	1.0529880379034077e-17
Rbfox3	4.056972819349897e-08
Kcnt1	1.3173078101719489e-13
Nos2	0.00012150159887830117
Unc5d	2.764959258053888e-07
Itprid1	3.2747289549553135e-08
Slc6a5	9.157287386027625e-29
Lingo2	0.004612752805951645
Tph2	3.053756657384202e-13
Colgalt2	1.5485303441591875e-11
Egfem1	0.00013701174678444587
Gm49335	0.00033710286618173494
Nell2	2.8653750460325874e-07
Grm7	4.7758089429230136e-14
Gm3411	0.004589604767567471
Pkhd1l1	6.422765245001621e-27
P2ry10	0.0028627252212589695
Lrrc2	2.591927987815321e-08
Cntnap5a	4.647388481162666e-13
Gm17733	1.4323499010380985e-05
Efcab1	1.6548432311910855e-20
Prok2	0.00015237793393335446
Dok7	1.5992090242390897e-19
Gm41231	5.244208649869484e-08
Tspan2os	9.799835629864753e-06
Mcidas	1.623977774311099e-10
Kcnj6	0.00011529099138177954
Ngp	1.4461743767508969e-18
Gm8281	2.6255639976369044e-19
Oit1	6.205484293926245e-09
Nat8f3	0.00028754194887423525
Jakmip3	1.232633996231631e-10
Trpc4	2.8643930942752072e-12
Extl1	0.00018658907398281605
Tmem89	0.00037338432416652824
Gm36107	0.003887816896741249
Ltf	7.554278944655722e-18
Lgals12	7.007292590776313e-08
Esrrg	6.900065883604068e-07
Diras2	1.4925343338425767e-05
Myo3b	6.206891668886803e-12
Smbd1	0.0005288042877069482
Gabbr2	1.3685546317847542e-12
Ace2	6.506110007760224e-08
Trim71	1.6547867710264458e-07
Svop	5.073980802772972e-14
Tenm1	2.8425136400774512e-06
Astn1	1.3160165172117421e-17
Synpo2	2.2548836416320607e-06
Prima1	2.4869343703587782e-05
Dgkk	1.2086824302814353e-05
Cntn1	1.4597584929273413e-05
Cabcoco1	5.1647897506292404e-11
Chrnd	2.2569987635305295e-05
Gm2814	0.0026865276508793263
Adprhl1	5.023722265547033e-14
Gm48893	0.047000627643739794
Car10	6.162634992465153e-13
Rdh1	2.3645293231997545e-08
Amer3	1.4368374197364457e-07
Mucl3	0.001691111635684379
Gm5796	1.6068230329644136e-08
Gm13528	5.5103758930934126e-08
Gm10406	0.1230513971689033
Pdzk1	1.0463408751035206e-15
Pgr	8.421084519536418e-20
Timp4	1.2442772884871836e-06
Dnah9	1.6709957646722646e-09
Gm42902	1.0041946357175301e-11
Slc38a11	1.0618921201440805e-16
A830018L16Rik	9.862667862545474e-09
Zfp536	1.6079132895618104e-05
Rxfp1	0.0033938783308629997
Gm671	1.8718455209287232e-05
Tceal7	0.00021897598013874832
Hs3st4	2.5090481183980516e-06
Tmem145	1.3774074512907245e-05
Ano4	5.467183280688383e-09
Erich3	4.673673578714538e-06
Gm45833	0.025384925849746755
Ttr	2.4819041859587632e-05
Ptprr	2.046065423963584e-18
Prr15l	0.005499564480295617
Adamts18	1.0055334140912891e-11
Chrm2	8.761889246072302e-27
Lmo3	1.5786784720864707e-06
Blk	1.98580790240473e-06
Gm3252	1.566073427985146e-09
Gm16548	3.275267094759875e-05
Dscaml1	1.2343502101455085e-08
Tunar	9.32444574130237e-05
B3gat1	1.5657171798287176e-15
Gm11636	0.004832023484677687
Gm3667	3.605152810001661e-14
Gm27217	0.0007229020973059776
Gm3558	0.00231418583849482
Gm11963	5.7314274126427665e-06
Snx31	4.089295662316085e-05
Il2ra	0.0006328391394414937
Scn2b	0.004295446011138895
Tmem132e	0.009429947264265742
Lingo4	2.0111404763926723e-05
Htr7	5.3524066779956095e-05
Disp2	2.1739653237501274e-15
2610042L04Rik	1.521495846454072e-08
Casr	5.070525523036422e-11
Dscam	4.376755980216894e-13
Cpa2	1.6456012021514302e-10
Brinp2	4.913483925457971e-06
Cntnap2	3.435565711695834e-11
Izumo1	9.225133328543461e-06
Grid1	1.1338070822835594e-13
Chst10	4.4151759945519675e-07
Kcnip2	5.460585483836764e-16
Gm50339	3.088658930460291e-08
Lsamp	3.944191893846937e-06
Ttll10	2.0621299224365726e-08
Cdh18	3.8147627480344017e-07
Klhl4	8.635686931040724e-79
Pkd2l1	1.1221797143303169e-05
Fa2h	9.836127658280877e-12
Mylk4	1.2161336992378904e-07
Ermap	1.2701823376014304e-13
5730420D15Rik	0.0002185184568898191
Gm4610	3.2450006333047525e-25
Pla2g3	1.1638279342696396e-08
Pax1	5.427915887606979e-07
Nkain2	2.912288431000237e-07
Hhipl2	1.3407139911612205e-12
Erich5	6.257099934125993e-08
2610016A17Rik	4.110170645226391e-06
Gm5148	7.913320445114303e-08
Edn3	0.0017547531283546107
Lhx3	0.00027944094646104457
Gm7967	0.0016245974477750358
Iqsec3	1.4375751220499085e-10
Lin28b	4.153799131040355e-08
Gask1a	6.533961193827573e-05
Ralyl	4.217520183301092e-14
Gm4791	6.214073089183255e-08
Dlgap2	3.047554103186937e-16
Trp63	3.012621571950638e-18
Gm8237	2.5322312372462754e-10
Hcrtr1	0.0025799331057487587
Wdr17	0.007714641309238194
Ptcra	7.615322603208349e-12
Cntnap4	6.111811412995226e-16
Capn13	0.00233150395723179
M5C1000I18Rik	0.00042525767829783333
Fat2	3.8067983196777825e-07
Gad1	5.5722698242332686e-05
Vwa5b2	6.972274582583565e-09
Pinlyp	0.0001091204214362968
5330434G04Rik	1.9255459702637973e-15
Uox	0.010695807849483461
Sh3gl2	6.27648369073582e-25
Ccdc172	1.0754356407568057e-09
D730045A05Rik	1.545015726005578e-11
Gm29502	6.22724792483314e-06
Vmn1r90	0.012052564509669135
Platr26	1.1779940583047689e-09
Clca3a2	3.7637986283028926e-06
Gm26725	6.049594611066975e-09
Spag6l	0.0004068340402260084
Kcnv1	1.2590928413488263e-07
6330409D20Rik	1.8166485770172343e-05
Cntn3	2.3582866695974225e-18
Nell1	0.00010111585519696692
Elfn2	0.0020006983564677225
2210011K15Rik	0.1056699859387991
Adam28	0.00043379021130795457
Frmpd4	4.167679320384882e-11
Ppp1r17	1.2901171987482457e-06
Cd55b	1.4241741159243608e-07
Tekt4	0.0004985391557974913
Disp3	0.00019224818427455133
Fbp1	1.0305680109434556e-13
Best3	5.845743624937162e-17
Atoh7	0.0003017271518753
Galnt13	1.7759024217892292e-07
Cfap47	5.106851155690629e-08
Cpne4	9.480227391272044e-06
Gm32742	5.963079797494097e-05
Mpig6b	3.3924755011544374e-07
Gm15631	0.00040648975830911413
Grik2	4.928568196536933e-13
Gm9899	5.70129131520302e-06
Tafa4	0.00017912725485445027
Rspo4	4.9989876432885513e-05
Gm27040	1.2570766572998528e-07
Gm2974	1.1823638470268178e-06
Arpp21	6.973062710816734e-13
A530058N18Rik	1.7466606837237764e-16
Gm15918	3.03647212747986e-08
Gm20208	1.9339375425917525e-07
Gm47328	1.9020774850125595e-05
Kcnv2	0.005239648985683346
Fbxo43	0.00024692588900458875
Gm53	1.638374567142804e-05
Gm13420	2.78496839576409e-09
Igsf21	0.005223132192346063
Gm50304	5.296566743370402e-12
Gm12092	0.013873480241714272
Gm34719	0.05465138213926472
Fstl5	1.8806926151817234e-11
Lrrtm1	2.836742014143162e-06
Dgki	2.143791504632159e-27
Csrnp3	0.00012245924502078453
Crisp2	0.009717135891370585
Mettl11b	0.0002538550719986618
Redrum	0.0007875679443014003
Meiob	8.766912345334227e-05
Tmem132d	0.0003023956378352582
Stfa3	6.007355477652568e-82
Ankrd7	3.30235887096974e-07
Kcnc4	0.0001406229200322335
Dlx4os	0.028322480460799385
Acnat1	9.117656139726994e-07
Gp2	1.5092671525627832e-33
Sphkap	3.3903408742158628e-06
Gm12524	1.6484865789401016e-08
Gm29561	1.551052460815421e-06
1700001C19Rik	0.0401919933415809
Erbb4	1.2593675645232112e-06
Gpr142	0.0029174331845664018
Xkr7	5.255411288849891e-19
Crb1	8.215147996508488e-14
Spock1	5.093905333719817e-13
Tmem196	0.00048094258388467866
Slc44a5	1.742397772900824e-12
Dmrt3	7.095607205550001e-07
4732490B19Rik	6.59145539627862e-06
Slc27a2	0.0008362549196228172
Gm34730	6.672664212165614e-07
Gm19590	0.00020186168974571338
Scrt2	1.860545594911706e-06
Far2os2	0.0022537243994929504
Dpp10	4.3224808505387896e-10
Olfr1392	1.9740984848948238e-09
Gm3752	8.762963712974064e-06
Itk	4.6373046263009163e-07
Pebp4	2.348967180281739e-10
Gm16099	7.685744166619435e-06
Gm43400	2.2611853690651933e-18
Cdh9	3.255498350521409e-10
Adam18	1.6393457391635508e-07
Col26a1	2.3538265700122468e-05
Gm14401	4.826285269378628e-11
4930539E08Rik	0.00010172734975716642
Stfa2l1	1.326608446756515e-13
1700071G01Rik	4.3764313253551e-05
Gm29019	1.098865575772639e-07
Prm1	1.533130350349316e-18
St6gal2	2.1094227601217014e-08
Reln	3.0174255870123723e-05
Kcnc2	1.463771837894785e-11
Vstm2l	1.0271868561617093e-05
Il12b	0.06261874502944834
4930413F20Rik	0.0016458327626736541
Cacng2	2.8912084930093767e-05
Tdrd9	9.185001053760807e-19
Ranbp3l	0.00017005161678941826
Gm28729	2.4644981295032394e-32
Sema5b	5.493752849240608e-10
Ces5a	0.0018910286615842228
Art1	4.4973556546313666e-08
Gm13049	4.6733363284387755e-05
4930471G03Rik	0.0001734240987402212
Adamts19	0.0005411079112981553
1700113H08Rik	1.9183065252153913e-05
4930488L21Rik	4.537038809597418e-10
Zbbx	8.991224409432012e-88
BC051537	1.8814666820707878e-06
Pld5	7.74166645020924e-11
Myl3	2.4810547096555125e-27
Abhd12b	0.09667240480527341
Gm20735	6.840587251596004e-10
Rbbp8nl	1.6928657612494117e-13
Gm2956	9.97811417389239e-09
Inpp5j	3.225516903614373e-06
Clps	0.0017945774426123035
Gm42601	7.257756099054076e-05
Mpped1	0.0001134900720424918
Gm31592	5.107011660692758e-09
Ankrd31	5.75148024977275e-08
Pcdhgb7	0.0040232531789297175
Gm2897	3.6279719072933975e-09
F730016J06Rik	0.019536547230033625
Gm15351	2.3387229493147824e-20
Catsper4	1.0056641295569106e-27
Cntnap5b	4.135985456365612e-26
Gm35256	5.612374321305736e-13
Cntn5	6.2151610848005995e-06
Pkd1l1	0.00012317087231470417
Zpld1	0.007914446973242829
Gm20501	6.861962428950959e-08
Krt88	0.07721459121344205
1700016L21Rik	9.256587276050631e-06
Gm13063	3.939111267252887e-06
Gm9866	6.18474418913391e-05
Vmn1r210	8.883653675107748e-06
Cacna1e	9.857960210514289e-08
Gm15985	0.002937479994578877
Ighg1	0.01724486746066241
Khdrbs2	0.00014823621896130928
Prmt8	0.0038677159670954327
Minar2	5.138091195426827e-05
Gm29684	0.00018381338555696416
Cacng5	0.0009521618335087445
Cacna1i	3.0171015879941856e-17
Chst9	8.435846067925645e-07
Gm3264	4.588177289814802e-12
Ripply2	0.0007892335225255635
Gm1627	1.1480389917701678e-06
Gm46123	2.6303484418276526e-12
Caps2	6.821404347007505e-26
Gm12298	0.005107059530425074
Gm20139	1.4729001065952775e-06
Neurod4	2.0839589814788025e-05
Gm48495	0.0012085912406953462
Gm11728	4.69963116868185e-14
Arhgap36	0.0018680891689589676
Ankrd22	0.0003759743478576584
Cacng3	3.037461129483494e-06
Hs3st2	9.23649015095447e-17
Gm48837	2.026805508572356e-12
Gm48791	5.169843291162285e-10
Gm16630	1.6269302030823974e-15
Gm15592	0.050150675873211564
Grin2b	3.3525969926557265e-05
Cpa5	0.0005193654045849108
Lrrtm4	5.341620904137986e-05
Gm16225	0.018039127382772576
Rbm44	4.405580693677776e-05
Cga	0.008934241531835085
Gm14549	1.1606292673977877e-14
Thsd7b	1.636374908992809e-06
Gm20465	7.764395871082998e-31
Gm17202	1.4662310776434055e-07
9530036O11Rik	1.9744780850310062e-13
Nyap2	4.229713461117984e-05
Gm36246	0.00104684759671889
Gpc5	0.03915201795290069
Frmpd2	2.791315666462787e-75
Hrg	0.0011294226297867882
Nrg3	8.229557318425657e-06
Rad21l	1.1236062455493387e-07
Gm49878	5.6039706216621205e-11
Mgat4c	3.020523138102484e-07
Mybpc1	5.585646454860335e-07
Gm10639	1.0453198831817962e-05
Gm33843	0.002928053605739596
Ptgdr	1.2000782061881229e-74
Olfm3	3.407896625852693e-05
