NAME	TITLE	SCORE	
SCG3		0.5062067	
SMC4		0.4516643	
TCERG1L		0.4371668	
LHFP		0.42620268	
FMN2		0.41709203	
LTBP1		0.41536188	
BSPRY		0.407125	
GALNT9		0.40309042	
CADPS2		0.40111834	
ANXA3		0.39956883	
ESRP1		0.39511073	
HNRNPD		0.38726696	
KNL1		0.3871833	
FRMD5		0.3819927	
CDK1		0.3818884	
SRRM4		0.38174182	
TOX		0.38102266	
LRP11		0.38045907	
NCL		0.3773257	
ALDH1A7		0.3767351	
EPCAM		0.37457556	
SMC2		0.37292796	
TOP2A		0.37193945	
VWF		0.37148237	
GALNT14		0.37140602	
KSR2		0.36895707	
GNAO1		0.36617643	
WNK2		0.3652645	
ESCO2		0.36146355	
NEBL		0.3605053	
NFKBIA		0.3592862	
SNRPF		0.3582132	
PEX5L		0.35625833	
HMCN1		0.3556599	
MIS18BP1		0.35300747	
DNAJC6		0.35059324	
DNER		0.3489346	
ARFGEF3		0.3488779	
DDX39		0.34754914	
ST14		0.34700495	
GXYLT2		0.34621122	
DEK		0.34596345	
SCG5		0.34498703	
CNPY1		0.34453773	
PRMT1		0.34159663	
SYNCRIP		0.34141138	
DUT		0.3413175	
RPTOROS		0.34121794	
NIPAL2		0.34017134	
EZH2		0.34007382	
MYOF		0.3393298	
DIAPH3		0.33931476	
MDH1		0.33568028	
SHTN1		0.3349703	
KLHL41		0.33377907	
CDCA2		0.33292282	
CTNNA2		0.33291146	
TXNRD1		0.33289433	
PREP		0.33274367	
CABP1		0.33267206	
ME1		0.3320994	
PRC1		0.33153594	
NEXMIF		0.33141395	
GPC3		0.3311781	
ESD		0.33056507	
KIF11		0.33053932	
KIF20B		0.33041832	
CCT3		0.32831928	
NUSAP1		0.32762474	
NCAPD3		0.32756746	
PHYHIPL		0.32720646	
FOXP2		0.3270813	
TPX2		0.3270148	
CCT8		0.32669455	
NFIX		0.32669213	
TRAPPC6A		0.3266751	
EFTUD2		0.32596377	
NAP1L1		0.3241806	
MCC		0.32351485	
TMEM163		0.3232751	
KIF15		0.3232174	
SMPDL3B		0.32297453	
WDR43		0.3227798	
RAB3B		0.32259905	
PSMD1		0.32255822	
RIC3		0.32223985	
UNC13A		0.32195833	
ANLN		0.32126337	
AUNIP		0.32046	
CENPH		0.32037747	
NPNT		0.31982955	
RAD18		0.3192468	
RNF150		0.31924298	
SRSF2		0.3188869	
G2E3		0.31877849	
HELLS		0.3184244	
TGFB2		0.31826198	
AVEN		0.3182271	
ARID5B		0.3179926	
NEIL3		0.31756997	
ANXA2		0.31725645	
RSPO2		0.31720504	
TK1		0.31668824	
SOBP		0.316472	
GSR		0.3157993	
PRKCZ		0.31553057	
MCTP2		0.31540725	
HSP90AB1		0.31520653	
NAA15		0.31490356	
ABCE1		0.31473908	
SLC7A1		0.3137229	
ARL6IP1		0.31367433	
ZBTB20		0.31333017	
CENPF		0.31247407	
DPYSL5		0.31179717	
DDX46		0.31166756	
CDCP1		0.311144	
TOMM40		0.31084454	
NUCKS1		0.3107788	
NOL4		0.31049424	
CS		0.30991718	
PROX1OS		0.30982393	
TTLL7		0.3094811	
VRK1		0.3093084	
TMPO		0.30853674	
PGBD5		0.30829817	
CENPK		0.30826956	
PUS7		0.30815217	
KIF4		0.30754158	
CKS2		0.30745873	
RBM28		0.3065965	
EEPD1		0.3065179	
TOMM70A		0.3065022	
SNU13		0.30638817	
IDH2		0.30620718	
UBE2Q2		0.30615154	
MYO1B		0.3049985	
PTPRZ1		0.3049708	
CLSPN		0.30480906	
TCERG1		0.30480048	
NOMO1		0.3045391	
PLAUR		0.30444434	
PGD		0.3041466	
LAMC1		0.3038665	
NOP56		0.30376086	
HEATR1		0.30268055	
CCN3		0.30241314	
FBN2		0.30229813	
PGLS		0.3022912	
SMC1A		0.30228242	
BAZ1A		0.30207157	
EIF5		0.30168384	
GTF2F2		0.30154696	
BRIP1		0.3013794	
SPECC1		0.30100664	
TNFAIP3		0.30044836	
S100A6		0.3002296	
ZBTB11		0.30014163	
EXOSC8		0.30013376	
PLPPR1		0.3000316	
NFKB1		0.30000907	
IPO5		0.29932326	
HSPH1		0.29907578	
ETFB		0.2989055	
ABCB1B		0.29845554	
ELOVL6		0.29843432	
BCAT1		0.29827815	
DHX15		0.29804635	
CHST11		0.29768917	
WTIP		0.29755962	
SORBS2		0.29750738	
GRIN1		0.29741877	
MINDY3		0.297243	
RRM1		0.29704958	
SHANK1		0.29701427	
PPM1G		0.29697677	
STMN1		0.29653132	
FSTL1		0.29644686	
MAOA		0.29617083	
CIT		0.2960094	
ABCC4		0.2960065	
PIR		0.29586145	
HMMR		0.29524288	
PAKAP-1		0.295148	
PKIB		0.29484352	
KIF18A		0.29470792	
CYFIP2		0.29466358	
HRAS		0.29465085	
HNRNPF		0.29432285	
THAP3		0.29382896	
MKI67		0.29381138	
NOP58		0.2937079	
SET		0.29353675	
PAKAP		0.29329687	
CDCA7L		0.2932477	
IL33		0.29306754	
EIF4E		0.292778	
SYP		0.2926206	
CEP55		0.2926086	
MCRIP2		0.29260057	
HNRNPA3		0.29254168	
HOOK1		0.2924455	
TSHZ1		0.2923807	
PRDX4		0.29227105	
UTP18		0.29224432	
AURKB		0.292194	
KIF23		0.29212725	
BLM		0.29191923	
DDX10		0.29136887	
OSBPL1A		0.29135346	
NCAPG2		0.2910298	
GNAI1		0.29101172	
CTCF		0.29075605	
FBXO5		0.29041383	
SNRPD1		0.2903574	
CDH20		0.29017773	
EIF2S1		0.2898287	
RIMS2		0.28952545	
LPAR1		0.28940547	
COL18A1		0.28825226	
HSPA5		0.2880741	
ACTN1		0.28794414	
IRX5		0.28763363	
FAM162A		0.28757536	
LSM4		0.28757128	
TBRG4		0.28741187	
SNX7		0.28729767	
NCAPD2		0.28725797	
SPIRE2		0.28717136	
ERH		0.28708258	
MT1		0.2869915	
RPL18		0.28696084	
SMOC2		0.28695366	
INCENP		0.2868675	
AU020206		0.28680176	
SOGA3		0.28642535	
PSMA2		0.28627595	
NCAPH		0.28612113	
EPRS		0.2861009	
BIRC5		0.28595045	
PCOLCE2		0.28591856	
BRCA1		0.2849798	
RAB27B		0.28492814	
KLF13		0.28419223	
CNBP		0.28412935	
YBX1		0.2840129	
SYBU		0.2838831	
NSUN2		0.28374782	
FOS		0.28323492	
ST3GAL6		0.283141	
ADD3		0.28313413	
CINP		0.28298828	
KIF22		0.28291714	
COBLL1		0.2826489	
NFKBIZ		0.28226885	
WDR36		0.28222072	
RRP1B		0.28198636	
PBDC1		0.28187895	
SPATA5		0.28184298	
CENPE		0.28172606	
KRT8		0.28159124	
G3BP1		0.28140774	
NEDD4L		0.28136033	
PTGS2		0.2811121	
RCC1L		0.28104877	
CCT5		0.2810452	
MRPL20		0.28089708	
RSL1D1		0.2807345	
NAA25		0.28053597	
LARP1B		0.2805316	
SGO1		0.2804346	
NCAPG		0.28031144	
MTHFD2		0.28025338	
TPM1		0.28025323	
GALK1		0.28006673	
EXO1		0.27994102	
SEPT11		0.27992412	
PINX1		0.2797685	
DTL		0.27955914	
COX10		0.27925918	
VCL		0.27913398	
ANTXR1		0.2790905	
SEMA3D		0.27902716	
LTBP4		0.27870306	
BICC1		0.27849874	
SNAP91		0.27819753	
DKC1		0.2781391	
RACGAP1		0.2779651	
HMGA2		0.27788693	
RAB11FIP4		0.27771756	
CENPN		0.27755788	
CD44		0.27746597	
SNAP25		0.27741084	
COX7B		0.27731603	
ANP32B		0.2772683	
MELK		0.27723667	
ASF1A		0.27698988	
CUEDC2		0.27696052	
TIMM9		0.2766194	
ORC2		0.27660993	
PFKP		0.27660793	
KPNA2		0.27660483	
LMO7		0.2766015	
SMCHD1		0.27659643	
PLS3		0.27655098	
SLC7A14		0.27612656	
GMNN		0.27590996	
KIF14		0.27565503	
PDLIM5		0.27556112	
MPPED2		0.2753397	
TTK		0.275294	
TACC3		0.27527198	
SHCBP1		0.27508238	
ALDH2		0.27502343	
BZW2		0.274959	
EEF1G		0.2749214	
MRPL28		0.27481323	
HES1		0.27477562	
E2F7		0.27461427	
CFDP1		0.27459922	
ROR1		0.27449724	
LGALS3		0.27408126	
WEE1		0.27399254	
KRAS		0.27381212	
NCKAP5		0.27374005	
SPC24		0.2735989	
PRDX1		0.27350366	
IQGAP2		0.27317715	
EPHA4		0.2731477	
ZFP618		0.27291825	
FOSL1		0.27285483	
RRBP1		0.2726169	
MEGF9		0.27246866	
MCPH1		0.27212963	
MPP6		0.27176854	
SLC7A11		0.2717519	
KANK1		0.271547	
YBX3		0.2713693	
SLC12A7		0.27131966	
NME2		0.2710143	
TES		0.2707693	
CENPP		0.27073458	
MASTL		0.27062532	
ACTG1		0.27054518	
POP1		0.27048892	
U2AF1		0.27048865	
ACYP2		0.27043504	
USP15		0.2701778	
EIF2S2		0.26996717	
UCHL3		0.26985386	
DAB2IP		0.26983967	
HIRIP3		0.26978332	
NRP1		0.26971045	
MTAP		0.26962292	
GRB14		0.2694931	
ATAD3A		0.2694767	
RABAC1		0.26903832	
RAE1		0.26880032	
CCDC191		0.26864633	
GSTO1		0.26861197	
DSP		0.2685459	
GAS2		0.26823422	
OLA1		0.26818195	
DEPDC1A		0.26817033	
CTPS		0.26816437	
ELK3		0.26807004	
CCDC18		0.2678776	
TECR		0.26787275	
FAM49B		0.2678515	
PFDN2		0.26762512	
SUCLG1		0.2674917	
ZC2HC1A		0.26744124	
IRF1		0.2672739	
MTUS1		0.2671841	
CEP57		0.2671319	
ANXA6		0.2670841	
GNG5		0.2670207	
SPOCK3		0.26700196	
CDT1		0.2666721	
RELB		0.2665944	
SLC12A8		0.26656494	
NFE2L2		0.26648676	
DAAM2		0.2660598	
KIFC5B		0.26597983	
SHMT1		0.26585346	
EIF3A		0.2656763	
CSNK2A2		0.2654558	
CENPI		0.26541486	
IQGAP3		0.26537937	
WDR12		0.26507533	
EEF1B2		0.26444894	
AXL		0.2643713	
HOMER2		0.26427063	
RAD54B		0.26423073	
SYT14		0.26421043	
NDC80		0.26420823	
TAF4B		0.26410452	
KIFC1		0.26409143	
ST18		0.2640904	
REPS1		0.26401764	
LGALS1		0.26397398	
ANKRD12		0.26374945	
NAV2		0.26355502	
TSEN34		0.26347864	
CNNM2		0.26345623	
EIF4H		0.2634162	
CCDC34		0.2634091	
GPRIN3		0.26337934	
MCM7		0.26306197	
AARS		0.26295933	
GTPBP4		0.2628828	
NUP43		0.26274574	
FOSB		0.2625947	
CUX2		0.26236665	
HMGB2		0.2622636	
MTREX		0.26206735	
IFT74		0.26203626	
PCOLCE		0.26189762	
RET		0.261833	
PMF1		0.2618112	
SDAD1		0.26172882	
TFDP2		0.26141638	
LURAP1L		0.26140356	
NETO1		0.26137602	
DDX5		0.2613754	
FMNL2		0.2612447	
NUDC		0.26116493	
GARS		0.26109242	
PAK3		0.2610003	
POP5		0.26097664	
OST4		0.26089567	
RGL1		0.26079965	
PARPBP		0.26072565	
PCDH7		0.26071522	
CD109		0.2605482	
ATP1B3		0.26048565	
FKBP9		0.26025376	
CENPV		0.26022902	
P3H2		0.25970602	
NSMCE4A		0.2595615	
SESN3		0.25946525	
MECR		0.25936955	
BC030867		0.25932968	
LPP		0.25927413	
FARSB		0.25925165	
NIFK		0.2591602	
NCAPH2		0.25911248	
PDE1A		0.25888547	
DNTTIP2		0.25885397	
SPC25		0.258647	
SPAG5		0.2585204	
BMP6		0.25847673	
SLC12A2		0.25829634	
GNL3		0.25769633	
LIFR		0.25761193	
YARS		0.25759423	
AK2		0.25734136	
JOSD2		0.2570567	
SMIM14		0.25701264	
SAMD4		0.25698328	
CDC34		0.25696522	
RERG		0.25680828	
DTYMK		0.2567918	
GM35019		0.2567486	
RSU1		0.2567429	
H2AFV		0.25671375	
UNC80		0.25662923	
FKBP3		0.25648537	
BUB1		0.25626507	
GLI2		0.25617203	
BUB3		0.25600165	
PLK4		0.25592896	
CEP85L		0.25588986	
NOL10		0.2558406	
IMPA2		0.2557134	
NXN		0.25538796	
SLC4A4		0.25524783	
RCAN2		0.2551976	
XRN2		0.255153	
FXYD5		0.255115	
GCLM		0.2551038	
LOCKD		0.25493914	
RETREG1		0.25486353	
HNRNPM		0.2548586	
DHFR		0.25474387	
MYBL2		0.25466993	
CSRP2		0.25428408	
SKAP1		0.25423956	
CEP83		0.25410023	
CAP2		0.25406453	
CNIH4		0.25403264	
GART		0.25382653	
LIN54		0.25369385	
TCOF1		0.25311965	
PRR11		0.25306773	
LSR		0.25301796	
P4HA1		0.2529141	
RCL1		0.25286904	
HSPA14		0.2527806	
BARD1		0.25273585	
ENOX1		0.25234285	
PSMB5		0.25227493	
LETM1		0.25210512	
MMP11		0.2520835	
CFL1		0.2520256	
TUBA1C		0.25200742	
KCNK10		0.25180334	
HINT1		0.2517986	
LRRCC1		0.2517711	
GEMIN5		0.25167924	
KCNK2		0.2516397	
CDC25B		0.25158286	
AEN		0.25154695	
ERC2		0.251524	
PTPRN2		0.2512729	
GPI1		0.2510309	
LDHA		0.2508811	
KCNJ3		0.2505921	
SH3KBP1		0.25057	
PDE3B		0.25053528	
ARGLU1		0.2504352	
MYO5B		0.25042683	
SNTB2		0.2503329	
SNRPG		0.2502483	
NOC2L		0.25012246	
PSMD14		0.25008282	
EXOSC1		0.2500075	
PSMD11		0.24976262	
GCLC		0.24969752	
RIMBP2		0.24961002	
RAD51AP1		0.2495721	
CREB5		0.24953938	
ICAM1		0.24942286	
PFDN6		0.24940452	
FAM117A		0.24939664	
DBF4		0.2491417	
BCL7C		0.24913675	
ATP9A		0.24912605	
RHOU		0.24894114	
HSPA4L		0.24891472	
EMC10		0.2489091	
NARS		0.2488837	
SHISA6		0.24879448	
PDK1		0.24877708	
VCP		0.24864909	
CTSL		0.24849789	
SGCE		0.24848653	
CARS		0.24839835	
IAH1		0.2483854	
UTP20		0.24827836	
ELF4		0.2482042	
CALD1		0.24814147	
EEA1		0.2480081	
TROAP		0.24800557	
CYB5A		0.24799459	
LGR5		0.24793416	
MEF2C		0.24790905	
IFRD1		0.24765536	
DNAJC2		0.24763551	
SPDL1		0.24754182	
CKAP2		0.24749741	
FAM189A2		0.24732123	
JHY		0.24730925	
PPIH		0.24729294	
UBE2CBP		0.24724916	
TYMS		0.24723601	
RBMXL1		0.2470213	
KRT7		0.2470202	
TJP3		0.24683748	
RFC4		0.2467962	
ENO1		0.24670504	
SEPT7		0.24666981	
APEX1		0.2466027	
IQGAP1		0.24659091	
TIMELESS		0.24657054	
AHR		0.24648568	
MXRA7		0.24627663	
TXN1		0.24622388	
FAM102B		0.2460817	
DSG2		0.24604334	
MCU		0.24603975	
HK2		0.24599306	
CDH1		0.24582092	
PRPF40A		0.24578816	
SASH1		0.24563684	
GM15892		0.24563473	
FLNB		0.24560581	
NR4A2		0.24554378	
POLD3		0.2455179	
TSPAN4		0.24537632	
RPL5		0.24525507	
CDV3		0.24522328	
PSAT1		0.2452121	
DDX27		0.24520338	
ANAPC5		0.24505532	
SLC3A2		0.24500664	
SERF2		0.24488676	
PRRX2		0.24483591	
MSN		0.24483167	
RNASEH2C		0.2447022	
ATRAID		0.24465086	
USP39		0.24461347	
IGFBP5		0.2445939	
ELFN1		0.24453026	
LACTB		0.24442403	
NOCT		0.24434291	
RBBP7		0.24430947	
FADS3		0.24420138	
CD9		0.24413466	
ASPM		0.24397469	
FUT9		0.24396771	
FGF1		0.24383834	
THSD4		0.24379887	
BRCA2		0.24372938	
WSCD1		0.24337249	
FABP5		0.2433211	
ELOC		0.24329762	
ANGPT1		0.24297288	
SLC22A23		0.24281901	
ATP5A1		0.24253024	
ANTXR2		0.24252778	
EIF4E2		0.24232161	
PIF1		0.24225338	
TAFA2		0.2419498	
C430049B03RIK		0.24193893	
NUP93		0.24166255	
EZR		0.24163777	
CDCA8		0.2415762	
TCEA3		0.24124525	
SSBP4		0.24118175	
GSPT1		0.2411098	
STIP1		0.24090639	
TIAL1		0.24090348	
DHX40		0.24070404	
E2F8		0.24062474	
RHOQ		0.24054155	
ADH7		0.24052191	
ADGRL3		0.2404705	
ZCCHC24		0.24035314	
CLSTN3		0.24030705	
SPINT1		0.24027064	
ACAT1		0.2399558	
SAV1		0.23988687	
SSR4		0.23986472	
CCNF		0.23985645	
CHD1		0.23983707	
TM4SF1		0.23977752	
SRPK1		0.23959163	
PHGDH		0.2394983	
UCK2		0.23939379	
CALM3		0.23937759	
ESPL1		0.23929551	
CENPQ		0.23912604	
RGS7		0.23906653	
ITGA1		0.23903659	
F3		0.2389488	
PKP4		0.23877542	
ANK		0.23873107	
ATP2B1		0.23865771	
GJC1		0.2386159	
EIF3C		0.23840125	
ARHGAP20		0.23823985	
HAUS1		0.23813762	
LYAR		0.23802564	
CCNB1		0.23799886	
THYN1		0.23795226	
IFRD2		0.23790826	
PHLDB2		0.23785628	
CCT2		0.23775725	
SLC8A2		0.23769847	
HSPG2		0.23760577	
HMGCR		0.23723337	
MINDY2		0.23712958	
TRIM27		0.23703638	
SMARCD3		0.23694569	
SORL1		0.23681743	
DNAJC8		0.23672645	
NAF1		0.23656113	
NHSL2		0.236422	
ANO1		0.23635362	
PHACTR1		0.2362855	
ST8SIA5		0.23624754	
CHCHD1		0.23614947	
YPEL2		0.23612277	
SEMA3E		0.23592554	
UBXN1		0.23586121	
SNRPA1		0.23580593	
STMN3		0.2355752	
MYO1D		0.23544958	
MNS1		0.23530628	
OSBPL9		0.23521255	
DIS3		0.2352001	
EEF1D		0.23516868	
PRDX6		0.23514861	
MIIP		0.23494153	
WDR83OS		0.2348622	
SYNGR1		0.23482867	
PODXL		0.23465993	
SGF29		0.23454104	
ECH1		0.23435721	
ANGPTL2		0.23428048	
PSMG2		0.23416118	
RPS3		0.23400427	
SCN8A		0.23384735	
NCAM1		0.23384096	
UMPS		0.23369789	
KIF2C		0.23347108	
PDE8B		0.23344359	
RBPMS		0.23333603	
TGFBR1		0.23331316	
POLD2		0.23320661	
LSM7		0.233047	
ARL3		0.23289251	
WIF1		0.23288421	
PROX1		0.23288293	
SLC37A1		0.23278768	
RNPS1		0.23249528	
TSC22D2		0.23244146	
PECR		0.23221959	
CLVS1		0.23221223	
RRP12		0.23196983	
GNL2		0.23193084	
ALDH18A1		0.23185581	
ITGA9		0.2317807	
TDRKH		0.23173326	
LRRFIP2		0.23172157	
GTF3A		0.23140879	
ANP32A		0.23137052	
BNIP3L		0.23136269	
PTGS2OS2		0.23129791	
SCN5A		0.23104312	
PGK1		0.23089598	
SYT7		0.23078182	
PMEPA1		0.23065342	
RRP36		0.2305603	
BSG		0.23054297	
CAST		0.23049018	
PIEZO2		0.23019956	
JAK1		0.23012668	
UBE2H		0.2300852	
ACOT9		0.2299885	
PARM1		0.2299538	
PSMA5		0.22988567	
RBM25		0.22988044	
FHL2		0.22949775	
VEGFB		0.22939171	
TIMP2		0.22935559	
WWTR1		0.22907524	
MBNL3		0.2290408	
MRPS15		0.22885801	
FAM129A		0.22877216	
UTP14A		0.22876613	
NUDT21		0.22875585	
SERTAD2		0.22871302	
FAF1		0.22869	
NOP14		0.22865483	
OTUD7A		0.22862455	
U2SURP		0.22854646	
NSA2		0.22851261	
SLC1A3		0.22840999	
B2M		0.22803979	
RTN4		0.22797236	
PSMC2		0.22790132	
MRPL13		0.22789654	
PSMB3		0.22787414	
ATPIF1		0.22772601	
RBM19		0.22772418	
CKAP2L		0.22762777	
FAM83D		0.2274978	
GLT8D1		0.22740538	
CP		0.22733545	
MARC2		0.22733355	
PSIP1		0.22720823	
GMPR		0.22702828	
MRPL38		0.22690906	
RYR2		0.22670197	
CDC6		0.22668703	
ZFP91		0.22665145	
OAT		0.22662309	
GUSB		0.22660016	
CAR13		0.22657809	
NEDD4		0.22639768	
MAN1C1		0.2263012	
NEURL1A		0.22609131	
METAP2		0.22595857	
RIOK3		0.22582024	
CTH		0.2258198	
UNC79		0.22573933	
VPS36		0.22550432	
HNRNPK		0.22547966	
GJA3		0.22545236	
MYL6		0.22541282	
WDSUB1		0.2253097	
GSN		0.22518499	
LGR6		0.2249809	
CREBRF		0.22496223	
CMTM7		0.22495563	
PKM		0.22472093	
ARHGAP10		0.22470856	
NARF		0.22457618	
PALLD		0.22456469	
VPS29		0.22451127	
RAB3C		0.22449438	
RSRP1		0.22445352	
ZC3H6		0.2244475	
PLXDC2		0.22426617	
TWIST2		0.22415598	
UBE2K		0.22410691	
COQ7		0.22405258	
BTF3		0.22403596	
STK16		0.22400601	
ADRM1		0.22396739	
HLF		0.22388835	
NDUFA4		0.22380196	
NT5C		0.22376294	
POLR3GL		0.22374997	
TMEM59		0.2237433	
SPARC		0.22373532	
IRS2		0.22345771	
PWWP3B		0.22345231	
CAV1		0.22340365	
EEF1E1		0.22314227	
EREG		0.22310638	
PBK		0.22308764	
ANXA1		0.22303654	
FBXL16		0.22281994	
FKBP4		0.22274616	
UBE2Z		0.22268961	
RIOX2		0.22259018	
FGF14		0.2223572	
EHD1		0.22232488	
CTTNBP2NL		0.22222084	
KYAT3		0.22217202	
RASSF9		0.22213629	
UNC13C		0.2220221	
ZBTB8OS		0.22198786	
NEAT1		0.22191462	
SLC38A4		0.22190279	
NOL7		0.22184604	
C1QTNF12		0.22169456	
ST13		0.22167139	
ACAA2		0.22164571	
EGLN1		0.22157069	
ASF1B		0.22142814	
SLC2A13		0.221319	
MARS		0.22105129	
NBN		0.22100855	
SLC4A7		0.22094806	
VAMP5		0.22082102	
ALDH1L2		0.22081491	
ETS1		0.22070767	
RPS17		0.22061661	
CNTLN		0.22053477	
SH3GLB1		0.22032872	
GALNT15		0.2203164	
NENF		0.22022772	
NRGN		0.22008808	
GRHL2		0.22006036	
EEF2K		0.2200539	
MXD3		0.21995454	
LAMTOR2		0.21987985	
IFIT2		0.219865	
SNRPE		0.21977493	
SRM		0.21959932	
GAS2L3		0.21957971	
P2RX4		0.21949008	
SUCLG2		0.21942352	
ZMYND19		0.21931238	
RBM8A		0.21923612	
SNHG6		0.21916795	
PRKCA		0.21907148	
SNX5		0.21902479	
KRR1		0.21901326	
PSMB4		0.21897247	
SLC16A1		0.21887869	
GFRA1		0.21882124	
RPL29		0.21872658	
SMAD7		0.21865582	
PCLO		0.21847339	
CYP1B1		0.21845855	
NSL1		0.21842186	
ATP1A1		0.21839525	
TRAIP		0.21836719	
NME4		0.21816437	
JAKMIP2		0.21807887	
YY1		0.21805535	
MALAT1		0.21799663	
JAG2		0.21763073	
UBE2B		0.21759209	
SMPD3		0.21756257	
TOP1		0.21750265	
NDUFB8		0.2174281	
ST6GALNAC4		0.21739843	
ARL6IP5		0.21735637	
PRELID2		0.21724005	
MXI1		0.21723263	
ATP5C1		0.2171043	
RND1		0.2168762	
RESF1		0.21683078	
RGS10		0.21678422	
ARHGAP11A		0.21677938	
NDUFS2		0.21666944	
GM12829		0.21660952	
COX7A2		0.21632959	
IGFBP2		0.21631771	
CASD1		0.2162621	
SPOCK2		0.21620671	
KLHDC2		0.21617639	
TRIB2		0.21605003	
SEZ6L2		0.21601775	
SLAIN1		0.21600792	
PSMD4		0.21592851	
KCNS3		0.21577999	
COL4A5		0.21576615	
PSME1		0.21565828	
PDE10A		0.21535668	
PDIA5		0.21526086	
ACADM		0.21515279	
INSIG1		0.21488935	
RRP9		0.21488619	
WDR46		0.21482837	
PARK7		0.21481627	
APBA2		0.21477318	
STK32A		0.21470015	
SSPN		0.21462847	
GNAI2		0.21453887	
NDST1		0.21449699	
EIF3D		0.21445099	
CDC37		0.21444304	
MAP3K15		0.2144265	
PCLAF		0.21426696	
TMEM97		0.21423142	
SGMS2		0.21420434	
PDGFRB		0.21403497	
S100A10		0.21398368	
UBE2T		0.21398309	
EEF2KMT		0.21397701	
ATP1B1		0.21395627	
RRM2		0.21395348	
NDUFAB1		0.21390396	
SGO2A		0.21388017	
SERPINB6A		0.21385874	
HDDC2		0.2136628	
DCTN3		0.2135875	
SUV39H1		0.21345913	
LHFPL4		0.21345669	
ADGRF5		0.21337982	
TOMM20		0.2133656	
DPYD		0.21323732	
CPLX2		0.21317862	
SYNPO		0.21315254	
SKA1		0.2129949	
IFNGR2		0.21296228	
MRPS12		0.21290869	
CDKN1B		0.21282622	
PBX3		0.21277985	
NRG2		0.21269259	
KLHL24		0.21268705	
TMEM53		0.21262866	
DDX24		0.21250309	
MTUS2		0.21237385	
EME1		0.21235022	
CYP51		0.21231456	
DAPK2		0.21228398	
SDC4		0.21200106	
TMTC4		0.21197417	
ELOB		0.21194617	
NAXE		0.21190523	
PGRMC1		0.21188676	
BSN		0.21176828	
INSIG2		0.21159333	
TRNT1		0.21158333	
DLGAP4		0.21158193	
UBXN4		0.2114836	
MRPL42		0.21141395	
SMIM19		0.21137047	
PPAN		0.21135068	
ORAI1		0.2112986	
CYC1		0.21127689	
BDH1		0.21125115	
ARL2		0.21104419	
F11R		0.21101001	
PIGX		0.21099634	
CSF1		0.21092561	
PNRC1		0.21091576	
BPHL		0.21088511	
PLCXD3		0.21086858	
L3MBTL2		0.21062686	
PPID		0.21050665	
RBM47		0.21038182	
MTDH		0.20983748	
AKR1B3		0.20975517	
ALG5		0.20964664	
CAR14		0.20963083	
TMEM208		0.20953792	
SKA3		0.20947291	
SNF8		0.20900916	
GLIS3		0.208823	
PPL		0.2087635	
METTL27		0.20863156	
AKR1A1		0.20856039	
FZR1		0.20843275	
KLF3		0.20837408	
PLPP3		0.20828256	
FAM53A		0.20824838	
STOML2		0.20822714	
IFI30		0.20804854	
TXNL1		0.20793486	
DIPK1B		0.20784664	
REL		0.20776899	
UHRF1		0.20773657	
NXT1		0.20770538	
COL27A1		0.20752475	
AP3B2		0.20746991	
PGM1		0.20746304	
ATP6V0D1		0.20743443	
ROCK2		0.20743376	
TENM4		0.20738447	
LGI2		0.2073836	
CHTF18		0.20708683	
IMPDH2		0.20675808	
NMRAL1		0.20642537	
MRPL52		0.20640884	
TMEM147		0.20633909	
MYCBP2		0.20617251	
2010300C02RIK		0.20613377	
SNX21		0.20595874	
FGF12		0.20595379	
AIG1		0.20588206	
RUVBL2		0.20585793	
AKIRIN2		0.20582741	
STK17B		0.20572959	
MCEE		0.20564373	
REEP3		0.20559244	
CCDC136		0.20553747	
ATF3		0.20541632	
POLR2F		0.2054117	
PFN1		0.20527962	
MFSD6		0.20519497	
S100A13		0.20512624	
MXD4		0.20511791	
VILL		0.20505883	
AREG		0.20504297	
PTPRN		0.20497265	
FBLN1		0.20494747	
CFAP298		0.20493262	
GCK		0.2049089	
MRPS35		0.20485835	
SLC43A2		0.20475578	
CMC2		0.20467865	
HADH		0.20463456	
APIP		0.20462912	
NIPSNAP1		0.20455204	
MRPS6		0.2045319	
TRIM2		0.20445555	
SRRM3		0.2042812	
KLF9		0.20422316	
FNDC4		0.20413618	
COX8A		0.20411389	
CCNE1		0.20410697	
UGDH		0.20410194	
SDC1		0.20409319	
RPL31		0.2040775	
CNPY2		0.20397937	
CENPT		0.20393214	
DHX38		0.2039092	
KRTCAP2		0.20385882	
PCBP4		0.20376007	
CCDC12		0.20368458	
BNIP3		0.20366529	
SKAP2		0.2036396	
CLTA		0.2035866	
FAM174B		0.20346648	
ANAPC11		0.20345762	
CORO2B		0.20345707	
THBS1		0.20327626	
KCNB1		0.20315634	
CDCA5		0.20314288	
ACAT2		0.20308469	
FHL1		0.20289716	
TMEM238		0.20285699	
OPTN		0.20260139	
CTNNA1		0.20231427	
DIXDC1		0.2022035	
KDR		0.20205157	
ISYNA1		0.20203435	
GNB4		0.20200852	
ZFAND6		0.2019788	
TFPI		0.20193294	
TGFB1		0.20182788	
CNN2		0.20179151	
PNN		0.20175369	
DDX56		0.20165804	
MAP4K1		0.20153949	
PRKG2		0.2015125	
TPM4		0.20137751	
PCSK9		0.20137143	
AURKA		0.20135823	
CD47		0.20133987	
CCDC59		0.20110457	
INA		0.20095733	
CLIC5		0.20084454	
SCAMP5		0.20084442	
NOVA1		0.20079528	
TALDO1		0.20065312	
TMF1		0.20064232	
MGST3		0.20058148	
PTPRU		0.20057447	
GSTP1		0.20057125	
1700019D03RIK		0.20050687	
ROCK1		0.20042528	
EHF		0.20039064	
FCGRT		0.20036106	
SCN9A		0.200346	
FDFT1		0.20025656	
4930453N24RIK		0.20023066	
BCKDK		0.20019293	
GCAT		0.20016514	
ESPN		0.1999638	
ABCG1		0.19986358	
MACC1		0.19986065	
FAM136A		0.19972071	
TUBGCP3		0.19963738	
BCL2L12		0.19956964	
SYTL5		0.19955632	
TMBIM4		0.19939189	
NDNF		0.1992235	
F2R		0.19921185	
DGUOK		0.19920738	
POLR2J		0.19916698	
ASPHD1		0.1991022	
GLIPR2		0.19904512	
ALCAM		0.1989556	
SMN1		0.1989261	
ALDH6A1		0.19869782	
MLYCD		0.19869243	
CDC42EP3		0.19864586	
PSMC4		0.1985263	
RPL27		0.198514	
LGALS8		0.19842733	
PPIC		0.19840279	
RPL41		0.1982871	
TOP1MT		0.19807519	
OXR1		0.19805743	
NDUFA13		0.19798927	
FDX2		0.19791667	
SERPINE1		0.19783422	
RAB40B		0.1977386	
RRAGD		0.19767079	
NAGK		0.19766995	
PON2		0.19764353	
CLMP		0.19752945	
ZFYVE28		0.19751811	
UQCRQ		0.1975175	
AURKAIP1		0.1973688	
NUF2		0.19717303	
NECAB2		0.19703773	
PLEKHA2		0.19681855	
SAP30L		0.1967868	
VASP		0.1966051	
CLIC4		0.19660164	
CYTIP		0.19652407	
ZC3H12A		0.1964658	
TBC1D1		0.19645293	
GABRB3		0.19644128	
NFKB2		0.1964071	
BAG2		0.1960225	
H2-K1		0.19599107	
SCX		0.19589998	
TSPAN13		0.19588295	
TIPARP		0.195787	
CLIC1		0.19559991	
TAF10		0.19550236	
PPARGC1A		0.19542515	
CSDE1		0.19541922	
KCNIP3		0.19533096	
TBCB		0.19529656	
DSTN		0.19522044	
SULT2B1		0.1952029	
STC2		0.1950553	
RAPGEF4		0.19486067	
MEOX2		0.1948191	
CENPM		0.194702	
CCNA2		0.19469447	
NUDT9		0.19467421	
NDUFB7		0.19460954	
VCPKMT		0.194511	
SART1		0.19447738	
BUD23		0.1944686	
PXMP4		0.19436061	
NANS		0.19423449	
JKAMP		0.19419923	
PYGO1		0.19418582	
PEG10		0.19410174	
DYNLL2		0.19406243	
PLEKHO2		0.19404201	
TMEM205		0.19401678	
FAAP24		0.19383691	
TIMM8B		0.19381008	
MAPK3		0.19366261	
EMILIN2		0.19365983	
EFEMP1		0.19363268	
NDUFV3		0.19362846	
PSME3		0.19359857	
GM20465		0.19359481	
MRPS21		0.19351406	
UGP2		0.1933665	
NFATC2		0.19324332	
KCNK3		0.19310962	
NDUFS8		0.19301498	
SYT1		0.19300659	
H2AFY2		0.19287375	
TMEM246		0.19285655	
USE1		0.19282287	
LAGE3		0.19277702	
AKR7A5		0.19268301	
9130015G15RIK		0.19253124	
CHMP4B		0.19251016	
TIMM8A1		0.19248985	
FBXO22		0.19243808	
RRP8		0.19236863	
FDPS		0.19236569	
LAMB1		0.19236343	
CTU2		0.1922559	
TRIM6		0.19221094	
MATR3		0.19211696	
GFER		0.19178839	
NDUFB6		0.19163515	
PSMB6		0.1915194	
PSMA4		0.19147529	
PPP2R2C		0.19143693	
MT2		0.1913595	
SELENOS		0.19133414	
SQSTM1		0.19130194	
SGSM1		0.1912987	
GCH1		0.19113941	
MCRIP1		0.19102769	
WIPI1		0.19081318	
TMEM28		0.19074106	
PDE8A		0.1906926	
HINT2		0.1906809	
NEK2		0.19052306	
NDUFA6		0.19021925	
BRINP1		0.19021259	
CCDC68		0.19018552	
EDEM2		0.19015709	
RGS7BP		0.18995576	
NAA38		0.18990657	
MSMO1		0.18979888	
AHRR		0.18970996	
EDF1		0.18966751	
ZFP30		0.18957342	
KDELR1		0.18949765	
STOM		0.18944688	
STX7		0.18936184	
COMTD1		0.18935657	
PLGRKT		0.18932362	
HSCB		0.18931468	
PRKRIP1		0.18927187	
RELA		0.18919995	
GSTM5		0.18912236	
AIMP2		0.18909927	
TRIM54		0.18905316	
PSMD2		0.18902002	
FFAR4		0.18893714	
RIMS3		0.18885876	
SMDT1		0.18869618	
BCL10		0.18853366	
GLS2		0.18851401	
ALKBH2		0.18831639	
SMCO4		0.1882565	
FGF13		0.18825543	
RAP1GAP2		0.18823758	
MEDAG		0.18808267	
HMGCS1		0.18805555	
FLNA		0.18759257	
ECI2		0.18758878	
ACOT7		0.18753266	
SUMO3		0.1874573	
DCTN1		0.18742922	
B3GALNT1		0.18733813	
POLR2H		0.18726298	
ANXA8		0.18712041	
ABAT		0.1870596	
TMEM256		0.18705244	
CCN4		0.18703242	
MRPL53		0.18702261	
EMP3		0.1868154	
UBE2D3		0.18668984	
NDUFB2		0.1863319	
H2AFJ		0.18612453	
CENPL		0.18601966	
MMAB		0.18581054	
CACNA1B		0.18565711	
PPFIBP2		0.18559526	
SERTAD3		0.18537982	
CIB1		0.1853031	
ZFP637		0.18522328	
PRMT2		0.18511342	
FKBP11		0.18487523	
DNAJC9		0.18477182	
ROMO1		0.18470517	
ADAP1		0.18461768	
MRPL57		0.18447854	
EPB41L3		0.18439026	
CIAO2B		0.18408573	
NOP10		0.18401133	
TRMT112		0.18396527	
RGS17		0.18386415	
UBE2C		0.1838469	
PRXL2A		0.18367128	
PES1		0.18364577	
KIF20A		0.18332563	
RORB		0.18326008	
POLR2I		0.18317394	
ECHS1		0.18314579	
CHMP2B		0.18309143	
FAM72A		0.18302442	
PRPF38B		0.18270287	
RBM22		0.18245484	
ATP5K		0.1823972	
EIF4EBP1		0.18217774	
HSD17B11		0.18213202	
YIF1B		0.18197617	
PSENEN		0.18184762	
MCM2		0.1818433	
TMEM134		0.1817687	
COX5B		0.18175659	
2810408I11RIK		0.18170314	
ADGRB3		0.1815748	
RSL24D1		0.18146631	
TMEM117		0.1813905	
NDUFA2		0.18127285	
ENO3		0.18126166	
AUP1		0.18124266	
SAP30		0.18111119	
C1RL		0.18107013	
QDPR		0.18103895	
GLMP		0.1809876	
STARD4		0.18091023	
HSD17B7		0.18089642	
SSR2		0.18085834	
GM19325		0.18073294	
REX1BD		0.18061808	
ZFAND5		0.1804976	
CHCHD7		0.18021673	
CTNND2		0.18010531	
SVBP		0.1800767	
MYL9		0.18001752	
RBMX2		0.1800026	
YRDC		0.179909	
EIF6		0.17990184	
FTSJ3		0.1797712	
ALAD		0.17964154	
EIF3G		0.1794464	
SVIL		0.17942241	
EMP2		0.17933355	
YIF1A		0.17931153	
2310009B15RIK		0.17929748	
PLXNA2		0.17928557	
ZCCHC10		0.1791358	
MVB12A		0.17903098	
PRSS35		0.17894745	
CHD3		0.17885274	
LRRN3		0.17875944	
HSBP1		0.1786766	
ROBO3		0.17857347	
PMM1		0.17856377	
MRPL51		0.17847788	
GCNT2		0.17844784	
ASNA1		0.17836414	
A330076H08RIK		0.17830099	
CTSA		0.17828831	
GDPD1		0.1782064	
HAUS5		0.17812616	
TMSB10		0.17811951	
SCN3A		0.1780251	
GM28172		0.17802006	
DCXR		0.17772104	
FKBP8		0.17767914	
CARD19		0.17764959	
COX17		0.1776055	
GNPTG		0.17748748	
AKR1B8		0.17740437	
SQLE		0.17740177	
HABP4		0.1773999	
CHCHD4		0.17734408	
SUSD4		0.17732432	
STXBP5L		0.17728193	
PHLDA1		0.17714086	
JUNB		0.1771263	
H2-D1		0.1770634	
SOX13		0.17696773	
CKAP4		0.17696315	
ANKLE1		0.17674792	
SIRT2		0.17659776	
CSTB		0.1765389	
CDKN3		0.17649588	
SNRNP25		0.17643389	
CALN1		0.17639846	
ZFP593		0.17638394	
NOL12		0.17636426	
NTPCR		0.17626245	
PIK3R3		0.17626053	
FLOT1		0.17623857	
FRMD4B		0.17616819	
TEAD2		0.17607474	
TTLL12		0.1759547	
FAM111A		0.17577033	
UBL5		0.17553256	
BMP4		0.17537531	
ABRACL		0.17535321	
NDUFAF8		0.17528498	
SMARCA1		0.17514674	
UFM1		0.17513195	
PDIA6		0.17503244	
MTFR1L		0.17501663	
SMIM26		0.17497037	
ABLIM1		0.17486933	
UXT		0.17469195	
FAM76A		0.17456652	
SLC39A7		0.17454661	
NDUFA8		0.17450805	
C130073E24RIK		0.17438185	
RPA2		0.17429529	
SNX17		0.17424312	
CRB3		0.17421366	
OSGIN1		0.17394994	
NPR3		0.17378865	
NFASC		0.1737097	
YPEL3		0.17360316	
PLRG1		0.17357929	
BST2		0.17349553	
SWI5		0.17340593	
ENDOD1		0.17337085	
CCDC102A		0.17333424	
ELOVL7		0.17310028	
ARPC3		0.17296502	
NDUFS5		0.17295496	
TMC4		0.17264129	
KDELR3		0.1726367	
SNHG20		0.17261405	
FN1		0.17260584	
LRP1		0.17253645	
TSPAN7		0.17252156	
SELENOK		0.1722741	
MRPL19		0.1722272	
RANGRF		0.17211135	
NPDC1		0.1720676	
TCP11L2		0.1719291	
PSMB10		0.17187926	
RERE		0.17161344	
GDAP1L1		0.17147839	
OLFML2B		0.17134705	
KCNIP1		0.17110363	
HEXA		0.17097789	
MYRIP		0.17083786	
MMP24		0.17055868	
MTLN		0.16986795	
ATP2B4		0.16979785	
NKD2		0.16953331	
OVOL1		0.16949226	
ZNRF1		0.16949134	
HIST1H2BP		0.16924077	
FAM110A		0.16913134	
SLC7A7		0.16911718	
RSPO1		0.16910072	
DPM3		0.16909644	
CSNK2B		0.1690897	
ADPRH		0.16892344	
HSPB11		0.1685052	
COMMD4		0.16847801	
TRP53INP2		0.16837998	
EGFL7		0.16836795	
ATF5		0.16783398	
ELAVL2		0.16782606	
TWF2		0.16777705	
CBR2		0.16763195	
GRHPR		0.16759758	
ITM2B		0.16745596	
HSPB8		0.16735712	
GHR		0.16734178	
A230057D06RIK		0.16699836	
S100A11		0.16694018	
ELMOD1		0.16648848	
PLIN2		0.16627441	
GAMT		0.16621912	
APBA1		0.1659953	
SRI		0.16588563	
AU021092		0.16583562	
RGCC		0.1658243	
ZFAND1		0.16581097	
PTK2B		0.16579346	
MRPL44		0.1657813	
GPRC5A		0.16576257	
ADGRV1		0.16574311	
GLRB		0.16542758	
TMEM50A		0.16522801	
KLF16		0.16495962	
PSME2		0.1648458	
CACNA2D3		0.16460113	
ACOT13		0.16459627	
ADCY1		0.16428724	
PIMREG		0.16420566	
HS3ST3B1		0.16408363	
MYT1		0.16393133	
NUDT14		0.1637502	
JSRP1		0.16372238	
CCND1		0.16368939	
TOX3		0.16343412	
DLK2		0.1632054	
AP1M2		0.1631434	
SNX30		0.16311482	
MAP7D2		0.16311394	
COL8A1		0.16293384	
MCF2L		0.16289963	
GGH		0.1628184	
CAR5B		0.16268185	
SELENBP1		0.16251303	
NID2		0.16241096	
MARCKS		0.16231188	
CTSC		0.16211793	
FRY		0.16209595	
ETS2		0.16187032	
KRTCAP3		0.16185711	
RASD2		0.16180292	
DYNLT3		0.16169138	
AGA		0.1616268	
MITF		0.16151565	
CIB2		0.16126801	
SULF1		0.1610339	
TGM2		0.16081914	
CORO2A		0.16077854	
SORD		0.16057137	
CACNA1A		0.16056243	
MAP2		0.1603645	
ZSWIM5		0.16021475	
4930523C07RIK		0.16014168	
KHDRBS3		0.16009434	
RAB27A		0.1600802	
PXDC1		0.15987359	
ARF5		0.15975592	
LDHB		0.1597471	
BMP7		0.15934823	
WNT4		0.15934236	
HDAC9		0.15914653	
MARVELD2		0.1591099	
KCNC1		0.15910776	
SLC41A2		0.15909488	
PMP22		0.15902504	
NETO2		0.15893506	
RUNDC3B		0.15873215	
MORN2		0.15869804	
IGFBP3		0.15862103	
PRSS23		0.15840061	
EFNA1		0.1583229	
TPD52		0.15828313	
SHMT2		0.15803988	
RIMKLA		0.15801719	
DYRK2		0.1579511	
CCDC112		0.15779722	
FBXO32		0.15776207	
PSTPIP1		0.15776168	
TMTC2		0.1577598	
APBB1		0.15774398	
SEC11C		0.15766971	
LOX		0.15757708	
PLPPR4		0.15751262	
PRELID3A		0.15748982	
CERK		0.15748776	
UAP1L1		0.15748455	
TAPBP		0.15733492	
LRRC42		0.15730499	
HPSE		0.1572055	
SCD1		0.15713678	
CEBPA		0.15702966	
CELF2		0.15702307	
FASTKD1		0.15678687	
COL4A4		0.15630808	
MYH7		0.15600696	
MAP6		0.15585922	
PIK3IP1		0.15585834	
HMGB3		0.15566692	
BEND7		0.15558662	
CTSZ		0.1554353	
RUNX1T1		0.15541393	
ZFP524		0.15520674	
RNF227		0.15489425	
SLCO3A1		0.1548772	
PACSIN1		0.154805	
DDC		0.15441541	
CENPW		0.15365154	
DUSP10		0.1535801	
CXCL17		0.15355214	
GRM5		0.15337822	
STEAP1		0.15329379	
NALCN		0.15318099	
0610040J01RIK		0.15311825	
GRID2		0.15310092	
SQOR		0.15309444	
NFIL3		0.1530753	
TJP2		0.15292409	
ACADVL		0.15289429	
NECTIN1		0.15288533	
CARMIL1		0.15280885	
SYCE2		0.15256272	
BCAR3		0.15216577	
HEBP1		0.15183891	
CELF4		0.15164213	
CD200R4		0.15150955	
STBD1		0.15139292	
RGS3		0.15129459	
TMEM176B		0.15127075	
NOVA2		0.1512001	
SNHG15		0.15112895	
IL4RA		0.1510721	
SOCS2		0.1509882	
BPIFB1		0.15097366	
KCNH6		0.15096027	
LMCD1		0.15089647	
RIPK4		0.1508644	
CD59A		0.15075755	
OCIAD2		0.15052533	
VLDLR		0.15046555	
RASGEF1A		0.15032588	
REEP4		0.14983973	
CADM2		0.14975294	
PRDX5		0.14957237	
SAMD12		0.14947106	
AFP		0.149421	
COL11A1		0.14933494	
HS3ST3A1		0.14932376	
MVD		0.14922628	
CLIP3		0.1490562	
TGFBI		0.14886375	
UNG		0.14877933	
NRTN		0.14868058	
5330417C22RIK		0.14859407	
CD55		0.14855362	
DGKZ		0.14851356	
HCN1		0.1479355	
FAM83F		0.1478748	
CDH13		0.14738758	
FAS		0.14692879	
FGF5		0.14681442	
FBXO41		0.14655489	
CRYBA2		0.14618932	
TPM2		0.14610541	
NAGPA		0.14593174	
CCNB1IP1		0.1454396	
PPP1R15A		0.14542863	
LNX1		0.14540207	
GGT7		0.14530733	
SLC16A12		0.14519235	
FLNC		0.14516792	
TBC1D9		0.14509751	
CTTNBP2		0.14398226	
CNNM1		0.14391397	
ORMDL3		0.14386131	
2200002D01RIK		0.14384818	
CYP2S1		0.1436419	
HDAC11		0.1436225	
COQ8A		0.14318594	
PLCB4		0.14308761	
TMEM178		0.14308032	
SEPT4		0.14291064	
SMAP2		0.14256787	
VWA5A		0.14252582	
OTULINL		0.14204386	
CADPS		0.1416215	
MFNG		0.14144619	
TNFRSF1A		0.14137393	
SFTPB		0.14124486	
DLGAP3		0.14097993	
ROBO2		0.14071132	
QSOX1		0.14062953	
STK33		0.14042574	
GCA		0.13962702	
RBM24		0.1396187	
FAM50A		0.13958013	
ZKSCAN2		0.13901435	
TIMP3		0.13897735	
VWA2		0.13879602	
EPS8		0.13849889	
PARP3		0.13844639	
SYT9		0.13843913	
NLGN1		0.13818198	
DANCR		0.13718607	
GPX8		0.13697886	
ZFHX2		0.13694502	
ISOC2B		0.13694035	
KRT19		0.13690953	
FGF7		0.13673712	
CHODL		0.13670927	
CDKN2C		0.13665994	
9330182L06RIK		0.13616252	
SERPINE2		0.13612983	
ROBO1		0.13599448	
MYB		0.1359376	
SPNS2		0.13590357	
GM10406		0.1352157	
MAP1B		0.13520361	
OIP5		0.13487065	
DLK1		0.13479282	
4930478M13RIK		0.1345953	
DDAH2		0.13376349	
GM13056		0.13376251	
KDM7A		0.13360867	
PALMD		0.13319644	
CERS4		0.13319162	
KCNC3		0.13315077	
SLCO1A5		0.13297394	
TBC1D30		0.1329604	
CAPG		0.13259639	
ADAM22		0.13257855	
NTN4		0.13204816	
ST8SIA4		0.13204405	
CRIP2		0.13187817	
AGT		0.13180712	
HIVEP3		0.13129568	
PLK1		0.13122515	
DDT		0.13099131	
BIK		0.13076822	
ADCY9		0.12995355	
IL1R1		0.12956366	
OSR1		0.1294984	
CASZ1		0.12942483	
TSPAN8		0.12938799	
TRIM46		0.12929769	
PBXIP1		0.12919378	
CLCF1		0.12898535	
RIT1		0.12866147	
BRSK2		0.12828128	
TNC		0.12803136	
CHRND		0.12781776	
UPP1		0.12752368	
EIF4E3		0.12741454	
PTTG1		0.12714498	
PTGR1		0.1271046	
SLC16A6		0.1268925	
SPRYD7		0.12680525	
CRELD1		0.12657765	
ADGRG1		0.12612468	
FAM13A		0.1261178	
DCLK2		0.12611555	
XKR6		0.12574343	
BICDL1		0.12559769	
KNDC1		0.12558757	
CHST1		0.12553045	
CCDC92		0.12525725	
FUT1		0.1251454	
ATP6V1C2		0.12471439	
COL16A1		0.12462497	
DECR1		0.124468386	
ARHGEF4		0.124420635	
GM26802		0.124261804	
RNF130		0.12425607	
SGK1		0.12418824	
ADAMTS17		0.12364501	
CAMSAP3		0.12333363	
CNKSR2		0.12329323	
BTC		0.123272635	
CPNE8		0.12312002	
SMPD1		0.12252392	
ISG20		0.12171292	
DNAJA4		0.12132105	
COL2A1		0.120873496	
CARMN		0.12082931	
SNCA		0.120517954	
GLDN		0.120403916	
FAM222A		0.12013546	
LMO1		0.11939695	
GM17056		0.11920241	
SCN2A		0.11917163	
RPS19BP1		0.119093634	
ABCA1		0.11895587	
PRR13		0.118802525	
SMIM1		0.11860139	
STX11		0.118586265	
TMEM178B		0.11824489	
PTTG1IP		0.118243225	
RTN4RL1		0.1177793	
GALNT18		0.11753335	
GNG2		0.11752594	
IGSF9		0.11742135	
KY		0.11734428	
CXCL1		0.11685705	
TANC2		0.116602175	
2900005J15RIK		0.11566848	
GM15261		0.11535665	
FYN		0.11484897	
SORCS2		0.11481751	
SEL1L3		0.11478735	
MAPK8IP2		0.11457131	
DBN1		0.11454628	
DEPTOR		0.113931276	
RNF152		0.11391596	
HMOX1		0.11355456	
GJB4		0.11349191	
TRNP1		0.11338422	
DTNA		0.11284547	
SAT1		0.11272363	
SYN1		0.1124344	
PPP1R13B		0.11237926	
CABLES1		0.11221037	
NSDHL		0.112144254	
DPP6		0.11182769	
TNFRSF23		0.11178337	
SLC8A1		0.1116669	
CDKN1A		0.11152565	
PLCL1		0.11148854	
AMPH		0.111394785	
MYZAP		0.11081779	
NRN1		0.11058888	
GM26579		0.11014082	
ARFGAP3		0.10982285	
PROS1		0.10953167	
EFNA5		0.10941528	
CADM1		0.10839322	
HYLS1		0.10829443	
DNM3		0.10797768	
FAM171A1		0.10747051	
REEP5		0.10714019	
ZDHHC23		0.10682951	
DLL3		0.10647138	
CXCL10		0.10632206	
RENBP		0.1061324	
SPINT2		0.10607613	
CDKL2		0.10529021	
RNF128		0.104315564	
RPH3AL		0.10412155	
ACTB		0.10365214	
6430548M08RIK		0.10358945	
TTC39A		0.10354883	
SYT17		0.10320566	
TMPRSS4		0.10270865	
FAM160A1		0.10223061	
MBIP		0.102011465	
BDKRB1		0.10182799	
CRYBG3		0.101409614	
NDUFA11		0.10132667	
DENND4A		0.100952744	
LLGL2		0.10009461	
IGFBP7		0.09977448	
COL6A5		0.099611446	
ENPEP		0.0990691	
GM3696		0.098623365	
EPHB2		0.09840648	
ARHGAP32		0.09803988	
GADD45B		0.09770235	
FLT1		0.09667306	
CRMP1		0.09656004	
REDRUM		0.096534714	
TRIM62		0.09640015	
WHRN		0.09593289	
MID2		0.09566764	
COPZ2		0.09560819	
CCDC148		0.09558791	
KRT18		0.09548657	
MSRB1		0.095225774	
ANXA4		0.095221244	
PHYH		0.09506491	
AFF3		0.09492953	
PREX1		0.09423033	
GPR83		0.09405362	
MGST2		0.092904605	
NXPH1		0.09256719	
CACNA2D1		0.092423216	
BASP1		0.09240431	
KCNK1		0.091974765	
WDR66		0.091560654	
GDF15		0.091190375	
CDC14B		0.09092184	
CACNB3		0.09088364	
TMEM219		0.09035563	
SLC16A7		0.09027051	
MAL2		0.09012913	
LONRF2		0.089988254	
EML5		0.08930311	
CUL9		0.08918724	
KCNQ2		0.08901671	
NFKBIE		0.08877915	
AUTS2		0.08847409	
KLF4		0.0884549	
RASL11B		0.08792025	
RIMS4		0.08741257	
KIT		0.086866125	
LIMD2		0.08656605	
NRXN1		0.086389735	
USP43		0.086080745	
ITK		0.0856381	
FHIT		0.085408576	
YIPF2		0.08515426	
ASTN2		0.085039	
PLXNA4		0.08501237	
HID1		0.084431216	
CPPED1		0.08413192	
ATP8A2		0.08366083	
CGNL1		0.08348037	
ELAVL3		0.08322907	
MARVELD3		0.08321324	
RAB39B		0.0818118	
TSPAN1		0.0817153	
NR3C2		0.081382245	
EN2		0.08047943	
B4GALT2		0.08046025	
MGAT4A		0.07947359	
ILDR1		0.079205774	
PNPO		0.07792046	
GM4070		0.077831544	
TNFAIP8L1		0.0773834	
WINCR1		0.07698732	
LIMCH1		0.07610033	
PLEK2		0.076083526	
AHI1		0.07578393	
GRB10		0.075327665	
TNFSF8		0.07513283	
JUP		0.07446067	
GPRIN1		0.07438627	
ANKRD33B		0.074380435	
NRCAM		0.0743308	
ALDH3A1		0.07418561	
OGFRL1		0.0732445	
UPK1B		0.072450675	
OLFM1		0.072032906	
ATP8B1		0.07160796	
BCAM		0.07091011	
EPHX4		0.070535466	
TESC		0.069923334	
AI662270		0.06938858	
TRIB3		0.0693639	
SERPINI1		0.06923151	
EGFR		0.06917193	
FUCA2		0.06893622	
DAPP1		0.068798155	
TRPC1		0.06836146	
CGN		0.068061665	
CDH22		0.06731064	
GRAMD3		0.06729575	
GDAP1		0.066729315	
CACNA2D2		0.06632425	
CLSTN2		0.06582085	
CCDC92B		0.06567122	
GRN		0.06523452	
CBFA2T3		0.06501576	
SH3YL1		0.064889036	
SARM1		0.06451361	
SVIP		0.06385242	
MDGA2		0.06348707	
DOP1B		0.06334789	
RHOC		0.06293327	
KCNQ4		0.06210997	
PDLIM3		0.061924122	
ATP2A3		0.061761495	
B3GAT2		0.06159648	
ARHGEF16		0.061551213	
TMEM150A		0.06146016	
ACTL6B		0.061296728	
TMOD2		0.061139736	
EFR3B		0.0609529	
VSTM2A		0.060121838	
FGD4		0.060026534	
CSGALNACT1		0.059783895	
RARB		0.059767395	
B230110C06RIK		0.059650697	
PCSK1		0.058468692	
SPTBN2		0.058026254	
ERBB3		0.057839114	
EDN1		0.05759774	
HTATIP2		0.05736951	
ATP8A1		0.057309728	
R3HDML		0.056474984	
GPR156		0.056002583	
DYNC1I1		0.055239256	
CNKSR1		0.05508306	
MACROD2		0.054785572	
BC023719		0.05455127	
CCL24		0.053452373	
PDE1C		0.05340373	
CNTN4		0.05324776	
DOCK9		0.052712403	
CELF3		0.052510448	
PEG3		0.05247444	
CAPN5		0.052317202	
SLC9A7		0.051908866	
PCSK1N		0.0517614	
PDGFB		0.050861295	
HAND2OS1		0.049689807	
SCNN1A		0.049193617	
TREML4		0.049168143	
KCNH3		0.04912763	
PRUNE2		0.04911974	
RAB11FIP1		0.047843542	
CEND1		0.047667276	
MCOLN3		0.047346592	
SLC9A4		0.04728774	
1700001L05RIK		0.046610862	
KDF1		0.045972463	
TUBG2		0.045681156	
9530059O14RIK		0.045021255	
HOXB5OS		0.044733625	
PSMG3		0.044582404	
ADAMTS1		0.044366203	
CNRIP1		0.0442084	
SEZ6		0.043968193	
PLPPR5		0.04324623	
DOK7		0.043069147	
LDLRAD4		0.042597357	
FGD2		0.04234588	
PRSS42		0.04158871	
MMP15		0.041471194	
SIDT1		0.040710624	
CPLX1		0.040667184	
GM32219		0.04057523	
CCDC33		0.03991177	
EDN3		0.039826047	
PDZD2		0.03966103	
ATP2B2		0.039068483	
KIF5C		0.03873646	
TNNT2		0.03772052	
9330159F19RIK		0.03720879	
ACSS1		0.037204638	
EPB41L4A		0.036943685	
ABCB11		0.036680155	
ARL11		0.035434745	
GNMT		0.035319075	
GPR173		0.035208724	
PTGS1		0.034922	
SYN2		0.034379654	
BCL2L14		0.03423656	
NNMT		0.034074325	
MARCH1		0.03350932	
KCNH7		0.0334286	
HSBP1L1		0.03325756	
GM19705		0.032982774	
GPR142		0.032582283	
HHIP		0.032314118	
OCLN		0.032220244	
NUP62CL		0.031770557	
CDC14A		0.031636804	
COL4A3		0.031206692	
FRRS1L		0.030503687	
ST8SIA3		0.03024178	
GUCY1B1		0.02995974	
GM44275		0.029187538	
EEF1A2		0.02899168	
PCDH9		0.028912771	
ARNT2		0.028137857	
PTPN18		0.028032457	
IGFBPL1		0.027330376	
ACSBG1		0.027129516	
SYT11		0.026426949	
SHISA8		0.026343428	
1500026H17RIK		0.024547033	
DCC		0.024347564	
KRT88		0.02403002	
GM46123		0.02372896	
8030423F21RIK		0.023180911	
PTGER2		0.023090962	
GM37800		0.022677552	
CKMT1		0.02165885	
KIF1A		0.020933207	
RCOR2		0.020746853	
SIGIRR		0.020711426	
LRIG1		0.020515347	
FAM163A		0.01992047	
GM14964		0.019425241	
TNIP3		0.019280814	
GM48893		0.0191502	
GM20005		0.019137314	
GM5150		0.018962467	
KLHDC8A		0.018548075	
PSD4		0.018395748	
ATCAY		0.018331159	
SH3GL3		0.018321354	
FMN1		0.018165113	
SOX1OT		0.018139632	
GM35853		0.01788003	
GM9895		0.017406551	
1700001C19RIK		0.017304502	
NAT8F3		0.017225696	
TRMT9B		0.017147416	
DOCK3		0.016842905	
CYP26B1		0.016610337	
RNF165		0.016279176	
PDE11A		0.015924279	
CLEC2I		0.015523343	
SELENOM		0.015493808	
PTN		0.015199972	
CCL20		0.014618573	
MYO1H		0.014325155	
PATE4		0.014268811	
TMEM154		0.0142410975	
ALPL		0.014148695	
MXRA8		0.013960083	
KCNN3		0.0139196105	
PAK7		0.013145411	
EMC9		0.012892541	
RAMP3		0.012884818	
LILR4B		0.012875022	
ACKR3		0.012772311	
FAR2OS2		0.012604842	
DLL1		0.012249375	
SIGLECG		0.0121212	
IL16		0.011953874	
CLMN		0.011814964	
CHGB		0.01175301	
AW551984		0.0116036385	
MAPK10		0.011324348	
SLC35G2		0.011323644	
LHX3		0.011194026	
GM3854		0.011040316	
IGSF5		0.011022375	
ALDH3B1		0.010612207	
1810020O05RIK		0.0105156945	
RHOJ		0.010439981	
IFI203		0.010083195	
STEAP4		0.01008062	
SLC26A5		0.010037687	
DHRS7		0.009964383	
CTSF		0.009798016	
AIM2		0.009427429	
APOL10B		0.009079929	
MPPED1		0.0089277215	
COX6B2		0.0088476995	
POU6F2		0.008426246	
TMEM54		0.008266743	
PAK1		0.008239001	
PRR15L		0.008231177	
HEPACAM2		0.0077274567	
GM50196		0.0074735098	
EXTL1		0.0073680477	
AHNAK2		0.007193359	
GPR149		0.00718338	
4921522P10RIK		0.0071367044	
DNM3OS		0.007076467	
APOBR		0.0070104282	
ITGAX		0.0070069386	
PODXL2		0.006974198	
BCL2A1A		0.0067867287	
GM30873		0.0067761876	
CHST9		0.0063640405	
NMU		0.006300511	
FBLN2		0.0062887818	
MSLN		0.0062809344	
TUBB2A		0.006022542	
ZFP941		0.0059284023	
KCNV2		0.005829853	
NR1I3		0.005801298	
SLAMF7		0.0057279114	
TMEM171		0.005632337	
SPSB2		0.0055130525	
EVPL		0.0054344116	
FHAD1		0.004578687	
CAMK1G		0.004575204	
GM26917		0.0045726667	
GM32151		0.0044193584	
MPZL1		0.0041108555	
MR1		0.004004152	
SLC36A2		0.0039985	
OLFR1033		0.003990576	
TSPAN6		0.0039394423	
HOXA7		0.0039348486	
LZTS1		0.003887084	
RASAL3		0.0038172058	
WDFY4		0.003795859	
ELN		0.0037676278	
ENPP3		0.0037214754	
TMEM268		0.0036637152	
SOAT2		0.0036230367	
NPTX2		0.0036203854	
NDRG2		0.0035199628	
SERPINA3G		0.003487267	
2210011K15RIK		0.0034845516	
CCDC80		0.0034330909	
GM11963		0.0033533191	
PAX3		0.003346943	
GOLGA7B		0.0033202444	
CD300C2		0.003230327	
PDE3A		0.0031912632	
GM11636		0.0031266618	
GM5148		0.0030741438	
4930459C07RIK		0.0030403372	
CYP4B1		0.0029503591	
GPR37L1		0.0028726754	
CFC1		0.002860207	
CPZ		0.0028158748	
NPTXR		0.0027390823	
FEZ1		0.002738823	
TMEM132E		0.0027388174	
CRABP1		0.0027094132	
SHISA7		0.0026839771	
CES1G		0.0026292799	
DNAJB5		0.002546298	
DLEU7		0.0025297555	
TMPRSS13		0.0025240378	
NAT8L		0.0024885263	
NUPR1		0.0023537553	
GM20559		0.0023525255	
KCNH8		0.0023203667	
F7		0.0023202137	
LAIR1		0.002317177	
KCNJ6		0.0023030844	
PRIMA1		0.002217739	
TBX3		0.002214538	
CYSTM1		0.0022082473	
GM15640		0.0021800555	
IGHM		0.0021784438	
SLC15A2		0.0021635876	
CPA5		0.002153703	
GM2814		0.0021054752	
ZBTB8B		0.0020990442	
CABCOCO1		0.0020651582	
CARD11		0.00200559	
RHOH		0.001987485	
WDR17		0.0019410542	
CD48		0.0018698826	
6330409D20RIK		0.0018502382	
HAP1		0.0018292685	
CCR7		0.0017850515	
B830012L14RIK		0.0017282743	
LINGO4		0.0017227198	
GM11627		0.0017152947	
VWC2		0.0017064095	
CNR1		0.0016984777	
LY6G6D		0.0016951066	
GM10561		0.0016712329	
CARMIL3		0.0016300228	
VAT1L		0.001621264	
HGF		0.0016192304	
ARHGAP27OS1		0.0015198044	
CREG2		0.0015060857	
OPRD1		0.0015008819	
CAR8		0.0014263294	
PRR36		0.0014179759	
LRRC4C		0.0013945418	
ALDH1A2		0.0013740911	
4930555A03RIK		0.0013522853	
RGS8		0.0013465927	
ADRA1D		0.0013414772	
PADI4		0.001327294	
CYP3A13		0.0013068988	
COL6A2		0.0013055213	
SERPINB12		0.0012826659	
FOLR1		0.0012666853	
FNDC1		0.0012383859	
EMX2OS		0.0012303178	
TOX2		0.0011876783	
RARRES2		0.0011766453	
DOCK2		0.0011724215	
MEG3		0.0011295375	
ITGA8		0.0011226973	
SHISAL1		0.0011160075	
GUCY1A1		0.0011107874	
PAX8		0.0010956645	
KCNMB2		0.0010604473	
CASP12		0.0010416185	
IL1RL2		9.979963E-4	
DCLK3		9.928681E-4	
SRPX		9.744887E-4	
GM36107		9.677968E-4	
CFAP47		9.523461E-4	
4930455G09RIK		9.4208046E-4	
TFEC		9.39542E-4	
GM46401		9.357545E-4	
PCDHB22		9.3034894E-4	
RIAN		9.038854E-4	
ADGRG3		9.029099E-4	
ITGB2		8.9843874E-4	
ERMAP		8.914362E-4	
NAIP2		8.8358554E-4	
IL7R		8.835119E-4	
PTGIS		8.8033814E-4	
RSPO4		8.619756E-4	
IGHG1		8.4981945E-4	
GPR39		8.474114E-4	
GM32742		8.3150214E-4	
SERPINB2		7.913135E-4	
COL1A2		7.883537E-4	
GM15221		7.853846E-4	
IGF1		7.572717E-4	
P2RY6		7.4688595E-4	
TMEM89		7.4637943E-4	
DUOX1		7.231624E-4	
LBH		7.226695E-4	
CEMIP		7.20072E-4	
4930539E08RIK		6.707163E-4	
PPM1E		6.680374E-4	
4732490B19RIK		6.647902E-4	
PDPN		6.635852E-4	
BNC2		6.5593526E-4	
CD84		6.339473E-4	
FAM49A		6.218526E-4	
IL1A		6.2133395E-4	
CTHRC1		6.148952E-4	
PTX3		5.959607E-4	
RIPPLY2		5.7504926E-4	
PI15		5.7458424E-4	
ADGRD1		5.4946577E-4	
OASL2		5.359089E-4	
CD53		5.2630896E-4	
COL15A1		5.127192E-4	
LMO2		5.0550664E-4	
PILRB2		4.929542E-4	
ADAM28		4.925477E-4	
COLEC11		4.788719E-4	
ENTPD1		4.659892E-4	
THSD7A		4.5416702E-4	
PCDH19		4.2799392E-4	
CLDN10		4.2652918E-4	
ZDBF2		4.0893786E-4	
FMO2		4.0436964E-4	
IFI211		4.0243813E-4	
5330413P13RIK		3.9957417E-4	
SERPINB8		3.968184E-4	
ARHGAP30		3.7841717E-4	
EGFLAM		3.7714813E-4	
GM2115		3.6775673E-4	
GM13470		3.5373494E-4	
SERPING1		3.5274995E-4	
KLHDC9		3.5091076E-4	
CAR2		3.4802876E-4	
HOXA3		3.3108867E-4	
CLPS		3.2344586E-4	
TBX4		3.1706534E-4	
3300005D01RIK		3.0977055E-4	
MYL7		3.0766102E-4	
RAB19		2.9855676E-4	
GM48791		2.9611503E-4	
SEPT3		2.8721677E-4	
NRROS		2.8542904E-4	
DYNLRB2		2.84066E-4	
CXCL16		2.8382515E-4	
ALOX5		2.8344686E-4	
AI661453		2.767201E-4	
EMX2		2.764981E-4	
GREM1		2.744379E-4	
GM16685		2.7045613E-4	
VSIR		2.6972356E-4	
SEZ6L		2.6009063E-4	
COL5A2		2.5953134E-4	
CACNG3		2.581252E-4	
NWD2		2.491394E-4	
CDH11		2.4119217E-4	
ZFP982		2.3932366E-4	
GM12298		2.364092E-4	
FCGR1		2.2870924E-4	
SRPX2		2.2698408E-4	
SLC11A1		2.2287278E-4	
FABP7		2.19061E-4	
GIMAP9		2.1351708E-4	
PTPRB		2.1330535E-4	
GASK1B		2.1325053E-4	
MS4A8A		2.1032996E-4	
RNASE4		2.0939925E-4	
NOD1		2.0334256E-4	
2900045O20RIK		2.0284657E-4	
CSRNP3		2.0159005E-4	
PREX2		2.0055738E-4	
METTL11B		1.9459767E-4	
LSP1		1.888652E-4	
GM7967		1.8540586E-4	
ANKRD22		1.8307906E-4	
GM27040		1.8295416E-4	
SLIT3		1.7992985E-4	
COL3A1		1.7816809E-4	
FAP		1.7660802E-4	
GM29128		1.7517748E-4	
GREM2		1.6997082E-4	
MUC2		1.6643244E-4	
GABRD		1.6300644E-4	
COL6A3		1.6143754E-4	
LCP2		1.606057E-4	
GM8113		1.5937064E-4	
RSAD2		1.5651104E-4	
PLS1		1.529913E-4	
MPIG6B		1.5138938E-4	
NCKAP1L		1.4925828E-4	
CEACAM16		1.4849774E-4	
FAM183B		1.4833098E-4	
SHANK3		1.4812748E-4	
PRRX1		1.4555194E-4	
PYGL		1.4529173E-4	
9530036O11RIK		1.4164571E-4	
CACNG5		1.405668E-4	
PDGFRA		1.4008244E-4	
DIRAS2		1.3825211E-4	
TRPC6		1.3791995E-4	
GULP1		1.3744985E-4	
WT1OS		1.3656738E-4	
RFLNA		1.3452147E-4	
1810019D21RIK		1.3448452E-4	
GBP2		1.3305814E-4	
CLEC12A		1.3248311E-4	
CCL22		1.3243784E-4	
NRXN3		1.2797191E-4	
GM29019		1.2685175E-4	
TMEM35A		1.2587573E-4	
PTCHD1		1.2464268E-4	
GATA6		1.2369755E-4	
MRC1		1.2278707E-4	
CD22		1.21739555E-4	
GM28154		1.2020686E-4	
PROK2		1.1999212E-4	
GM19276		1.1794945E-4	
GM35533		1.1579907E-4	
H2-Q6		1.1216951E-4	
TMEM132D		1.1178175E-4	
D730045A05RIK		1.11577174E-4	
POF1B		1.1092894E-4	
VGLL3		1.0605123E-4	
TRIM30A		1.04579245E-4	
ARHGEF5		1.02281796E-4	
TRBC2		1.0188595E-4	
HS3ST4		1.0156627E-4	
CLCA3A2		9.892021E-5	
ACE2		9.884593E-5	
PLPP7		9.7004195E-5	
9930111J21RIK2		9.643199E-5	
PGF		9.522221E-5	
GABRA3		9.442938E-5	
CHIL3		9.026459E-5	
SPI1		8.9821486E-5	
MT4		8.8974324E-5	
BGN		8.875915E-5	
A730020E08RIK		8.6776905E-5	
INPP5J		8.6676475E-5	
VCAM1		8.554254E-5	
MFAP4		8.522671E-5	
KCNC4		8.313016E-5	
PDE1B		8.256047E-5	
H2-AA		8.2024424E-5	
PHLDA2		8.0625105E-5	
BANK1		7.964359E-5	
GM17745		7.727675E-5	
KYNU		7.6832875E-5	
PLEK		7.599562E-5	
FHDC1		7.4334544E-5	
SAMD13		7.120893E-5	
GPR85		7.0839145E-5	
CXCL2		7.019789E-5	
HTR2A		6.930168E-5	
C3		6.910243E-5	
CAMKV		6.899073E-5	
GM38843		6.892937E-5	
ADAMTS5		6.677232E-5	
NELL2		6.6654895E-5	
GM15987		6.551061E-5	
PIK3C2G		6.533096E-5	
CD83		6.399412E-5	
ZFP711		6.1789564E-5	
PDE7B		6.117642E-5	
GM16287		6.0582104E-5	
GM50147		5.798844E-5	
GM31718		5.7687692E-5	
DNAH12		5.69858E-5	
PIK3AP1		5.6799425E-5	
TGM5		5.6475892E-5	
GM8369		5.64287E-5	
TEKT4		5.587868E-5	
1700028I16RIK		5.5540684E-5	
ZFP804A		5.4305412E-5	
ABCA4		5.3316413E-5	
DCHS1		5.323344E-5	
MINAR2		5.2753563E-5	
NR0B2		5.273192E-5	
COL4A1		5.083604E-5	
VAT1		5.0629566E-5	
GM47936		4.9382605E-5	
SPARCL1		4.8892438E-5	
GM34730		4.837738E-5	
LAD1		4.813628E-5	
THY1		4.642269E-5	
FLI1		4.478631E-5	
GM29630		4.3915556E-5	
GM4951		4.321716E-5	
ADAM23		4.108301E-5	
PKD2L1		4.0569237E-5	
GM17733		4.0378618E-5	
GAD1		4.0185267E-5	
GM20501		3.9999155E-5	
PRDM1		3.822354E-5	
SMBD1		3.784518E-5	
M5C1000I18RIK		3.7617727E-5	
CXCL5		3.7263864E-5	
STMN2		3.5254132E-5	
NCAN		3.5112582E-5	
GASK1A		3.5065765E-5	
IL6		3.434192E-5	
GPM6A		3.3549244E-5	
STX1B		3.2319436E-5	
2010007H06RIK		3.1206273E-5	
TCEAL3		3.0722025E-5	
SLC6A5		2.9393535E-5	
CCL6		2.9305967E-5	
BB123696		2.8541093E-5	
KLC3		2.8291606E-5	
NR2F1		2.8176995E-5	
ZFP536		2.7618957E-5	
TRP53INP1		2.7453889E-5	
RELN		2.6985763E-5	
LRRTM4		2.6288328E-5	
THBS4		2.6285155E-5	
SLC1A1		2.5950078E-5	
P2RX7		2.5548454E-5	
NYAP2		2.54273E-5	
NME9		2.4925455E-5	
CSF2RB2		2.4865703E-5	
PHF24		2.445308E-5	
TMEM45A		2.4306182E-5	
CMKLR1		2.3704453E-5	
CNTNAP5B		2.370122E-5	
MMP2		2.3583832E-5	
IKZF1		2.3255378E-5	
RGS2		2.3219636E-5	
ITGA2		2.3049059E-5	
COL4A2		2.3027997E-5	
F730016J06RIK		2.2807368E-5	
HOXB8		2.256896E-5	
ADAM18		2.2547776E-5	
A830018L16RIK		2.2496095E-5	
NYNRIN		2.2352699E-5	
NELL1		2.2020744E-5	
GM47328		2.1739743E-5	
BST1		2.141422E-5	
F10		2.1334852E-5	
DNAH5		2.117274E-5	
A2ML1		2.1018472E-5	
GABRQ		2.0681398E-5	
CNTN1		2.0559595E-5	
GREB1		1.993807E-5	
GM33370		1.974987E-5	
INHBA		1.9668212E-5	
TBX3OS1		1.96487E-5	
NRG3		1.9358684E-5	
PTGER3		1.9342495E-5	
RANBP3L		1.9073526E-5	
REG4		1.8031717E-5	
ANKS1B		1.8010183E-5	
EGFEM1		1.7814187E-5	
SLC10A6		1.7781738E-5	
TSPAN2OS		1.7662893E-5	
ADAMTSL2		1.7175953E-5	
DGKK		1.6114313E-5	
TMEM121		1.5964317E-5	
PCNX2		1.5942445E-5	
GNAZ		1.5862492E-5	
CCL5		1.584904E-5	
ADAM19		1.4927797E-5	
SLC27A2		1.4255214E-5	
RAB37		1.3828784E-5	
2610016A17RIK		1.3764152E-5	
ESRRG		1.3417719E-5	
GM9899		1.2822434E-5	
GABRE		1.2753313E-5	
GM29502		1.266803E-5	
RTN1		1.2125805E-5	
WT1		1.2108213E-5	
CASP1		1.2098199E-5	
IL21R		1.209369E-5	
IGSF21		1.1913758E-5	
TUNAR		1.1556576E-5	
CTXN2		1.11495965E-5	
GM10244		1.0950757E-5	
FLT3		1.0705212E-5	
SGIP1		1.0265428E-5	
GM50397		9.847098E-6	
BMERB1		9.7727E-6	
GM16099		9.400398E-6	
ATP6V0D2		9.058903E-6	
GM49767		9.03963E-6	
ERICH3		8.732621E-6	
SNHG18		8.699054E-6	
NUDT10		8.563969E-6	
PTCRA		8.481431E-6	
ANKRD1		8.343231E-6	
SYK		8.24697E-6	
OACYL		8.170514E-6	
SLC44A5		8.16743E-6	
COL26A1		8.1159005E-6	
LRRC2		7.986249E-6	
TUBB2B		7.6159995E-6	
1110017D15RIK		7.1090008E-6	
HHIPL2		7.0323795E-6	
TSPAN11		7.0181018E-6	
AOX3		6.953575E-6	
GM13063		6.813125E-6	
PKD1L1		6.8029453E-6	
VIL1		6.687072E-6	
ITGAM		6.6101798E-6	
ST6GAL2		6.5845875E-6	
TMPRSS2		6.506357E-6	
FAM124A		6.4808473E-6	
NEIL2		6.2881218E-6	
STAT4		6.216897E-6	
CDH6		6.116187E-6	
TPH2		6.1141095E-6	
ERBB4		6.095149E-6	
SPRR1A		6.0018756E-6	
SALL1		5.8705987E-6	
GM20208		5.8183055E-6	
NDST3		5.598093E-6	
GPR132		5.4724505E-6	
GM46224		5.4133525E-6	
CRYAB		5.279649E-6	
GM26760		5.2387063E-6	
GM1627		5.2137652E-6	
PPP1R17		4.9899677E-6	
CREB3L1		4.9599344E-6	
CATSPER4		4.937485E-6	
ISL1		4.867844E-6	
SEMA3G		4.7244635E-6	
GM2956		4.7035246E-6	
CDKN1C		4.6460027E-6	
LMO3		4.6046157E-6	
PPP1R36		4.539394E-6	
GM14207		4.537304E-6	
CD80		4.456724E-6	
AXIN2		4.4067124E-6	
HCK		4.3336886E-6	
RBFOX3		4.25539E-6	
AMER3		3.910645E-6	
PIK3CG		3.9043034E-6	
GM39302		3.841989E-6	
PINLYP		3.841928E-6	
GDA		3.786662E-6	
MMP10		3.7552136E-6	
GSTP3		3.5308412E-6	
KIF26A		3.4738514E-6	
GM671		3.4683078E-6	
ADAMTS2		3.454991E-6	
KCNC2		3.4320171E-6	
HAS2		3.2383682E-6	
FGF10		3.206319E-6	
LCP1		3.154193E-6	
GM3558		2.9908633E-6	
CD1D1		2.9727921E-6	
GM29561		2.8761315E-6	
TUB		2.7847072E-6	
TRANK1		2.774275E-6	
CES5A		2.7473145E-6	
DCX		2.6841985E-6	
MMP13		2.6669536E-6	
EHD3		2.663354E-6	
MFAP5		2.6533637E-6	
TMEM130		2.645592E-6	
MUCL3		2.631709E-6	
GM33699		2.5948805E-6	
KHDRBS2		2.5672314E-6	
CAPS2		2.5021955E-6	
PCSK5		2.4429114E-6	
MAGI2		2.4056296E-6	
NSG2		2.3716098E-6	
SCN3B		2.2966376E-6	
BCL2A1B		2.2334896E-6	
ABCB9		2.2154366E-6	
SP140		2.1829605E-6	
CLEC4D		2.162205E-6	
GM27217		2.1617552E-6	
PPP1R3A		2.1108863E-6	
SYT5		2.0750722E-6	
SLC15A3		2.057903E-6	
PPP1R1A		2.057129E-6	
DMRT3		2.053409E-6	
1700071G01RIK		2.0238235E-6	
TRAF1		1.99508E-6	
MAF		1.9680226E-6	
GM16630		1.8256287E-6	
COLEC12		1.7913942E-6	
ERICH5		1.7793632E-6	
2810433D01RIK		1.7350105E-6	
CNTN5		1.701347E-6	
MMP3		1.6382104E-6	
TPH1		1.582608E-6	
TTC22		1.5386743E-6	
SEC16B		1.5302219E-6	
RAD21L		1.4378603E-6	
MS4A4D		1.384951E-6	
RGS18		1.3413234E-6	
NEUROD4		1.3113005E-6	
TACR1		1.2661942E-6	
ADAMTS19		1.2339694E-6	
CTSS		1.1661092E-6	
TDRP		1.1634824E-6	
HOXAAS2		1.1379578E-6	
GM42912		1.1244797E-6	
GNG11		1.1137722E-6	
LGALS12		1.0591933E-6	
CACNG4		1.0542415E-6	
GPR179		1.0436902E-6	
TMEM198		1.0202275E-6	
BEAN1		9.970704E-7	
GNA14		9.475819E-7	
KCNMB1		9.4068156E-7	
RARRES1		8.83013E-7	
DGKG		8.6369096E-7	
GM6093		8.459341E-7	
FBXO43		8.2372816E-7	
SLC9A2		8.2232935E-7	
PRMT8		8.012449E-7	
EPHA7		7.672965E-7	
IRF7		7.287468E-7	
SMIM10L2A		7.223428E-7	
SPHKAP		6.721985E-7	
KLHL40		6.694659E-7	
HS3ST1		6.433617E-7	
MARCH10		6.43193E-7	
TAFA1		6.291979E-7	
ZFHX4		6.212983E-7	
APC2		6.1567897E-7	
HPGD		6.1360464E-7	
DKK3		6.0862794E-7	
EDNRA		6.036484E-7	
CYBB		5.90282E-7	
CHST10		5.893263E-7	
GM26862		5.849955E-7	
CD38		5.8183645E-7	
DMRT2		5.4684386E-7	
CLEC4N		5.3815836E-7	
MIPEPOS		5.363081E-7	
GM43400		5.210542E-7	
RDH1		4.9532804E-7	
GM45833		4.921345E-7	
BCL2A1D		4.8138E-7	
PCSK2OS1		4.812877E-7	
TUBB4A		4.51124E-7	
FGF2OS		4.469085E-7	
SCN2B		4.464707E-7	
MYLK4		4.4443118E-7	
1110018N20RIK		4.0691268E-7	
CD86		4.0050566E-7	
ASPHD2		3.9769282E-7	
LDB2		3.7029008E-7	
CIB3		3.693845E-7	
EPHA3		3.6005807E-7	
GM16152		3.585773E-7	
PLATR27		3.2927008E-7	
HRH3		3.2338488E-7	
TTLL10		3.230499E-7	
GRIK2		3.190693E-7	
MRVI1		3.0856808E-7	
PRRT1		2.9055295E-7	
PCP4L1		2.8082783E-7	
UNC5D		2.7203666E-7	
PTPRC		2.6867534E-7	
GM20139		2.6356398E-7	
GM41764		2.6042133E-7	
ITGBL1		2.3512148E-7	
TMEM236		2.346815E-7	
LILRB4A		2.2563488E-7	
GM31282		2.2061597E-7	
S100A16		2.1936047E-7	
GM31592		2.172216E-7	
IZUMO1		2.0201433E-7	
ADD2		2.0040267E-7	
HRK		1.841707E-7	
VSTM2L		1.770702E-7	
GM11728		1.7248205E-7	
CDHR1		1.6273412E-7	
DSCAML1		1.6206624E-7	
CFH		1.5268351E-7	
SLC22A2		1.5193096E-7	
COL14A1		1.5082627E-7	
USP18		1.444752E-7	
PPP1R14D		1.374132E-7	
IL1RN		1.245844E-7	
CACNG2		1.2158507E-7	
CORO1A		1.2142348E-7	
XCR1		1.2064879E-7	
MMP25		1.2048213E-7	
FERMT1		1.177339E-7	
LPIN3		1.17350034E-7	
TCEAL7		1.1609309E-7	
ARG2		1.1318479E-7	
ART1		1.0982692E-7	
XKR7		1.08679004E-7	
SCRT1		1.0808945E-7	
THSD7B		1.0514977E-7	
ASB4		1.03437756E-7	
A830082K12RIK		1.0289101E-7	
OIT1		9.897031E-8	
BMP3		9.460697E-8	
DERL3		9.3412105E-8	
TCFL5		8.432135E-8	
GBP7		8.3906926E-8	
CDX2		7.8952965E-8	
MGAT4C		7.368606E-8	
CDH18		7.080619E-8	
GM29684		7.0201445E-8	
CCDC187		6.7623596E-8	
GM13528		6.4815104E-8	
TTN		6.4209054E-8	
LIN28B		6.4054326E-8	
RADX		6.2982174E-8	
RAET1D		6.2606986E-8	
4930413F20RIK		5.9305034E-8	
SEMA6D		5.9280993E-8	
MT3		5.843988E-8	
ZFP467		5.4023065E-8	
BPIFA1		5.0637855E-8	
HEYL		4.92618E-8	
PDE9A		4.8002015E-8	
MYBPC1		4.7646974E-8	
GM20735		4.7251778E-8	
CCDC172		4.706311E-8	
SHC3		4.7008093E-8	
ACNAT1		4.555399E-8	
TRIM71		4.5369536E-8	
MMP8		4.4507715E-8	
GABRA4		4.4072394E-8	
GM3752		4.3941572E-8	
CFAP52		4.252547E-8	
SIRPB1C		4.2016197E-8	
GM2974		4.1958618E-8	
GM26725		4.1211525E-8	
MLKL		4.111131E-8	
OVOL2		4.0793775E-8	
D830030K20RIK		3.982628E-8	
KBTBD11		3.821064E-8	
MGLL		3.8147913E-8	
PATJ		3.7765965E-8	
DHRS3		3.7545842E-8	
PROM1		3.5833796E-8	
GM15918		3.4555146E-8	
GM41231		3.3978797E-8	
GM15351		3.392149E-8	
GM12951		3.146412E-8	
GLRA1		2.8350367E-8	
GM4610		2.5568939E-8	
KIFC2		2.4180512E-8	
HS3ST6		2.2491843E-8	
AMHR2		2.155335E-8	
CCDC85A		2.1400902E-8	
CAPSL		2.1289235E-8	
ENPP2		2.0738236E-8	
JAKMIP3		1.9895403E-8	
ZFP36L1		1.9785938E-8	
BB218582		1.9510534E-8	
BTBD17		1.94271E-8	
TMEM255A		1.9294184E-8	
ANKRD31		1.7579616E-8	
ANKRD34B		1.7272512E-8	
KCNV1		1.5591667E-8	
CD55B		1.5033411E-8	
TBX5		1.4317506E-8	
VWA5B2		1.3892795E-8	
CNTNAP4		1.38541525E-8	
GAP43		1.343027E-8	
PTGFR		1.331003E-8	
CMPK2		1.25047945E-8	
TAFA4		1.2377341E-8	
WNT3		1.2116966E-8	
TNFRSF11B		1.17942625E-8	
F5		1.1633063E-8	
ARHGAP8		1.0808855E-8	
PIK3R5		1.0759799E-8	
ADGRB1		1.0721744E-8	
MYO3B		1.0563524E-8	
HPN		1.051864E-8	
FGF2		9.97293E-9	
LTBP2		9.676907E-9	
COL9A2		9.517598E-9	
FAT2		9.500731E-9	
LIN28A		9.3763575E-9	
PAX1		9.116417E-9	
RASSF4		9.103585E-9	
L1CAM		8.590756E-9	
NKX1-1		8.568097E-9	
FLYWCH2		7.908566E-9	
STMN4		7.8259115E-9	
SYNPR		7.817539E-9	
ARHGEF6		7.573092E-9	
RFTN1		6.894171E-9	
D330050G23RIK		6.722028E-9	
GAS6		6.658473E-9	
H19		6.5849393E-9	
NKD1		6.574425E-9	
HALR1		6.4385177E-9	
GM30085		5.7163527E-9	
CLGN		5.713725E-9	
IQSEC3		5.5774936E-9	
EPN3		5.4075904E-9	
MAOB		4.8890327E-9	
DSC2		4.879989E-9	
KCNJ15		4.8326463E-9	
GM45447		4.636651E-9	
MEGF10		4.513353E-9	
DUSP15		4.2336956E-9	
FXYD1		3.8074104E-9	
RNF180		3.7842547E-9	
CEACAM1		3.7412007E-9	
9530080O11RIK		3.7138577E-9	
ITPRID1		3.6735723E-9	
TMEM108		3.6592007E-9	
GFRA2		3.3533212E-9	
GM19590		3.341067E-9	
FRMPD4		3.32435E-9	
UBXN10		3.224374E-9	
GM50339		3.1692144E-9	
GM26782		3.1424363E-9	
TCN2		3.1412553E-9	
TRF		3.0632814E-9	
MS4A6C		2.9760445E-9	
SLC26A9		2.9468417E-9	
ITGA4		2.677181E-9	
SLC43A3		2.5785754E-9	
KCNB2		2.5149771E-9	
SMOC1		2.3850848E-9	
ULBP1		2.3711026E-9	
GM3252		2.324483E-9	
GM5796		2.2950941E-9	
HEBP2		2.1132476E-9	
NKAIN2		2.1015285E-9	
DNAH9		1.8373781E-9	
GM8251		1.8295304E-9	
SCRT2		1.752222E-9	
BDNF		1.7494097E-9	
GALNT6		1.5651016E-9	
SLC7A3		1.5546964E-9	
GM4791		1.4506667E-9	
GSDMD		1.4389336E-9	
CLU		1.2267979E-9	
ITGB6		1.1982066E-9	
XDH		1.1315423E-9	
IL20RA		1.1102609E-9	
CRTAC1		1.0871463E-9	
ESYT3		1.0870017E-9	
TNFAIP2		1.0556418E-9	
MEST		1.0074656E-9	
ATOH7		1.0066238E-9	
GRIN3A		9.440914E-10	
C230038L03RIK		8.999234E-10	
UPB1		8.943544E-10	
SLC29A4		8.941447E-10	
S100A3		8.2187834E-10	
OLFM2		8.1907797E-10	
CAPN13		7.1927225E-10	
PIRT		7.053874E-10	
MIR142HG		6.583913E-10	
USP27X		6.4217515E-10	
CLCA3A1		6.345664E-10	
1700113H08RIK		6.223683E-10	
DISP3		6.193264E-10	
ARSJ		5.826541E-10	
GM48284		5.4594435E-10	
4930488L21RIK		5.266947E-10	
CDH3		4.84656E-10	
VCAN		4.750567E-10	
CASP4		4.739019E-10	
LYPD1		4.646401E-10	
CHST14		4.5581652E-10	
GSDMA		4.5129325E-10	
4930471G03RIK		4.1867146E-10	
VMN1R210		4.103565E-10	
STFA2L1		4.0832773E-10	
NXPH4		3.8000644E-10	
GLB1L2		3.7585973E-10	
5730420D15RIK		3.522963E-10	
GM40841		3.4077088E-10	
BMPER		3.2283898E-10	
STKLD1		3.0491779E-10	
LTF		2.9535818E-10	
NGP		2.9423078E-10	
CDH9		2.921937E-10	
GSTM7		2.8457864E-10	
UMOD		2.8393568E-10	
PRICKLE2		2.723583E-10	
FBXW10		2.6886235E-10	
GM13049		2.5932326E-10	
LAYN		2.586662E-10	
NUDT18		2.5014876E-10	
CRIP1		2.484532E-10	
GRIA4		2.4438349E-10	
SERINC2		2.3953195E-10	
LRRN1		2.16703E-10	
FSTL5		2.155675E-10	
SYNDIG1		2.151421E-10	
SNRPN		1.9778862E-10	
MGAT5B		1.9727865E-10	
FA2H		1.9073591E-10	
TRIM12A		1.8625142E-10	
AJAP1		1.6292921E-10	
EXOC3L		1.6283275E-10	
GM17749		1.6105002E-10	
PDK4		1.5801958E-10	
PCSK2		1.5539388E-10	
PLD5		1.5295493E-10	
AI463170		1.5123956E-10	
DTX1		1.4779382E-10	
GRXCR2		1.4027995E-10	
ADGRB2		1.2309229E-10	
KCNQ3		1.2026785E-10	
MMP23		1.1894967E-10	
GM33103		1.1779916E-10	
APLN		1.0766118E-10	
CELSR3		1.0552675E-10	
ARMCX1		1.05122494E-10	
HSD11B1		1.02210684E-10	
CD200		9.184716E-11	
ATP1A3		8.981041E-11	
U90926		8.8334826E-11	
TPPP3		8.248716E-11	
GM50304		7.678274E-11	
NKAIN3		7.13941E-11	
SVOP		7.0270414E-11	
1700016L21RIK		6.544728E-11	
B3GAT1		6.3788405E-11	
NES		6.378575E-11	
AIFM3		6.27435E-11	
MARCH4		5.182461E-11	
LAMA1		4.9548487E-11	
ADTRP		4.7715876E-11	
PLCD1		4.508641E-11	
SVEP1		4.4643837E-11	
DSCAM		4.1083068E-11	
SNX31		4.0582926E-11	
XLR3A		3.6948205E-11	
HTR3A		3.6585863E-11	
PRSS22		3.5033188E-11	
GM11716		3.3659325E-11	
JAM2		3.3152984E-11	
SH2D1B1		3.0734432E-11	
SMIM22		2.9003185E-11	
SLC38A11		2.8626906E-11	
DPP10		2.6587956E-11	
SLIT2		2.6474876E-11	
CD164L2		2.5974979E-11	
LPCAT2		2.4134864E-11	
PGR		2.3657772E-11	
C1S1		2.2937895E-11	
TDRD5		2.2928293E-11	
BRINP2		2.2461427E-11	
2610042L04RIK		2.2088205E-11	
CXCL15		2.1923276E-11	
PLAC8		2.1787095E-11	
LRRTM1		2.1646145E-11	
GM30363		2.0450305E-11	
TUBB3		1.9166186E-11	
TMEM150C		1.8019867E-11	
GM16136		1.5318084E-11	
GM28710		1.4247853E-11	
SULT4A1		1.3837849E-11	
SCARA5		1.3819537E-11	
ZFP983		1.3699928E-11	
BEST3		1.3385225E-11	
CSF2RB		1.2803998E-11	
DAB2		1.2629915E-11	
GM9866		1.199775E-11	
FST		1.0834492E-11	
CD74		1.0764301E-11	
5330416C01RIK		1.0409997E-11	
ADPRHL1		1.0371558E-11	
TMEM196		9.358134E-12	
CDC42EP5		8.465139E-12	
KCNN4		8.4356E-12	
IIGP1		7.793094E-12	
HCRTR1		7.6997965E-12	
PRSS2		7.620716E-12	
KCNK12		7.297958E-12	
APBB1IP		7.1223257E-12	
SCML4		7.1134314E-12	
CUTAL		6.7350357E-12	
CD36		6.4763945E-12	
CLDN23		5.3401996E-12	
PTPRR		5.195214E-12	
CD300LB		5.1426554E-12	
CAR10		5.1330862E-12	
CBLN4		4.8727632E-12	
PGPEP1L		4.864152E-12	
MIAT		4.3370555E-12	
NPY1R		4.2276924E-12	
MARCH11		4.1130567E-12	
GM8237		4.01528E-12	
GRM7		3.9775704E-12	
CABP4		3.8398364E-12	
GM14401		3.774563E-12	
FRMPD1		3.6514567E-12	
CACNA1E		3.6180692E-12	
A530058N18RIK		3.3313246E-12	
MIRG		3.159848E-12	
LXN		3.1373617E-12	
SAMSN1		3.0007455E-12	
KCNIP2		2.6305796E-12	
GM3667		2.4720547E-12	
ILDR2		2.441142E-12	
GRID1		2.3415948E-12	
ARMCX4		2.1533459E-12	
CHL1		1.8271686E-12	
PDLIM2		1.6119378E-12	
HS3ST2		1.5944202E-12	
PROM2		1.4793973E-12	
TRPC4		1.4396079E-12	
CCL2		1.3878126E-12	
GM6277		1.3437374E-12	
DACH1		1.3410032E-12	
DOCK10		1.2662114E-12	
PLA1A		1.2488593E-12	
GM14002		1.2292922E-12	
LRRC8E		1.2234269E-12	
AI646519		1.1178141E-12	
BACE2		1.0080154E-12	
PPFIA2		9.893213E-13	
SLC39A8		9.818459E-13	
MDGA1		9.651509E-13	
CFTR		9.599825E-13	
SOX5		9.277719E-13	
STRA6		9.041708E-13	
LRRN2		8.9383064E-13	
TENM1		8.715704E-13	
COLGALT2		8.335424E-13	
CRB1		7.9942346E-13	
CDH4		7.931205E-13	
FBP1		7.8657344E-13	
TENM2		6.9355134E-13	
DCN		6.645683E-13	
ARHGEF15		6.2356283E-13	
1200007C13RIK		5.7130136E-13	
ADAMTS16		5.3474976E-13	
SLC16A5		4.917688E-13	
TNK1		4.8923685E-13	
MYT1L		4.579132E-13	
4933431E20RIK		4.2994213E-13	
IGLON5		4.2914657E-13	
HCN4		4.290389E-13	
DLL4		3.9429774E-13	
GM2897		3.4734005E-13	
DAB1		3.2769864E-13	
AZGP1		3.231667E-13	
GRIA3		3.0860254E-13	
RBBP8NL		2.9085247E-13	
SPON1		2.7777368E-13	
CNTNAP5A		2.7309809E-13	
SYTL1		2.47529E-13	
GM42902		2.4482394E-13	
SHANK2		2.067916E-13	
RGS9		2.0215673E-13	
SLIT1		1.9462548E-13	
CES1D		1.9288324E-13	
ANKRD55		1.8889553E-13	
ICA1L		1.8665374E-13	
GM3264		1.856206E-13	
PTPRO		1.8372296E-13	
PRSS8		1.7867987E-13	
GADD45A		1.5505721E-13	
ANO4		1.5138589E-13	
PTPRT		1.4489919E-13	
RSPO3		1.4211307E-13	
TSPAN18		1.2200432E-13	
MEIOB		1.1791613E-13	
DKK2		1.0770149E-13	
RAB6B		9.47861E-14	
SNPH		9.4191073E-14	
CD300A		9.1409885E-14	
TG		8.216037E-14	
SUSD1		8.2035134E-14	
GM15915		7.630038E-14	
COL5A3		6.2846836E-14	
TNFRSF11A		5.5619903E-14	
9630028I04RIK		4.805143E-14	
CKS1BRT		4.45372E-14	
AKAP6		4.2816153E-14	
1700023F06RIK		4.1225697E-14	
GPR65		4.0156114E-14	
TMEFF2		3.8640674E-14	
PEBP4		3.7885256E-14	
GM3591		3.776063E-14	
4930578M01RIK		3.60679E-14	
GM16183		3.3993384E-14	
PLA2G3		3.3782323E-14	
MAPK13		3.201389E-14	
PRKCB		3.064958E-14	
MANEAL		3.0174756E-14	
TNFSF4		2.9391508E-14	
POU2F2		2.8927127E-14	
RGS16		2.6814507E-14	
RAB3A		2.4914326E-14	
KCNN2		2.4077735E-14	
ACSL6		2.3433954E-14	
TTBK1		2.2429255E-14	
RAB17		2.104586E-14	
FAM184A		2.0952127E-14	
TRO		1.7082586E-14	
IFI209		1.523508E-14	
PAPPA		1.5157145E-14	
REPS2		1.4607637E-14	
LMOD1		1.3759449E-14	
GM34225		1.3430321E-14	
STOX1		1.2852825E-14	
SFRP1		1.2401855E-14	
CES1A		1.140821E-14	
GM3739		1.0697615E-14	
LTC4S		9.597326E-15	
KCNT1		9.224277E-15	
TRP63		9.087917E-15	
BICDL2		8.855792E-15	
EPHA5		7.625757E-15	
TRPV2		6.952774E-15	
PCP4		6.9304397E-15	
SLC26A7		6.3042E-15	
LRRC4B		5.1590583E-15	
PCDH10		5.0717694E-15	
MORC1		5.067389E-15	
TEKT5		4.791257E-15	
CNTN3		4.692956E-15	
OPCML		4.361903E-15	
RIMS1		4.2042446E-15	
FSTL4		3.909129E-15	
CCN2		3.8470826E-15	
PAMR1		3.6332504E-15	
SV2B		3.3735226E-15	
SH3GL2		3.1242296E-15	
DOK5		2.3563006E-15	
GABBR2		2.3429706E-15	
SLC18A1		2.262544E-15	
GP2		2.1088658E-15	
GM13420		1.835309E-15	
MNDAL		1.8226336E-15	
NPAS3		1.8010699E-15	
TNR		1.4873197E-15	
FSD1		1.2764716E-15	
ARPP21		1.2480042E-15	
PARVB		1.2076752E-15	
BCAS1		1.1698955E-15	
NEGR1		1.1287797E-15	
PHACTR3		1.1261284E-15	
FSCN1		1.0603815E-15	
RORC		9.801928E-16	
CLCA3B		9.573987E-16	
VIPR1		9.080521E-16	
CHGA		8.2131655E-16	
FAM78B		8.151673E-16	
SEMA5B		8.049169E-16	
ANO9		7.9442294E-16	
FBN1		7.943657E-16	
GAS7		7.58611E-16	
SLC16A3		7.492113E-16	
ZDHHC15		6.921091E-16	
KCNH2		6.091893E-16	
GM42047		5.592545E-16	
TAFA5		5.5761074E-16	
ACSS3		5.363668E-16	
HTR7		5.169612E-16	
SLC35F1		5.0317897E-16	
CASR		4.418815E-16	
DOK6		4.4128574E-16	
STC1		3.5804583E-16	
GM3411		3.5684678E-16	
FAM83B		3.0621586E-16	
CHRM2		3.0565708E-16	
EGR4		2.8859755E-16	
APLP1		2.880609E-16	
AMPD3		2.7641014E-16	
GM19619		2.4052975E-16	
E330020D12RIK		2.2129364E-16	
EPPK1		2.1887444E-16	
SPOCK1		2.1848389E-16	
ZFP979		2.0746006E-16	
LSAMP		1.9775245E-16	
CNTNAP2		1.848567E-16	
SNAI3		1.8434236E-16	
TTPA		1.7688269E-16	
ARMCX3		1.738544E-16	
RALYL		1.6612575E-16	
ST8SIA1		1.5633781E-16	
DACH2		9.8444955E-17	
TMEM184A		9.795263E-17	
LINGO1		9.714716E-17	
AQP4		9.0024614E-17	
ARHGEF19		8.949212E-17	
ATP4A		8.833092E-17	
9630028B13RIK		7.302643E-17	
GM3510		6.896081E-17	
DOC2B		6.8139486E-17	
PDZK1		6.4574443E-17	
FAM187B		6.428527E-17	
UNC93B1		6.260777E-17	
WFDC21		5.683437E-17	
EPS8L2		5.642494E-17	
TLL1		5.613471E-17	
IGF2BP1		5.5362586E-17	
KCND2		5.352442E-17	
CYP1A1		4.8459847E-17	
TEX15		4.777739E-17	
UGT8A		4.2823187E-17	
PDZD7		3.611402E-17	
PDZRN4		3.4737066E-17	
OCM		3.1520925E-17	
FXYD6		2.97774E-17	
LIN7A		2.9335497E-17	
VWA5B1		2.930322E-17	
TMEM51		2.6188042E-17	
EFCAB1		2.6126931E-17	
SLC25A35		2.0600726E-17	
NSG1		1.986849E-17	
GM31463		1.9690383E-17	
SLC24A2		1.5783688E-17	
AFAP1L2		1.5045846E-17	
DCDC2A		1.4833269E-17	
GPR137C		1.1727991E-17	
OLFR1392		1.0360289E-17	
HS6ST3		1.02949724E-17	
TSPYL4		9.588712E-18	
MCUB		8.371704E-18	
NNAT		8.006232E-18	
SHC2		7.456718E-18	
GRIA2		6.7065633E-18	
WIPF3		6.439124E-18	
NQO1		6.0746366E-18	
DPYSL3		5.6273267E-18	
PF4		4.9542237E-18	
RPS6KL1		4.5466805E-18	
PLCH2		4.0214093E-18	
2610316D01RIK		3.846275E-18	
FRMD3		3.0387243E-18	
IFI27		2.8080397E-18	
ADAM12		2.7989019E-18	
DBP		2.5823472E-18	
CCBE1		2.5556163E-18	
NUDT11		2.0714065E-18	
NGF		1.9350275E-18	
ST6GALNAC2		1.9126738E-18	
ADAMTS18		1.7789537E-18	
RGL3		1.7160936E-18	
MCIDAS		1.4526984E-18	
ENPP1		1.2332786E-18	
KCNK16		1.1516599E-18	
SRGAP3		1.0876534E-18	
GM16133		9.4391E-19	
SCRN1		7.4589704E-19	
SPTBN4		6.6622584E-19	
5330434G04RIK		5.995697E-19	
SOX6		4.7871227E-19	
RBFOX1		4.6028015E-19	
S100A8		3.6038003E-19	
NIPAL1		3.4128133E-19	
FAM155A		3.268338E-19	
GM47662		3.1702803E-19	
UNC5A		2.8072946E-19	
ASTN1		2.7846216E-19	
IRF6		2.4805208E-19	
IFI204		2.0528216E-19	
GM36634		1.8090825E-19	
TRIM67		1.7134067E-19	
FMR1NB		1.4976126E-19	
GABRA5		1.485449E-19	
2310030G06RIK		1.2851219E-19	
GM8281		1.1714475E-19	
D430041D05RIK		7.806147E-20	
DLGAP2		4.3485634E-20	
USP29		3.3057436E-20	
EDN2		2.230875E-20	
MCTP1		1.482539E-20	
NCAM2		1.3792103E-20	
DGKI		1.278187E-20	
VSTM4		9.803496E-21	
PDGFD		8.519557E-21	
FREM2		8.247374E-21	
KIF26B		4.1276886E-21	
RPS21		3.7354503E-21	
NRSN1		3.7051225E-21	
XKR4		3.215072E-21	
CCDC149		2.9515351E-21	
GSTA4		2.2182674E-21	
DISP2		1.3979165E-21	
FCHO1		1.3928626E-21	
DLEC1		3.8666226E-22	
CNTNAP3		1.6067365E-22	
PRELP		1.4369197E-22	
CPA2		1.357581E-22	
SLC40A1		7.0877436E-23	
CAMK2B		4.5685724E-23	
TRIM9		3.9791495E-23	
OLFML2A		7.212502E-24	
PRM1		3.0824225E-24	
IL2RA		9.300982E-25	
CYP7B1		1.7014596E-25	
NMNAT2		3.45121E-26	
H2-Q7		4.2384876E-27	
SYT16		2.8905917E-27	
FAR2		2.810158E-27	
FAM135B		1.4539212E-27	
ARHGEF38		1.3206793E-27	
GM1673		7.5771963E-28	
NCF4		6.26289E-28	
GM47547		4.0097062E-28	
GM35256		2.6292367E-28	
GALNT13		1.1626516E-28	
CDH10		2.424044E-29	
ANKRD7		1.0937058E-29	
GM16548		3.8274845E-30	
CALB1		7.822903E-31	
CXCL14		1.573144E-31	
BE692007		1.381111E-33	
EPSTI1		1.9503665E-34	
PILRA		3.8953827E-38	
GM20756		7.08E-43	
4833427G06RIK		2.8E-45	
CD28		0.0	
LAMA2		0.0	
PCDH11X		0.0	
OLR1		0.0	
GM43057		0.0	
RPL13A		0.0	
ARHGAP36		0.0	
KLHL13		0.0	
S100A9		0.0	
STFA3		0.0	
MRGPRA2A		0.0	
KLHL4		0.0	
PKHD1L1		0.0	
GAL3ST2C		0.0	
RCN3		0.0	
SLFN2		0.0	
