"","V1","V2","V3","V4","V5"
"MGH1518-B3:AACCATGAGTATCGAAx-Tumor 1",0,0.382414528154386,0,0.556911631739997,0.0606738401056162
"MGH1518-B3:AAAGATGTCATTATCCx-Tumor 1",0.229088992780629,0.392143238605298,0,0.378767768614073,0
"MGH1518-B3:AAAGTAGTCTCAAGTGx-Tumor 1",0.109476756252894,0.176439826123675,0,0.568632089953862,0.145451327669569
"MGH1518-B3:AAAGATGCAACAACCTx-Tumor 1",0.00858609509016413,0.657171590135259,0.0940726082686772,0.0493220705987506,0.190847635907149
"MGH1518-B3:AAAGATGTCTACTATCx-Tumor 1",0.488488443175525,0.122960387050527,0,0.171707536422411,0.216843633351537
"MGH1518-B3:AAAGATGCAGCTATTGx-Tumor 1",0,0.796537105641303,0,0.162208955411089,0.0412539389476082
"MGH1518-B3:AAACCTGTCAAAGACAx-Tumor 1",0.0164151089620233,0.730090419988084,0,0.253494471049893,0
"MGH1518-B3:AAAGTAGAGATGTGTAx-Tumor 1",0,0.675793188812655,0,0.057750598958626,0.266456212228719
"MGH1518-B3:AACTCAGCATATACCGx-Tumor 1",0,0.48195948816351,0,0.51804051183649,0
"MGH1518-B3:AAGACCTCAGATAATGx-Tumor 1",0.0952567096220844,0.59669194804009,0,0.168291126813712,0.139760215524113
"MGH1518-B3:AACTCTTCATTAACCGx-Tumor 1",0,0,0,0.585094211145106,0.414905788854894
"MGH1518-B3:AACTCTTAGATGAGAGx-Tumor 1",0,0.351137462317601,0,0.323242029978633,0.325620507703766
"MGH1518-B3:AACGTTGTCTAACTTCx-Tumor 1",0,0.322487050195691,0,0.677512949804309,0
"MGH1518-B3:AACTCTTTCATGTCTTx-Tumor 1",0,0,0,0.789111930734772,0.210888069265228
"MGH1518-B3:ACACTGATCAAGAAGTx-Tumor 1",0,0.137957865874074,0,0.340333025357055,0.521709108768871
"MGH1518-B3:ACACTGAGTATAATGGx-Tumor 1",0,0,0,0.195409971444389,0.804590028555611
"MGH1518-B3:ACATCAGCAGGACGTAx-Tumor 1",0.03839498027781,0.527418138522111,0,0,0.434186881200079
"MGH1518-B3:ACCTTTAAGACATAACx-Tumor 1",0.362530291091052,0.185491419734831,0,0.252633470872072,0.199344818302046
"MGH1518-B3:ACCTTTATCGCTTAGAx-Tumor 1",0.185023408340509,0.319990044404677,0.0265462092099674,0.236827011155861,0.231613326888985
"MGH1518-B3:ACATACGTCCTCAATTx-Tumor 1",0.228330030323145,0.304108324670863,0,0.467561645005992,0
"MGH1518-B3:ACCTTTAAGTGAAGAGx-Tumor 1",0.0296622884442032,0.616874386120629,0,0.052997567239391,0.300465758195777
"MGH1518-B3:ACCAGTATCTTTACGTx-Tumor 1",0,0,0,0.908046169199943,0.0919538308000574
"MGH1518-B3:ACCGTAATCTCGTATTx-Tumor 1",0,0.504955735864752,0,0.495044264135248,0
"MGH1518-B3:ACCGTAAAGAATGTGTx-Tumor 1",0,0.506555844646616,0,0.313788791410168,0.179655363943216
"MGH1518-B3:ACGATGTAGACAAAGGx-Tumor 1",0,0.332625624172209,0,0.583437486580814,0.083936889246977
"MGH1518-B3:ACGATACAGTTGAGTAx-Tumor 1",0.126704654985619,0.707283108659058,0,0.166012236355323,0
"MGH1518-B3:ACGATACTCTTTAGGGx-Tumor 1",0.00160518518046901,0.1315438851693,0,0.672390335834816,0.194460593815415
"MGH1518-B3:ACGGAGAAGTTAGGTAx-Tumor 1",0,0.738860402599431,0,0.19939028336474,0.0617493140358295
"MGH1518-B3:ACTTGTTAGTGTCTCAx-Tumor 1",0,0.268868866611753,0,0.731131133388247,0
"MGH1518-B3:ACTGAGTAGATGTAACx-Tumor 1",0.0519458005417635,0.820520482713691,0.0264334988541674,0.101100217890378,0
"MGH1518-B3:ACTGATGTCCAAAGTCx-Tumor 1",0.165028659411344,0.603142025531479,0,0.231829315057177,0
"MGH1518-B3:ACTTGTTAGGGAGTAAx-Tumor 1",0.151774055260295,0.233890542556883,0,0.586045597087729,0.0282898050950927
"MGH1518-B3:ACTTACTCACAGATTCx-Tumor 1",0,0.646834764951102,0.0238356730658204,0.151664744245584,0.177664817737494
"MGH1518-B3:ACTGAGTGTTACAGAAx-Tumor 1",0,0.520779157545958,0,0.341962805992402,0.13725803646164
"MGH1518-B3:ACTTTCAAGATGTTAGx-Tumor 1",0.156523996244955,0.38729895151366,0.0910346123060594,0.304779086072114,0.0603633538632119
"MGH1518-B3:ACTTGTTCATCTACGAx-Tumor 1",0,0.553232751368666,0.121360481160129,0.157864924760842,0.167541842710364
"MGH1518-B3:ACTTACTCATTACCTTx-Tumor 1",0.0921419931525408,0.340330486409676,0.166919295132682,0.208600152846988,0.192008072458113
"MGH1518-B3:ACTGAACTCAATCACGx-Tumor 1",0,0.58773083476082,0,0.39462462923902,0.0176445360001601
"MGH1518-B3:ACTATCTGTCTAAACCx-Tumor 1",0.23274400784283,0.130508057303829,0,0.636747934853341,0
"MGH1518-B3:AGAATAGTCTTGTTTGx-Tumor 1",0,0.283034754695677,0.111001533290029,0.292904925005024,0.31305878700927
"MGH1518-B3:AGAATAGCATGCCTAAx-Tumor 1",0,0.627247407412287,0,0.311396070823616,0.0613565217640966
"MGH1518-B3:AGAATAGGTCAACATCx-Tumor 1",0.248035858429437,0.697396995358812,0,0.0545671462117511,0
"MGH1518-B3:AGAGCTTGTATAATGGx-Tumor 1",0.11597308396821,0.446934344309914,0,0.422364654258591,0.0147279174632851
"MGH1518-B3:AGAATAGGTTCTGGTAx-Tumor 1",0.0220735619715537,0.44499647711402,0,0.486376081396397,0.0465538795180295
"MGH1518-B3:AGAGCTTAGTATCTCGx-Tumor 1",0.206903927248941,0.654633518105909,0.0612267407915622,0.0772358138535871,0
"MGH1518-B3:AGAGTGGGTAATAGCAx-Tumor 1",0.103288562541276,0.604313551625947,0.0152623723613851,0.21010985855212,0.0670256549192721
"MGH1518-B3:AGCTCTCTCGGAAATAx-Tumor 1",0,0.82711253128984,0,0.17288746871016,0
"MGH1518-B3:AGCCTAACAATAACGAx-Tumor 1",0,0.562846232359616,0,0.437153767640384,0
"MGH1518-B3:AGCGTATCAAGAAGAGx-Tumor 1",0,0.514213944064906,0,0.474327636084509,0.0114584198505843
"MGH1518-B3:AGGTCATAGCTACCTAx-Tumor 1",0,0.742519779578003,0,0.257480220421997,0
"MGH1518-B3:AGGTCATGTTAAGTAGx-Tumor 1",0,0.25934722329691,0,0.149298234290864,0.591354542412226
"MGH1518-B3:AGGTCATAGATCTGAAx-Tumor 1",0,0.653506881446668,0,0.346493118553332,0
"MGH1518-B3:AGGTCATAGTCAATAGx-Tumor 1",0.0900436016737326,0.329895855520402,0,0.478125785873199,0.101934756932667
"MGH1518-B3:AGTTGGTTCTACTATCx-Tumor 1",0.308961449656023,0.248576072754,0,0.202967017237752,0.239495460352225
"MGH1518-B3:AGTCTTTAGTACGATAx-Tumor 1",0,0.400183289795067,0,0,0.599816710204933
"MGH1518-B3:AGTCTTTTCTTAACCTx-Tumor 1",0,0,0,0.788073695040438,0.211926304959562
"MGH1518-B3:AGGGTGAAGGAATTACx-Tumor 1",0,0.668125726228113,0,0.331874273771887,0
"MGH1518-B3:AGGGTGACAAAGAATCx-Tumor 1",0,0.562308766223876,0,0.437691233776124,0
"MGH1518-B3:ATCTACTAGGGTATCGx-Tumor 1",0,0.296314913473316,0,0.325419791137395,0.378265295389289
"MGH1518-B3:ATCATCTTCTTCAACTx-Tumor 1",0,0,0,0.383794447632376,0.616205552367624
"MGH1518-B3:ATAGACCAGTGAAGTTx-Tumor 1",0.0329737791758112,0.39809641313472,0,0.257915248300495,0.311014559388973
"MGH1518-B3:ATCCGAAGTGACTACTx-Tumor 1",0,0.629615519542351,0,0.370384480457649,0
"MGH1518-B3:ATCCGAAAGATGAGAGx-Tumor 1",0,0.71345882958358,0,0.252465235648897,0.0340759347675228
"MGH1518-B3:ATAGACCAGCTAGTTCx-Tumor 1",0,0.745649345497525,0,0.124372866529645,0.12997778797283
"MGH1518-B3:ATCACGACATAGACTCx-Tumor 1",0,0.816830393037474,0.00291745922118632,0.180252147741339,0
"MGH1518-B3:ATCGAGTTCTCTGAGAx-Tumor 1",0,0.436317811437383,0,0.465315658910239,0.0983665296523781
"MGH1518-B3:ATCGAGTAGAATGTGTx-Tumor 1",0.135263712586613,0.339759982807861,0,0.496807337677363,0.0281689669281624
"MGH1518-B3:ATCACGATCTTTAGGGx-Tumor 1",0.0467731683838062,0.214066052793312,0.122885015778158,0,0.616275763044724
"MGH1518-B3:ATCATCTTCCTCATTAx-Tumor 1",0,0.170612243374914,0.0452991826058459,0.301259081806952,0.482829492212288
"MGH1518-B3:ATAAGAGTCTCAACTTx-Tumor 1",0.0940003261142215,0.402209680684492,0,0.503789993201286,0
"MGH1518-B3:ATTCTACGTTACGACTx-Tumor 1",0.166075659859649,0.519166951978544,0,0.314757388161806,0
"MGH1518-B3:ATCTACTCAGATAATGx-Tumor 1",0.0204213313553205,0.108019221795243,0,0.650156928485822,0.221402518363614
"MGH1518-B3:ATGTGTGGTTAAGTAGx-Tumor 1",0,0.654696122393819,0.0771650902398182,0.147608307631091,0.120530479735271
"MGH1518-B3:ATTCTACGTAATCGTCx-Tumor 1",0,0.747217438055068,0.180363723846126,0.072418838098806,0
"MGH1518-B3:ATTCTACTCTTGTATCx-Tumor 1",0,0,0.00959601569136778,0.990403984308632,0
"MGH1518-B3:ATTCTACAGCTGAAATx-Tumor 1",0.187912511342058,0.201750163633963,0,0.430896131711486,0.179441193312492
"MGH1518-B3:ATCTACTTCAGAGGTGx-Tumor 1",0.453806898918779,0.30170161112315,0,0.10291365200674,0.141577837951331
"MGH1518-B3:ATCTACTTCAAGCCTAx-Tumor 1",0.106253592243136,0.463726937019047,0.287833393118259,0.142186077619557,0
"MGH1518-B3:ATTACTCTCAACGAAAx-Tumor 1",0.0602884816819036,0.352821476767851,0,0.289110579709481,0.297779461840764
"MGH1518-B3:ATTGGTGTCTAACTGGx-Tumor 1",0.0133227707845492,0.317542285844753,0.0203437035730239,0.401837776965737,0.246953462831937
"MGH1518-B3:CAACCAATCTGTTTGTx-Tumor 1",0,0.117695097702504,0.0529291166996178,0.640411479656655,0.188964305941222
"MGH1518-B3:CAAGAAACATAGGATAx-Tumor 1",0.117627891572128,0.66055978890005,0,0.221812319527822,0
"MGH1518-B3:CAAGAAACATTATCTCx-Tumor 1",0.208201674998573,0.111013470170118,0,0.55693728931527,0.12384756551604
"MGH1518-B3:CAACTAGAGTTCCACAx-Tumor 1",0.111765174307977,0.62063340616124,0.00526865182557275,0.26233276770521,0
"MGH1518-B3:CACCACTTCATAAAGGx-Tumor 1",0,0.598958846080025,0,0.316427699200586,0.0846134547193892
"MGH1518-B3:CACATTTAGAATAGGGx-Tumor 1",0.244532096115367,0.647434022873059,0.02372156539829,0.0807164328019073,0.00359588281137635
"MGH1518-B3:CACACTCGTATTCTCTx-Tumor 1",0,0.290483903223862,0,0.69022476139126,0.0192913353848778
"MGH1518-B3:CACAGTAGTGATGATAx-Tumor 1",0.228265628937791,0.337397459756844,0,0.434336911305365,0
"MGH1518-B3:CACATTTTCAGCTTAGx-Tumor 1",0.00462771056267797,0.539742621070355,0.138551354306722,0.317078314060245,0
"MGH1518-B3:CACATTTTCACTTATCx-Tumor 1",0,0,0,0.685935098667931,0.314064901332069
"MGH1518-B3:CACAGTAGTATATCCGx-Tumor 1",0.0788920875653718,0.00510300306676348,0,0.528084465849998,0.387920443517867
"MGH1518-B3:CAGATCACACTATCTTx-Tumor 1",0.107533277244418,0.576957659297902,0.0690466539920046,0.246462409465676,0
"MGH1518-B3:CAGCATATCTATGTGGx-Tumor 1",0.0646568319564151,0.510480661316911,0,0.424862506726674,0
"MGH1518-B3:CAGATCATCTGATACGx-Tumor 1",0,0.350452575970804,0,0.380604626666373,0.268942797362824
"MGH1518-B3:CAGATCACAATAACGAx-Tumor 1",0,0.214339663514195,0,0.785660336485805,0
"MGH1518-B3:CAGCATAGTTAAGTAGx-Tumor 1",0.0811695993994741,0.389474361160255,0,0.223786908912235,0.305569130528036
"MGH1518-B3:CATATGGGTGTAATGAx-Tumor 1",0,0.587524922387424,0,0.412475077612576,0
"MGH1518-B3:CATCAGACAATTCCTTx-Tumor 1",0,0.385569769649476,0,0.48234032954308,0.132089900807444
"MGH1518-B3:CATATTCGTAGTACCTx-Tumor 1",0.130675659690745,0.453079022116437,0,0.201820701180687,0.214424617012131
"MGH1518-B3:CAGCTAATCGTAGATCx-Tumor 1",0,0.681401741532192,0,0.270268528811737,0.0483297296560707
"MGH1518-B3:CAGCTAACAATGGAATx-Tumor 1",0.3827368876407,0.420300432848514,0,0.100332546790931,0.0966301327198552
"MGH1518-B3:CATCAAGTCTCTTATGx-Tumor 1",0,0.229364319912001,0.142236664312958,0.628399015775041,0
"MGH1518-B3:CATTATCCATACCATGx-Tumor 1",0.0494920949641139,0.505553027981796,0.0890341293583849,0.355920747695705,0
"MGH1518-B3:CATTATCTCACCTTATx-Tumor 1",0.180582893252066,0.225438688417008,0.128852997771143,0.465125420559784,0
"MGH1518-B3:CATTATCAGTACTTGCx-Tumor 1",0,0.211877914614339,0,0.776613588287727,0.0115084970979338
"MGH1518-B3:CATTATCTCAATAAGGx-Tumor 1",0,0.117811308457206,0.0409743720673727,0.621097335582479,0.220116983892942
"MGH1518-B3:CCTCAGTAGACAGAGAx-Tumor 1",0,0.690765101746779,0.0713765668708182,0.211123066857855,0.026735264524548
"MGH1518-B3:CCTCAGTAGGTGTGGTx-Tumor 1",0.00892648620133012,0.985541089979444,0,0.00335757613902839,0.002174847680197
"MGH1518-B3:CCTCAGTGTTAAAGACx-Tumor 1",0,0.530603008590124,0,0.421322678522234,0.048074312887642
"MGH1518-B3:CCTATTATCCTGCTTGx-Tumor 1",0,0,0.0193578298729989,0.806771103370982,0.173871066756019
"MGH1518-B3:CCTACACTCTAGAGTCx-Tumor 1",0,0.53662843550664,0,0.332154442918709,0.131217121574651
"MGH1518-B3:CGAACATCAATCTACGx-Tumor 1",0,0.583274711870457,0,0.416725288129544,0
"MGH1518-B3:CCTTTCTTCAAAGTAGx-Tumor 1",0.278141364527694,0.261363053359297,0.0332427345711622,0.427252847541847,0
"MGH1518-B3:CCTTTCTAGAGTACCGx-Tumor 1",0,0.726838836107345,0,0.273161163892655,0
"MGH1518-B3:CGAATGTGTATGAAACx-Tumor 1",0,0.569093256179425,0,0.313671121800035,0.11723562202054
"MGH1518-B3:CGATGTAGTAGCTAAAx-Tumor 1",0,0.648699168908162,0.00141533455812486,0.227976566614674,0.121908929919039
"MGH1518-B3:CGAGAAGGTAGATTAGx-Tumor 1",0,0.536373653915221,0,0.312868084017473,0.150758262067306
"MGH1518-B3:CGATGTAAGATGTAACx-Tumor 1",0.0551537618767648,0.520768892054366,0.0389847102529728,0.110807550819274,0.274285084996623
"MGH1518-B3:CGATTGAAGTACATGAx-Tumor 1",0.120289345979076,0.203834701762924,0,0.675875952258,0
"MGH1518-B3:CGTTAGACATTTCACTx-Tumor 1",0,0.245080552037978,0,0.679829948403634,0.075089499558389
"MGH1518-B3:CGTTAGATCTCATTCAx-Tumor 1",0.0625485517560202,0.810940467660602,0,0.105334036567448,0.0211769440159298
"MGH1518-B3:CGTCTACAGAACAATCx-Tumor 1",0,0.425062916673772,0,0.548457834791652,0.0264792485345754
"MGH1518-B3:CTAACTTTCTGAGTGTx-Tumor 1",0.00982232661419957,0.546662138445106,0.00639656678157155,0.224171325612754,0.212947642546369
"MGH1518-B3:CTACATTTCGAGGTAGx-Tumor 1",0.0771522906092451,0.575627996871251,0,0.194820503516273,0.152399209003231
"MGH1518-B3:CTAACTTAGATATGCAx-Tumor 1",0.0207138271569382,0.0123025919142502,0.00496676359852577,0.633668145349894,0.328348671980392
"MGH1518-B3:CTAGAGTAGGACATTAx-Tumor 1",0.179274240478196,0.493325815388972,0,0.0624897775267227,0.264910166606109
"MGH1518-B3:CTAACTTTCTCTAGGAx-Tumor 1",0.13728407685076,0.429797886491942,0,0.432918036657298,0
"MGH1518-B3:CTCCTAGAGTCGATAAx-Tumor 1",0,0.572442541744948,0,0.427557458255052,0
"MGH1518-B3:CTCATTAGTCATATCGx-Tumor 1",0,0,0,0.0338507437524496,0.96614925624755
"MGH1518-B3:CTCAGAACAAACAACAx-Tumor 1",0.298691624539164,0.285934876850322,0.134137115910611,0.281236382699903,0
"MGH1518-B3:CTCATTATCCTCCTAGx-Tumor 1",0,0,0.00182118375807637,0.861068147502289,0.137110668739634
"MGH1518-B3:CTCTAATTCTTGAGACx-Tumor 1",0,0,0,0.831257636074181,0.168742363925819
"MGH1518-B3:CTGATAGGTCTAGTGTx-Tumor 1",0,0.773275134220852,0,0.0133887250307749,0.213336140748373
"MGH1518-B3:CTCTAATAGAGGGCTTx-Tumor 1",0.243913174766893,0.515894953603439,0,0.00119213854139306,0.238999733088275
"MGH1518-B3:CTCTAATTCTTATCTGx-Tumor 1",0,0,0.0573456772610498,0.94265432273895,0
"MGH1518-B3:CTCTAATGTTCAACCAx-Tumor 1",0.426885410442058,0.0628500392749849,0,0.501090005457151,0.00917454482580513
"MGH1518-B3:CTCTAATCAATGACCTx-Tumor 1",0,0.108352063078247,0.136895231807776,0.604452084541527,0.15030062057245
"MGH1518-B3:CTTAACTGTTTGACACx-Tumor 1",0,0.187978812287267,0,0.812021187712733,0
"MGH1518-B3:CTTAACTAGATATGGTx-Tumor 1",0.432677703400061,0.181025429641423,0.174008283109793,0.00116522770066966,0.211123356148053
"MGH1518-B3:CTTCTCTGTAAGGGAAx-Tumor 1",0,0.737424930849515,0,0.25782481956856,0.00475024958192497
"MGH1518-B3:CTTAGGAAGAAGGTTTx-Tumor 1",0.0186849530681826,0.426770292322007,0,0.00016620757855064,0.55437854703126
"MGH1518-B3:CTTAACTCAAGTAATGx-Tumor 1",0.155714396249502,0,0,0.844285603750498,0
"MGH1518-B3:CTTAGGAGTAGTGAATx-Tumor 1",0.203504056307064,0.722581391822089,0.0316844301444488,0.0422301217263984,0
"MGH1518-B3:CTTAACTGTATGCTTGx-Tumor 1",0,0,0.0166534553189767,0.938777083902594,0.0445694607784296
"MGH1518-B3:CTTCTCTAGATATGCAx-Tumor 1",0.0120402185948519,0,0.122871185277331,0.865088596127817,0
"MGH1518-B3:CTGTTTATCATGTCTTx-Tumor 1",0.00772760553670039,0,0.227724269917344,0.764548124545956,0
"MGH1518-B3:CTTAACTGTACAGACGx-Tumor 1",0.298942217884142,0.576421064952582,0.00834138885576962,0.0860029876008885,0.0302923407066182
"MGH1518-B3:GAATAAGGTATGAATGx-Tumor 1",0.477553908973972,0.341036054899947,0,0.181410036126082,0
"MGH1518-B3:GAATAAGCATAAAGGTx-Tumor 1",0.392109345283337,0.0781185761158045,0,0.432854598081368,0.0969174805194906
"MGH1518-B3:GAACCTAGTTAGATGAx-Tumor 1",0,0.148125236780004,0,0.445896813981014,0.405977949238982
"MGH1518-B3:GAACCTAAGAATTGTGx-Tumor 1",0,0.478711742103953,0.0635531803408842,0.307887793338444,0.149847284216719
"MGH1518-B3:GAATGAATCCCAAGATx-Tumor 1",0.0273230160055235,0.507506923147162,0,0.0923420245814107,0.372828036265904
"MGH1518-B3:GAAATGATCCAGATCAx-Tumor 1",0,0.690794907201565,0,0,0.309205092798435
"MGH1518-B3:GAATAAGGTAATTGGAx-Tumor 1",0,0.245788973779049,0,0.549386843103522,0.204824183117429
"MGH1518-B3:GAATAAGTCTTAACCTx-Tumor 1",0.0327217094076708,0.511075667571108,0.140458143045316,0.284323114832271,0.0314213651436344
"MGH1518-B3:GAACCTACAAGGTTCTx-Tumor 1",0,0.693884571593367,0,0.128448901657744,0.177666526748889
"MGH1518-B3:GAAATGATCATCATTCx-Tumor 1",0.103664947005426,0.181236916022918,0,0.715098136971656,0
"MGH1518-B3:GAATAAGCATTAACCGx-Tumor 1",0,0.251078513950099,0,0.415172796723626,0.333748689326275
"MGH1518-B3:GACTACAGTGACAAATx-Tumor 1",0,0.474947501732785,0.052648150759872,0.472404347507343,0
"MGH1518-B3:GACCAATTCTCTAAGGx-Tumor 1",0,0.179765125667584,0,0.328147663572521,0.492087210759895
"MGH1518-B3:GACTACAGTAGCAAATx-Tumor 1",0.615407115408715,0.268607633998978,0.0123381489408536,0.103647101651454,0
"MGH1518-B3:GACCAATAGATGTGTAx-Tumor 1",0,0.367734418852749,0,0.632265581147251,0
"MGH1518-B3:GACCAATCAGACAAATx-Tumor 1",0,0.538924535335599,0,0.461075464664401,0
"MGH1518-B3:GATCAGTTCATTATCCx-Tumor 1",0,0.298866106229705,0,0.540932600511195,0.160201293259101
"MGH1518-B3:GATGAAATCCTGTACCx-Tumor 1",0,0.830585683165684,0.0718522526837875,0.0975620641505286,0
"MGH1518-B3:GATCAGTTCTTATCTGx-Tumor 1",0,0.444664074609398,0,0.555335925390602,0
"MGH1518-B3:GATCTAGCAAAGAATCx-Tumor 1",0.221553425609735,0.45422477178023,0.10602119744321,0.0301999492776684,0.188000655889156
"MGH1518-B3:GATTCAGTCTAACTCTx-Tumor 1",0.0197311237238439,0.0924370854590698,0,0.842330463941919,0.0455013268751671
"MGH1518-B3:GCAGTTACAGTATAAGx-Tumor 1",0,0.547310775083526,0,0.382867420996639,0.0698218039198354
"MGH1518-B3:GCATACAAGGATATACx-Tumor 1",0.0581870334011777,0.0595102909332809,0,0.882302675665542,0
"MGH1518-B3:GCATACAGTAAGGATTx-Tumor 1",0,0.333262440439194,0,0.666737559560806,0
"MGH1518-B3:GCAATCATCTGAAAGAx-Tumor 1",0.0219940739381551,0.621450725008186,0.04714003645016,0.309415164603499,0
"MGH1518-B3:GCATGTATCACTATTCx-Tumor 1",0,0,0.0918500178028317,0.846348659466371,0.0618013227307969
"MGH1518-B3:GCTTGAAAGTGAATTGx-Tumor 1",0,0.585268737037461,0,0.341896559056481,0.0728347039060579
"MGH1518-B3:GCTCTGTAGTAGATGTx-Tumor 1",0.288375302528281,0.432057284793858,0.032338521110474,0.247228891567387,0
"MGH1518-B3:GCTGCTTCACCAGGTCx-Tumor 1",0,0,0.00285687853084545,0.517208307096019,0.479934814373135
"MGH1518-B3:GCTCTGTAGTACATGAx-Tumor 1",0.0504805807586098,0.732377452220206,0,0.176745027842423,0.0403969391787612
"MGH1518-B3:GGAATAACATGTTGACx-Tumor 1",0.180451037986367,0.686551494705846,0,0.132997467307788,0
"MGH1518-B3:GGAACTTCAGATAATGx-Tumor 1",0,0.193196862245156,0,0.698516149489338,0.108286988265506
"MGH1518-B3:GGAATAATCCTTGACCx-Tumor 1",0.005093854477736,0.278008780630771,0.0301934571476872,0.664816059899899,0.0218878478439067
"MGH1518-B3:GGAATAAGTAGAAAGGx-Tumor 1",0.0676749012690095,0.630024052771391,0,0.293433993739794,0.00886705221980544
"MGH1518-B3:GGATGTTAGAATGTTGx-Tumor 1",0,0.364864594436614,0,0.494863053839564,0.140272351723822
"MGH1518-B3:GGAACTTTCAGAAATGx-Tumor 1",0,0.235929141588403,0,0.764070858411597,0
"MGH1518-B3:GGAACTTCAAGTTAAGx-Tumor 1",0,0.481028435519223,0,0.452097992121604,0.0668735723591737
"MGH1518-B3:GGAATAACAAGGGTCAx-Tumor 1",0,0.689376244793051,0,0.159344771833264,0.151278983373685
"MGH1518-B3:GGCAATTTCCTCAATTx-Tumor 1",0,0.296029823485372,0,0.703970176514628,0
"MGH1518-B3:GGCAATTCAAATACAGx-Tumor 1",0.136862939282458,0.419728285462488,0.0198641785299175,0.413056672197776,0.0104879245273608
"MGH1518-B3:GGATTACAGTGTACGGx-Tumor 1",0,0.694846322003809,0,0.305153677996191,0
"MGH1518-B3:GGTATTGAGAACTGTAx-Tumor 1",0.0549284694638091,0.643537391791007,0,0.301534138745184,0
"MGH1518-B3:GTAACTGAGAGTACATx-Tumor 1",0,0.53312288876364,0,0.253623420741582,0.213253690494778
"MGH1518-B3:GGTGTTACAAGTTAAGx-Tumor 1",0.0333154704208536,0.397695556333409,0,0.568988973245738,0
"MGH1518-B3:GTACGTATCTCAACTTx-Tumor 1",0.204638672250676,0.17160159007638,0,0.623759737672944,0
"MGH1518-B3:GTACTTTAGCGAGAAAx-Tumor 1",0,0.59709331104415,0,0.40290668895585,0
"MGH1518-B3:GGTGTTACACTATCTTx-Tumor 1",0.0169316700219565,0.298653105202014,0,0.6827596420394,0.00165558273662947
"MGH1518-B3:GTCATTTAGAAGGGTAx-Tumor 1",0,0.353433733400784,0,0.320758601099563,0.325807665499653
"MGH1518-B3:GTATTCTCATAACCTGx-Tumor 1",0.139985460342997,0.080592900178813,0.036331894661732,0.624975266042563,0.118114478773896
"MGH1518-B3:GTATTCTTCTCAACTTx-Tumor 1",0,0,0,0.182866989834218,0.817133010165782
"MGH1518-B3:GTCATTTAGAATTCCCx-Tumor 1",0.410875917047991,0.351402653799523,0,0.237721429152486,0
"MGH1518-B3:GTATTCTCATGTAGTCx-Tumor 1",0,0,0,0.433094109476485,0.566905890523515
"MGH1518-B3:GTATCTTTCATCTGTTx-Tumor 1",0,0,0,0.805436958658257,0.194563041341743
"MGH1518-B3:GTATTCTAGAGAACAGx-Tumor 1",0.000129352788725813,0.316963250636609,0,0.682907396574666,0
"MGH1518-B3:GTATTCTCAATCTACGx-Tumor 1",0,0,0.204988372943604,0.19444041447808,0.600571212578316
"MGH1518-B3:GTATTCTTCAGAGCTTx-Tumor 1",0.0910365266871135,0.61787941532051,0.0338078457072691,0,0.257276212285107
"MGH1518-B3:GTCATTTAGTGTACCTx-Tumor 1",0,0.378359656690273,0,0.21908610198008,0.402554241329647
"MGH1518-B3:GTATCTTGTTGATTGCx-Tumor 1",0.0447681781179806,0.53375917346,0.143241849414149,0.27823079900787,0
"MGH1518-B3:GTGCATAAGAATAGGGx-Tumor 1",0,0.399330281807163,0,0.321696181606129,0.278973536586708
"MGH1518-B3:TAAGAGATCCTGTAGAx-Tumor 1",0.159280602911029,0.55726195908703,0,0.199228954173846,0.0842284838280959
"MGH1518-B3:TAAGAGAAGATGTGTAx-Tumor 1",0.0405761022849345,0.583093119319536,0,0.37633077839553,0
"MGH1518-B3:TAAGAGAGTATAATGGx-Tumor 1",0.131714646361403,0.540151907038995,0,0.328133446599602,0
"MGH1518-B3:TACACGAAGTATGACAx-Tumor 1",0,0.23901193018391,0,0.76098806981609,0
"MGH1518-B3:GTTCATTAGACAGAGAx-Tumor 1",0,0.661891822101305,0,0.338108177898695,0
"MGH1518-B3:TAAGCGTGTCATGCATx-Tumor 1",0.0410315951095844,0.415385830002828,0,0.543582574887587,0
"MGH1518-B3:TACCTATTCAAGCCTAx-Tumor 1",0,0.347509972026083,0.0666625259889714,0.585827501984945,0
"MGH1518-B3:TACGGTAAGAAGATTCx-Tumor 1",0.352831180350112,0.406269597672022,0,0.240899221977866,0
"MGH1518-B3:TACCTTAGTGACAAATx-Tumor 1",0,0.204497295957492,0,0.405492516932147,0.390010187110361
"MGH1518-B3:TACGGTAGTATCAGTCx-Tumor 1",0,0.369429855549007,0,0.572340826611546,0.0582293178394473
"MGH1518-B3:TACTCATTCTTAACCTx-Tumor 1",0,0,0.0840365573655022,0.209218190487831,0.706745252146667
"MGH1518-B3:TACCTATGTACTTGACx-Tumor 1",0.167369547428389,0.145612113419197,0,0.173249861960534,0.51376847719188
"MGH1518-B3:TACCTATTCTGATACGx-Tumor 1",0.0593480428672967,0.338636209949825,0,0.602015747182879,0
"MGH1518-B3:TACCTATCATCACGATx-Tumor 1",0.151489862260383,0.333430416569648,0.094849727016143,0,0.420229994153826
"MGH1518-B3:TACAGTGAGAGGTTATx-Tumor 1",0.189538419947169,0.509514657507788,0,0.294981133149436,0.00596578939560642
"MGH1518-B3:TACGGATCACAAGTAAx-Tumor 1",0,0.560150346235228,0,0.348883090467713,0.0909665632970588
"MGH1518-B3:TACCTATGTAGTACCTx-Tumor 1",0,0,0.0702343090192376,0.104070439590036,0.825695251390727
"MGH1518-B3:TACTTACTCCAAAGTCx-Tumor 1",0,0.403008497149883,0,0.596991502850117,0
"MGH1518-B3:TAGAGCTAGGAATTACx-Tumor 1",0,0.661121053047604,0,0.338878946952396,0
"MGH1518-B3:TATCTCACACAACTGTx-Tumor 1",0,0.289767505271427,0,0.524164365175757,0.186068129552816
"MGH1518-B3:TACTTGTAGGCAATTAx-Tumor 1",0,0.750275565689673,0,0.249724434310327,0
"MGH1518-B3:TAGTTGGAGAAACCTAx-Tumor 1",0.0881986956633799,0.504173442410771,0,0.37949950664676,0.0281283552790883
"MGH1518-B3:TATCTCACAAGTAATGx-Tumor 1",0.244267652777666,0.448632547357094,0.126975308346111,0.18012449151913,0
"MGH1518-B3:TACTTGTGTATAAACGx-Tumor 1",0.114592118262745,0.512795104442348,0.0640380694823557,0.308574707812551,0
"MGH1518-B3:TCAGGATAGTCCTCCTx-Tumor 1",0.0201306505413541,0.683402578458412,0,0.296466771000234,0
"MGH1518-B3:TATTACCTCCTAAGTGx-Tumor 1",0,0.0904905084577767,0,0.138881685701023,0.770627805841201
"MGH1518-B3:TCAATCTAGTTACGGGx-Tumor 1",0,0.437371767004565,0,0.430140456479562,0.132487776515873
"MGH1518-B3:TCACGAATCTATCCTAx-Tumor 1",0.127866816714104,0.216533436891037,0.273545393815234,0.382054352579625,0
"MGH1518-B3:TATCTCATCCATGAGTx-Tumor 1",0,0.336337345123642,0,0.596772512939358,0.0668901419369997
"MGH1518-B3:TATTACCGTCAACTGTx-Tumor 1",0,0,0.0766286890272354,0.754623322656535,0.168747988316229
"MGH1518-B3:TATTACCGTAATCACCx-Tumor 1",0,0.075210998507799,0,0.924789001492201,0
"MGH1518-B3:TCAGGATAGTACGTAAx-Tumor 1",0.0286950561315019,0.252242877692352,0,0.705483079653038,0.0135789865231077
"MGH1518-B3:TATTACCAGTGTCTCAx-Tumor 1",0.0985309401535439,0.419947156109072,0,0.382263407853786,0.0992584958835984
"MGH1518-B3:TCAATCTTCGATAGAAx-Tumor 1",0.0494671319985718,0.22233016121538,0,0.728202706786048,0
"MGH1518-B3:TCATTTGTCTTAGCCCx-Tumor 1",0,0.735815572774928,0,0.264184427225072,0
"MGH1518-B3:TCATTACCAAGTACCTx-Tumor 1",0.180038790728086,0.505550023306365,0.103762813373944,0.19662559406635,0.0140227785252547
"MGH1518-B3:TCATTACAGTTAACGAx-Tumor 1",0.372717631559262,0.0092033217513697,0.0816880063557336,0.536391040333634,0
"MGH1518-B3:TCATTTGCACATTAGCx-Tumor 1",0,0.819122775635686,0,0.17383127728271,0.00704594708160445
"MGH1518-B3:TCAGGTAGTAAATGACx-Tumor 1",0.12092417771149,0.690661125400242,0,0.188414696888268,0
"MGH1518-B3:TCTGAGATCAGTTGACx-Tumor 1",0.087965086237047,0.736383639366931,0,0.149648937294041,0.0260023371019805
"MGH1518-B3:TCGGTAAGTTACGTCAx-Tumor 1",0,0.625874657806899,0,0.340085486667175,0.0340398555259267
"MGH1518-B3:TCTGAGAAGAAACCATx-Tumor 1",0.00135712755640086,0.564633359569873,0.0164859275114957,0.3812600007199,0.036263584642331
"MGH1518-B3:TCTCTAACATAGTAAGx-Tumor 1",0,0,0,0.0616064789043926,0.938393521095607
"MGH1518-B3:TGACTTTTCAAGAAGTx-Tumor 1",0,0,0,0.522733874828247,0.477266125171753
"MGH1518-B3:TGAGAGGGTAAGGATTx-Tumor 1",0,0.663112731341559,0,0.0163254619128282,0.320561806745613
"MGH1518-B3:TGACAACGTAAGAGAGx-Tumor 1",0,0.780699260122551,0,0.219300739877449,0
"MGH1518-B3:TGAAAGATCCTCATTAx-Tumor 1",0,0.393981028478842,0,0.385731121058062,0.220287850463096
"MGH1518-B3:TGAAAGAGTAGTGAATx-Tumor 1",0,0.743522325908702,0,0.256477674091298,0
"MGH1518-B3:TGACAACTCTTATCTGx-Tumor 1",0,0,0,0.589600910332307,0.410399089667693
"MGH1518-B3:TGAGAGGAGGAATTACx-Tumor 1",0,0.631343133649847,0,0.368656866350153,0
"MGH1518-B3:TGAAAGATCTATCCTAx-Tumor 1",0.154857798989643,0.256571643918775,0.144009231946393,0.408061669790492,0.036499655354697
"MGH1518-B3:TGACTAGTCTTTACGTx-Tumor 1",0,0.36039894629868,0,0.426946264054554,0.212654789646765
"MGH1518-B3:TGACTAGGTGAAATCAx-Tumor 1",0.146717319983073,0.356092253134686,0,0.089261952109928,0.407928474772313
"MGH1518-B3:TGATTTCGTAAGGGAAx-Tumor 1",0,0.595994695840259,0,0.310427451339824,0.0935778528199171
"MGH1518-B3:TGCCAAACATCTATGGx-Tumor 1",0,0.530991175340237,0,0.455834954684106,0.0131738699756571
"MGH1518-B3:TGATTTCTCACTTACTx-Tumor 1",0,0.0055207307261413,0.0825267962081,0.68655571741156,0.225396755654198
"MGH1518-B3:TGGTTAGAGTTAGGTAx-Tumor 1",0.044337888776488,0.525046565419799,0,0.430615545803713,0
"MGH1518-B3:TGTATTCCACCAGATTx-Tumor 1",0.0664440557626715,0.555192226512545,0,0.378363717724784,0
"MGH1518-B3:TGGCCAGTCATCTGTTx-Tumor 1",0,0.780412934440286,0,0.219587065559714,0
"MGH1518-B3:TGGTTAGTCTAACTCTx-Tumor 1",0,0.220052856429422,0,0.779947143570578,0
"MGH1518-B3:TGTATTCTCAGAGCTTx-Tumor 1",0.00213855510225668,0.449196889878688,0,0.487382454420201,0.0612821005988545
"MGH1518-B3:TGTGTTTCAAGAAAGGx-Tumor 1",0,0.527865082358786,0,0.472134917641214,0
"MGH1518-B3:TGTGGTATCATAACCGx-Tumor 1",0,0.663207984582583,0,0.299934351835297,0.0368576635821205
"MGH1518-B3:TTAACTCGTAGATTAGx-Tumor 1",0.158640832599203,0.241835268699557,0,0.523570800920465,0.0759530977807745
"MGH1518-B3:TTAGTTCCAGACACTTx-Tumor 1",0.247984101570797,0.531927103594963,0.17984305171747,0.040245743116771,0
"MGH1518-B3:TTATGCTAGATGTAACx-Tumor 1",0.0865778535129371,0.292148261553329,0,0.221888550054401,0.399385334879333
"MGH1518-B3:TTAGTTCTCAGCTTAGx-Tumor 1",0.198465770423802,0.422095573805126,0.129913888616601,0.249524767154471,0
"MGH1518-B3:TTCTTAGCAATGAATGx-Tumor 1",0.235377265513808,0.476825466407355,0.0549825630832829,0.232814704995555,0
"MGH1518-B3:TTGACTTGTTGGTAAAx-Tumor 1",0.158646699810059,0.377913858828391,0.127358113578792,0.309610883134485,0.0264704446482737
"MGH1518-B3:TTCTCAATCTTTACACx-Tumor 1",0,0,0.00533536869992865,0.93972269550814,0.054941935791931
"MGH1518-B3:TTCTCAAAGACTTTCGx-Tumor 1",0.107432144679023,0.760053159080064,0,0.132514696240913,0
"MGH1518-B3:TTCTTAGCATGTCGATx-Tumor 1",0,0.538578761528593,0,0.350839048670438,0.110582189800969
"MGH1518-B3:TTCTCCTGTCATATGCx-Tumor 1",0,0.522366900507562,0,0.477633099492439,0
"MGH1518-B3:TTCTACAGTACATCCAx-Tumor 1",0,0,0.0843007595919952,0.915699240408005,0
"MGH1518-B3:TTCTCAAGTTATTCTCx-Tumor 1",0,0.0431155796737196,0.222460834744608,0.687281383901746,0.0471422016799259
"MGH1518-B3:TTCTACAGTACCGTTAx-Tumor 1",0.0712294977671052,0.48884649421879,0,0.439924008014105,0
"MGH1518-B3:TTGACTTGTAGAAGGAx-Tumor 1",0,0.63781057522029,0,0,0.36218942477971
"MGH1518-B3:TTCTCAAAGACAATACx-Tumor 1",0,0.0963201679337366,0,0.63225384766919,0.271425984397073
"MGH1518-B3:TTCTTAGCATCAGTACx-Tumor 1",0,0.435377564973677,0.0383695357061165,0.327233208327164,0.199019690993043
"MGH1518-B3:TTGACTTAGACTACAAx-Tumor 1",0,0.352838479556818,0,0.62609898254228,0.0210625379009023
"MGH1518-B3:TTTCCTCCAGCCTTTCx-Tumor 1",0.200793932028974,0.0742057567024451,0,0.725000311268581,0
"MGH1518-B3:TTTACTGCATATGAGAx-Tumor 1",0.123987849329395,0.644197417214224,0,0.144927629745562,0.0868871037108191
"MGH1518-B3:TTGTAGGAGTGTTGAAx-Tumor 1",0,0.515979879496565,0,0.484020120503435,0
"MGH1518-B3:TTGGAACAGGAGTAGAx-Tumor 1",0.125501176725625,0.761349122943192,0,0.098733620090526,0.0144160802406568
"MGH1518-B3:TTTGTCACATAAGACAx-Tumor 1",0,0.340581169256149,0,0.155217064304621,0.504201766439229
"MGH1518-B3:TTTGGTTCAATGAATGx-Tumor 1",0.0405963886054684,0.531940458357229,0.0946818011655064,0.255417326210848,0.0773640256609481
"MGH1518-B3:TTTGGTTGTCAATACCx-Tumor 1",0,0.583426801559253,0,0.416573198440747,0
"MGH1518-3A2:AAATGCCTCTTCATGTx-Tumor 2",0.112603602698421,0.267195119276875,0.590015432619292,0,0.0301858454054123
"MGH1518-3A2:AAAGCAAAGAGCTTCTx-Tumor 2",0.0645222524275619,0.800280825706607,0,0,0.135196921865831
"MGH1518-3A2:AAAGTAGTCTCGTTTAx-Tumor 2",0.518608358064817,0.410080176638096,0.0571491035792787,0.0141623617178088,0
"MGH1518-3A2:AAAGATGAGACTAGATx-Tumor 2",0.44893492088915,0.545083033158599,0,0.00598204595225008,0
"MGH1518-3A2:AAAGCAATCGATAGAAx-Tumor 2",0.396587590469212,0.198917155544655,0.173238638602554,0,0.23125661538358
"MGH1518-3A2:AACCATGTCTACTATCx-Tumor 2",0.491573569125656,0.137098530897975,0.324047930067301,0.0194640992602224,0.027815870648845
"MGH1518-3A2:AAAGCAAAGTGGTAATx-Tumor 2",0.263309960397465,0.64147948894701,0.0427817953577643,0.0255887982837593,0.0268399570140019
"MGH1518-3A2:AACACGTAGTAGATGTx-Tumor 2",0.67050762403116,0.165745136957052,0.0719740103842599,0,0.0917732286275282
"MGH1518-3A2:AAAGTAGTCTAACTCTx-Tumor 2",0.201289358436631,0.530647171831277,0.220211680777529,0.0478517889545628,0
"MGH1518-3A2:AAACCTGGTAATTGGAx-Tumor 2",0.221233738668638,0.722916686667964,0.0206240923366067,0.0352254823267916,0
"MGH1518-3A2:AAAGCAATCCTTAATCx-Tumor 2",0.725394832941591,0.0488351149955124,0.167238563377534,0,0.058531488685363
"MGH1518-3A2:AACTCTTGTATGCTTGx-Tumor 2",0.665161654940498,0.183475160771587,0.105058206136909,0,0.0463049781510062
"MGH1518-3A2:AACTCTTTCAAGAAGTx-Tumor 2",0.471356767543649,0.473397756047842,0,0.0425745286193277,0.0126709477891817
"MGH1518-3A2:AACGTTGAGACATAACx-Tumor 2",0.369925274594502,0.542965872698779,0.0716910459235086,0,0.0154178067832101
"MGH1518-3A2:AACTTTCTCACTTATCx-Tumor 2",0.258513674115258,0,0.738355119548033,0.00313120633670923,0
"MGH1518-3A2:AACTCTTCATTATCTCx-Tumor 2",0.0970782358199034,0,0.786440143021996,0,0.116481621158101
"MGH1518-3A2:AACTGGTGTTTGTTTCx-Tumor 2",0.2513663671315,0.591958947204133,0.156674685664367,0,0
"MGH1518-3A2:AACTTTCTCCATGAGTx-Tumor 2",0.633810510132913,0.164798682081208,0.176981559162643,0.0244092486232365,0
"MGH1518-3A2:AACTTTCAGCTATGCTx-Tumor 2",0.23636374171539,0.649342698773247,0.100534347740119,0.0137592117712444,0
"MGH1518-3A2:AACGTTGCAGTAAGATx-Tumor 2",0.169113173672037,0.637047473916098,0.108580878393766,0.00377610580020897,0.0814823682178899
"MGH1518-3A2:AACTCTTCACCCTATCx-Tumor 2",0.262816829106763,0.511118594351748,0.177579802235706,0.0484847743057821,0
"MGH1518-3A2:AAGTCTGAGATCGATAx-Tumor 2",0.00835954326706558,0.875449974008719,0.00627955439385858,0.010630290910291,0.0992806374200662
"MGH1518-3A2:ACACCAAAGACAAAGGx-Tumor 2",0.266233118470288,0.632890416482552,0.0983770777622112,0,0.00249938728494971
"MGH1518-3A2:AAGTCTGTCTTTAGGGx-Tumor 2",0.229298330586496,0.447756965760947,0.150597565877912,0,0.172347137774644
"MGH1518-3A2:ACACTGATCATGTCTTx-Tumor 2",0.400914413017299,0.207898882574355,0.347635043955645,0,0.0435516604527012
"MGH1518-3A2:ACATCAGGTACAAGTAx-Tumor 2",0.12852007840722,0.435052076874228,0.117691625243647,0,0.318736219474905
"MGH1518-3A2:ACATCAGTCATTTGGGx-Tumor 2",0.445510699642161,0.266802023474256,0.175671526933916,0.00226577650950301,0.109749973440164
"MGH1518-3A2:ACCAGTAGTAAGAGAGx-Tumor 2",0.271462916615363,0.650900733370263,0,0.0508674205223892,0.026768929491985
"MGH1518-3A2:ACCGTAAAGAGAACAGx-Tumor 2",0.277386057131593,0.658634106962085,0,0.0314934746031093,0.0324863613032128
"MGH1518-3A2:ACAGCTATCTACCAGAx-Tumor 2",0.443435002863888,0.461957047557643,0.0823732165688558,0.0122347330096129,0
"MGH1518-3A2:ACATCAGTCTCTTGATx-Tumor 2",0.42994824142445,0,0.528689881267101,0.0413618773084493,0
"MGH1518-3A2:ACCAGTAAGAATGTGTx-Tumor 2",0.335474362715631,0.662352595384404,0,0.00217304189996529,0
"MGH1518-3A2:ACATACGAGTTACGGGx-Tumor 2",0.281066425240229,0.718933574759771,0,0,0
"MGH1518-3A2:ACATCAGCACAACGCCx-Tumor 2",0.225233328544449,0.680954083059506,0.00420359312222878,0,0.0896089952738159
"MGH1518-3A2:ACAGCTAAGAGTAAGGx-Tumor 2",0.56591109824589,0.277880068604387,0.113668965456511,0.0281406223101538,0.0143992453830582
"MGH1518-3A2:ACATACGCATCCTAGAx-Tumor 2",0.241303118503269,0.745847350638098,0.0128495308586328,0,0
"MGH1518-3A2:ACCAGTAGTAAATGTGx-Tumor 2",0.980827141381434,0,0.00549327993422457,0.0032058823554419,0.0104736963289
"MGH1518-3A2:ACATGGTCATTTGCTTx-Tumor 2",0.0336087509460111,0.590201693647534,0.321462977632679,0.0260358541754082,0.0286907235983676
"MGH1518-3A2:ACCAGTACAGTATGCTx-Tumor 2",0.34992249754512,0.336624665464675,0.313452836990204,0,0
"MGH1518-3A2:ACATACGTCCTAGTGAx-Tumor 2",0.2126185390136,0.56826614995745,0.176837926645529,0,0.0422773843834204
"MGH1518-3A2:ACAGCTAAGACTTGAAx-Tumor 2",0.0606870238184673,0.860823758875513,0.0141984200521934,0.0642907972538261,0
"MGH1518-3A2:ACATCAGGTCAACATCx-Tumor 2",0.221982530043848,0.677625920498731,0.0701517320374977,0,0.0302398174199237
"MGH1518-3A2:ACATCAGCAGACTCGCx-Tumor 2",0.133988850201634,0.718454284645394,0.122255622691054,0,0.0253012424619188
"MGH1518-3A2:ACACTGACAATAAGCAx-Tumor 2",0.537933899708333,0.386651650636357,0.0754144496553106,0,0
"MGH1518-3A2:ACGATACTCTTCCTTCx-Tumor 2",0.0973795843144248,0.156679727044063,0.71211284470225,0,0.0338278439392617
"MGH1518-3A2:ACGATACCAAATACAGx-Tumor 2",0.765922224859791,0,0.217030385968143,0.0170473891720658,0
"MGH1518-3A2:ACGATACTCTGTCTATx-Tumor 2",0.451928913940617,0.0490279222308086,0.460486124463359,0.00116378273320629,0.0373932566320091
"MGH1518-3A2:ACCGTAATCTCTTATGx-Tumor 2",0,0,0.889616104582054,0,0.110383895417946
"MGH1518-3A2:ACCTTTAAGACAGAGAx-Tumor 2",0.497086116820121,0.461129307762663,0,0.0417845754172162,0
"MGH1518-3A2:ACGATGTTCCTAGAACx-Tumor 2",0.312701319938906,0.585967035189915,0.0721725303373833,0.0291591145337961,0
"MGH1518-3A2:ACCTTTAAGCAAATCAx-Tumor 2",0.437611739766747,0.31435557542689,0,0,0.248032684806364
"MGH1518-3A2:ACGATACCATAGTAAGx-Tumor 2",0.226396244378869,0.769255714950026,0,0,0.00434804067110559
"MGH1518-3A2:ACCTTTACACCAGATTx-Tumor 2",0.0409104029997466,0.412923315756427,0.429164520584089,0,0.117001760659737
"MGH1518-3A2:ACCTTTATCAGCAACTx-Tumor 2",0.126204807379805,0.588110152796002,0.146839894570025,0,0.138845145254167
"MGH1518-3A2:ACGATACAGGAATTACx-Tumor 2",0.776444705665898,0.0391299225217708,0.146844291351224,0.0375810804611068,0
"MGH1518-3A2:ACGATACAGGTTACCTx-Tumor 2",0.340169246645175,0.556613516253303,0.103217237101522,0,0
"MGH1518-3A2:ACCGTAATCGTTACAGx-Tumor 2",0.170245632650515,0.290755294719515,0.350033578879676,0.00906353646946328,0.179901957280831
"MGH1518-3A2:ACTGAGTCAGTAAGATx-Tumor 2",0.427018673053673,0.522492782305086,0.050488544641241,0,0
"MGH1518-3A2:ACTATCTTCTTGCAAGx-Tumor 2",0,0.283008043888959,0.665345620045376,0.0516463360656644,0
"MGH1518-3A2:ACTATCTCATCAGTACx-Tumor 2",0.565492440510311,0,0.43450755948969,0,0
"MGH1518-3A2:ACTGAGTAGAATAGGGx-Tumor 2",0.643598193117304,0.241086246610466,0.0843407398623985,0.0309748204098321,0
"MGH1518-3A2:ACTATCTGTCAAAGATx-Tumor 2",0.132938439389452,0,0.505629713503011,0,0.361431847107537
"MGH1518-3A2:ACTGAACTCTTCAACTx-Tumor 2",0,0,0.907334558503513,0,0.0926654414964866
"MGH1518-3A2:ACTGAGTTCTTCATGTx-Tumor 2",0.033919609116101,0.239111159878627,0.34316629058959,0,0.383802940415682
"MGH1518-3A2:ACTGCTCTCTTATCTGx-Tumor 2",0.0148622948011186,0.414734208298715,0.570403496900166,0,0
"MGH1518-3A2:ACTGATGTCAGAAATGx-Tumor 2",0.576063824147262,0.341514542536612,0.0177313775911284,0.0646902557249975,0
"MGH1518-3A2:ACTGATGAGTATGACAx-Tumor 2",0.582979575563801,0.13486553139709,0.234590412400286,0,0.0475644806388231
"MGH1518-3A2:ACTGTCCAGTTTAGGAx-Tumor 2",0.246467823025578,0.332653386558334,0.0907119274744381,0,0.33016686294165
"MGH1518-3A2:ACTGATGTCCAGAGGAx-Tumor 2",0.0168986398109804,0.836496996117307,0.0113600258173805,0.135244338254332,0
"MGH1518-3A2:ACTGAACCAAGTAATGx-Tumor 2",0.668903219330606,0,0.331096780669394,0,0
"MGH1518-3A2:ACTATCTTCTAACTCTx-Tumor 2",0.587051466779732,0,0.348771912656683,0.0641766205635849,0
"MGH1518-3A2:ACTGATGGTACGAAATx-Tumor 2",0.287645742284559,0.501389820935817,0.0879384271205448,0.0168208616449462,0.106205148014133
"MGH1518-3A2:ACTGAGTCATTCTTACx-Tumor 2",0.428641728586457,0.0815355910234082,0.412008873224321,0,0.0778138071658137
"MGH1518-3A2:ACTGAGTAGCTAACAAx-Tumor 2",0.189284093447758,0.405481970482749,0.146095175584376,0.0854895485466285,0.173649211938489
"MGH1518-3A2:ACTATCTAGTCAAGCGx-Tumor 2",0.133083316816754,0.541907790329054,0.0882392289847243,0,0.236769663869467
"MGH1518-3A2:ACTTGTTAGTAGGTGCx-Tumor 2",0.161769425336871,0.707067692471979,0.0549024774455543,0.076260404745596,0
"MGH1518-3A2:AGAATAGAGTTAACGAx-Tumor 2",0.260027375427607,0.531386555602057,0.0146044837062395,0,0.193981585264096
"MGH1518-3A2:ACTTGTTTCTGGTATGx-Tumor 2",0,0.229369900009147,0.617599318948598,0.00332709302905555,0.149703688013199
"MGH1518-3A2:AGAATAGTCCTAGAACx-Tumor 2",0.619872835939433,0.318963431903183,0.061163732157384,0,0
"MGH1518-3A2:AGAATAGCATCGGTTAx-Tumor 2",0.422729151198942,0.420520960403358,0.156749888397699,0,0
"MGH1518-3A2:ACTTACTAGGATGGAAx-Tumor 2",0.747645786916823,0.211428059187287,0,0,0.0409261538958904
"MGH1518-3A2:AGAATAGCATTGGTACx-Tumor 2",0.306096140332281,0.596055356291269,0,0.0978485033764505,0
"MGH1518-3A2:ACTTACTTCAGGATCTx-Tumor 2",0.524836220356,0.0258901532558624,0.424560890066265,0.0247127363218733,0
"MGH1518-3A2:ACTTACTGTAAGTGTAx-Tumor 2",0.513726433595147,0.366011199009104,0,0,0.120262367395749
"MGH1518-3A2:ACTTGTTTCCTTCAATx-Tumor 2",0.00713050103183695,0,0.992869498968163,0,0
"MGH1518-3A2:AGAGCTTGTTTAGGAAx-Tumor 2",0.263618445497572,0.692532671498697,0,0.043848883003731,0
"MGH1518-3A2:ACTTTCATCAGTACGTx-Tumor 2",0.476066243699793,0.39162376916144,0.132309987138767,0,0
"MGH1518-3A2:ACTTTCACACATTTCTx-Tumor 2",0,0,0.746178701813483,0,0.253821298186517
"MGH1518-3A2:ACTTACTTCCACTGGGx-Tumor 2",0.118814027572445,0.787344363237739,0.0938416091898159,0,0
"MGH1518-3A2:AGAGTGGAGACTAGATx-Tumor 2",0.221744294609588,0.709127683720712,0.0098844855901637,0.0380511803210345,0.0211923557585022
"MGH1518-3A2:ACTTGTTAGGTGATATx-Tumor 2",0.407023182635445,0.0244552189594733,0.529466102212268,0,0.0390554961928133
"MGH1518-3A2:AGAATAGAGGGAGTAAx-Tumor 2",0.578702923901014,0.387846304735767,0,0.0185057161165013,0.0149450552467177
"MGH1518-3A2:AGAATAGGTGTTCGATx-Tumor 2",0.213258188222375,0.633153365884083,0.00856404936870691,0.106751797429791,0.0382725990950449
"MGH1518-3A2:ACTTTCATCTCCTATAx-Tumor 2",0.133463576476804,0.17255652490569,0.543399186362544,0,0.150580712254963
"MGH1518-3A2:AGCATACTCAGTGTTGx-Tumor 2",0.183041979717484,0.610487359487568,0.206470660794948,0,0
"MGH1518-3A2:AGCATACCAGCATACTx-Tumor 2",0,0.630185774089497,0.203585720414853,0.0707943863046738,0.095434119190977
"MGH1518-3A2:AGATCTGAGAGATGAGx-Tumor 2",0.142710777196902,0.680804655188927,0,0,0.176484567614171
"MGH1518-3A2:AGCGTATAGGCAATTAx-Tumor 2",0.472088562430098,0.470511335089241,0.0230232763195667,0,0.0343768261610935
"MGH1518-3A2:AGATCTGAGACAAAGGx-Tumor 2",0.239925356465647,0.694322325571012,0.00432168251228287,0.00560656670715394,0.0558240687439037
"MGH1518-3A2:AGCTCCTTCTCTGAGAx-Tumor 2",0.138565349107929,0.690152829473722,0.17128182141835,0,0
"MGH1518-3A2:AGGTCATAGACTACAAx-Tumor 2",0.708579904163575,0.00014516373831746,0.204021715878739,0.0872532162193687,0
"MGH1518-3A2:AGCTTGAGTGAAATCAx-Tumor 2",0.690721082072705,0.226737181289764,0.0825417366375308,0,0
"MGH1518-3A2:AGGTCATAGGACATTAx-Tumor 2",0.469592200931818,0.414181503239861,0.0748020921644562,0,0.0414242036638653
"MGH1518-3A2:AGGGAGTAGTGTTGAAx-Tumor 2",0.185293581961041,0.758674477233439,0.0560319408055206,0,0
"MGH1518-3A2:AGTAGTCAGACTAGATx-Tumor 2",0.63015025532045,0.295503252802465,0.0365931207776328,0,0.0377533710994523
"MGH1518-3A2:AGTCTTTAGATACACAx-Tumor 2",0.622557727955013,0.163622558718355,0.141030376490029,0.0727893368366035,0
"MGH1518-3A2:ATCACGAGTAATAGCAx-Tumor 2",0.56238102706658,0.392819040562172,0,0.0447999323712484,0
"MGH1518-3A2:ATCATCTCACAGAGGTx-Tumor 2",0.189879877038549,0.520912199954206,0.0493340756869029,0,0.239873847320343
"MGH1518-3A2:ATAAGAGCAAGTCTACx-Tumor 2",0.089073397612548,0.823934264828503,0,0.0646033463919178,0.022388991167031
"MGH1518-3A2:ATCATCTCAATAGCAAx-Tumor 2",0.410466110955503,0,0.117697494405524,0,0.471836394638973
"MGH1518-3A2:AGTCTTTGTCCAAGTTx-Tumor 2",0.22149489879487,0.71381376591563,0.0265417142473841,0.00129139864438713,0.0368582223977291
"MGH1518-3A2:AGTGGGAAGAAGGTTTx-Tumor 2",0.211333871143858,0.788666128856142,0,0,0
"MGH1518-3A2:ATCATCTAGCCAGTTTx-Tumor 2",0.229440643185748,0.260347606927881,0.510211749886371,0,0
"MGH1518-3A2:ATAAGAGTCAAGGTAAx-Tumor 2",0.273231256229756,0.661838842465412,0.013221433637783,0,0.0517084676670486
"MGH1518-3A2:ATAGACCCAAGTAATGx-Tumor 2",0.161004655758066,0.579426621381357,0.0966955519420259,0.00851852084876857,0.154354650069782
"MGH1518-3A2:ATCATCTTCCAGTATGx-Tumor 2",0.479560770926414,0.0290267494664982,0.491412479607087,0,0
"MGH1518-3A2:ATCATCTAGCAGGTCAx-Tumor 2",0.316824532756013,0.659121742119063,0.0240537251249234,0,0
"MGH1518-3A2:AGTCTTTGTATGGTTCx-Tumor 2",0.477174025965015,0.407686759312049,0.0949487308626676,0.0201904838602691,0
"MGH1518-3A2:ATCATCTCAATGTAAGx-Tumor 2",0.940410990403575,0.032213717785715,0,0,0.0273752918107105
"MGH1518-3A2:ATCATCTCATTCTTACx-Tumor 2",0.0685762274995173,0.00889465552610185,0.902497053124389,0.0200320638499915,0
"MGH1518-3A2:ATCACGACAATGAAACx-Tumor 2",0.481905983177466,0.457783025367731,0.0207896854248728,0.03952130602993,0
"MGH1518-3A2:ATCATCTGTTGTACACx-Tumor 2",0.35517578809823,0.144687123109251,0.409585092711427,0,0.0905519960810931
"MGH1518-3A2:AGTGTCAAGACCGGATx-Tumor 2",0.145005303591834,0.770103336746589,0,0.0814777951362683,0.00341356452530823
"MGH1518-3A2:ATCACGACATGAAGTAx-Tumor 2",0.216766379514387,0.58546719975468,0.0432431453974978,0.00825929462752458,0.14626398070591
"MGH1518-3A2:AGTCTTTCAATGAATGx-Tumor 2",0.638333968188507,0.159904755478462,0.147763907392583,0,0.0539973689404474
"MGH1518-3A2:ATCATCTGTCTTGATGx-Tumor 2",0.497974766732683,0.27807353173405,0.205063979205373,0.0188877223278941,0
"MGH1518-3A2:ATAGACCTCCTCAATTx-Tumor 2",0.551302730513695,0.139230676911465,0.202818942595942,0.106647649978898,0
"MGH1518-3A2:ATCTACTCATTAGGCTx-Tumor 2",0.360502240146051,0.0691546993888668,0.32042004624526,0,0.249923014219822
"MGH1518-3A2:ATCCGAACAATCTACGx-Tumor 2",0.368682842063021,0.399746325683326,0.22659604805283,0.00497478420082328,0
"MGH1518-3A2:ATGCGATCATACTCTTx-Tumor 2",0.326981140378269,0.5097709334381,0.118107085817003,0.0412774411459781,0.00386339922065066
"MGH1518-3A2:ATCATGGTCGTAGATCx-Tumor 2",0,0.889975510214889,0,0.0042170153951439,0.105807474389967
"MGH1518-3A2:ATCTACTTCTCGTATTx-Tumor 2",0.240170448508314,0.0688330020263522,0.535161854867919,0,0.155834694597415
"MGH1518-3A2:ATCTACTAGTCGATAAx-Tumor 2",0.693472692701711,0.270899655915286,0,0,0.0356276513830029
"MGH1518-3A2:ATCCGAATCAAAGACAx-Tumor 2",0.152411578155929,0.817378965672269,0,0,0.0302094561718013
"MGH1518-3A2:ATCATCTTCGAGAACGx-Tumor 2",0.118249787269976,0.808334468590464,0.0734157441395599,0,0
"MGH1518-3A2:ATGCGATAGATACACAx-Tumor 2",0.710267682479622,0.186621669853238,0.0464381814458332,0.0566724662213064,0
"MGH1518-3A2:ATCCGAAAGACAATACx-Tumor 2",0.215915390346976,0.449338520766555,0.071149318502248,0,0.263596770384221
"MGH1518-3A2:ATCTACTAGCAGGCTAx-Tumor 2",0.264908753835785,0.646063821032242,0.0890274251319727,0,0
"MGH1518-3A2:ATCATGGTCTTTAGGGx-Tumor 2",0.275359590016036,0.276151000486232,0.448489409497732,0,0
"MGH1518-3A2:ATTCTACCAGCCTATAx-Tumor 2",0.187082559298983,0.46704194024798,0.27772399406458,0,0.0681515063884576
"MGH1518-3A2:ATTATCCTCACTCTTAx-Tumor 2",0,0,0.801163114796714,0,0.198836885203286
"MGH1518-3A2:ATTTCTGCACTATCTTx-Tumor 2",0,0.294095624289202,0.481535793768595,0.0216275621740211,0.202741019768182
"MGH1518-3A2:ATTATCCTCTTGTATCx-Tumor 2",0.00492421425426266,0.0445198573723625,0.862227931311583,0,0.088327997061792
"MGH1518-3A2:ATTATCCCACCAGATTx-Tumor 2",0.323865914665666,0.275298687770786,0.400835397563548,0,0
"MGH1518-3A2:ATTATCCAGAATCTCCx-Tumor 2",0.6153413661882,0,0.3846586338118,0,0
"MGH1518-3A2:ATTATCCGTATTCTCTx-Tumor 2",0.325935104360014,0,0.674064895639986,0,0
"MGH1518-3A2:ATTTCTGAGACTAAGTx-Tumor 2",0.816155736393615,0.124729514448087,0.0591147491582982,0,0
"MGH1518-3A2:ATTTCTGTCTCTGAGAx-Tumor 2",0,0.771443495938155,0.136512983341815,0.0673880858066268,0.0246554349134032
"MGH1518-3A2:ATTTCTGCATACTCTTx-Tumor 2",0.486118097754839,0.17280629456822,0.324044217110185,0.0170313905667558,0
"MGH1518-3A2:ATTTCTGTCACTCTTAx-Tumor 2",0.02819269969471,0.0683290136678999,0.836061118382822,0,0.0674171682545686
"MGH1518-3A2:ATTATCCTCTATCCCGx-Tumor 2",0.31521593223442,0.306554331090814,0.367018111790257,0.0112116248845087,0
"MGH1518-3A2:ATTCTACAGTGGGATCx-Tumor 2",0.333284500336933,0.470734401601171,0.175147017871629,0.0208340801902672,0
"MGH1518-3A2:ATTATCCGTACATCCAx-Tumor 2",0.463568936628461,0.147972674659408,0.388458388712131,0,0
"MGH1518-3A2:ATTATCCGTTAGATGAx-Tumor 2",0.768752737445857,0.231247262554142,0,0,0
"MGH1518-3A2:ATTACTCAGTACATGAx-Tumor 2",0.599998826807029,0,0.339426516213023,0,0.0605746569799483
"MGH1518-3A2:ATTACTCAGATAGTCAx-Tumor 2",0.707462246719208,0,0.285301420198591,0.00723633308220088,0
"MGH1518-3A2:ATTCTACAGGTGCTTTx-Tumor 2",0.318513537402758,0.212533017425187,0.468953445172055,0,0
"MGH1518-3A2:ATTACTCTCAAACAAGx-Tumor 2",0.377667972163032,0.340297195650161,0.154933688641155,0,0.127101143545653
"MGH1518-3A2:CACAAACTCTGTCTATx-Tumor 2",0.343728276479183,0.290374047077677,0.329169485916071,0.0367281905270693,0
"MGH1518-3A2:CACAAACGTACTCAACx-Tumor 2",0.300503842554979,0.620548483419453,0.078947674025568,0,0
"MGH1518-3A2:CAACTAGTCCTACAGAx-Tumor 2",0.306119201852801,0.527703204325325,0.16523776961923,0.000939824202643824,0
"MGH1518-3A2:CAAGATCCATTTCACTx-Tumor 2",0.170043699959105,0.260975721412352,0.519441793961136,0.0096157208974028,0.0399230637700049
"MGH1518-3A2:CAACTAGTCATCGGATx-Tumor 2",0.537321711488071,0.360730805752658,0.0492099517034293,0.0527375310558421,0
"MGH1518-3A2:CACAAACCAAATACAGx-Tumor 2",0.430702811458626,0.506723053211164,0.0625741353302098,0,0
"MGH1518-3A2:CAACCAAGTAGCTAAAx-Tumor 2",0.0752599432419341,0.858848189964478,0.0509482092137975,0.0149436575797909,0
"MGH1518-3A2:CAAGGCCTCACAGTACx-Tumor 2",0.619229882481686,0,0.311305197205233,0,0.0694649203130817
"MGH1518-3A2:CACACAAGTACAAGTAx-Tumor 2",0.421391254709133,0.405961641878247,0.163373115101844,0.00720496402982426,0.00206902428095214
"MGH1518-3A2:CAAGATCTCTAACTGGx-Tumor 2",0.38354464726916,0.254675717623508,0.218168562542744,0.0135969722457256,0.130014100318863
"MGH1518-3A2:CAACTAGGTTAGAACAx-Tumor 2",0.557375305011944,0.265420097726197,0.0781473107353558,0.0990572865265031,0
"MGH1518-3A2:CAAGTTGAGGTAAACTx-Tumor 2",0.128223853266766,0.578363555303655,0.285910274147662,0,0.00750231728191659
"MGH1518-3A2:CAACTAGCACTAGTACx-Tumor 2",0.195702398878393,0.683495155614912,0,0.019718220324922,0.101084225181773
"MGH1518-3A2:CACAAACTCATAAAGGx-Tumor 2",0.290245199207111,0.278486118962513,0.0386014591496465,0,0.392667222680729
"MGH1518-3A2:CAAGTTGGTAATTGGAx-Tumor 2",0.299096884756747,0.560358238017864,0.0754993110572117,0,0.0650455661681775
"MGH1518-3A2:CAAGATCTCTGATTCTx-Tumor 2",0.191766108985092,0.163165162195273,0.624918416788558,0.0201503120310777,0
"MGH1518-3A2:CAAGATCCATAGAAACx-Tumor 2",0.497923384086928,0.425773222882927,0,0.0369094309387337,0.0393939620914121
"MGH1518-3A2:CAACCAAGTAAACACAx-Tumor 2",0.237246117639718,0.635542219670786,0.0615120864939159,0,0.06569957619558
"MGH1518-3A2:CACACCTGTGACCAAGx-Tumor 2",0.0670935014439039,0.893582092248425,0,0.0324279010113241,0.00689650529634672
"MGH1518-3A2:CACATTTGTTTAGCTGx-Tumor 2",0.530432448723267,0.188234243534587,0.260987831193602,0.0134272472319918,0.00691822931655219
"MGH1518-3A2:CACACAATCAGAAATGx-Tumor 2",0.416682471792376,0.459735940054363,0.0871093594657109,0,0.0364722286875503
"MGH1518-3A2:CACACAAGTATAGGTAx-Tumor 2",0.551716334899906,0.385041171164967,0.0632424939351266,0,0
"MGH1518-3A2:CACAGTAGTATATCCGx-Tumor 2",0.127638914825672,0.00740639567265286,0.573766572047804,0,0.291188117453871
"MGH1518-3A2:CACATTTGTGTAATGAx-Tumor 2",0.307233884188059,0.464497281903158,0.151705433374988,0.0765634005337953,0
"MGH1518-3A2:CACATAGTCCAATGGTx-Tumor 2",0.339604650637843,0.471852946468993,0.188542402893164,0,0
"MGH1518-3A2:CACCAGGGTTTAGCTGx-Tumor 2",0,0.920064234393989,0.0536949092055366,0.0262408564004744,0
"MGH1518-3A2:CACATTTCAAATCCGTx-Tumor 2",0.244750851121888,0.216704928257822,0.534468818172374,0,0.00407540244791549
"MGH1518-3A2:CAGATCACAATGGATAx-Tumor 2",0.417515140164808,0.355527891979489,0.218062814015616,0.0008332972705958,0.00806085656949075
"MGH1518-3A2:CAGAGAGGTATATGAGx-Tumor 2",0.54668760004319,0.395006903012997,0.0333953783130767,0,0.0249101186307364
"MGH1518-3A2:CAGCATAGTATCAGTCx-Tumor 2",0.548377666566699,0.38222517019058,0.0414893067877224,0.0279078564549987,0
"MGH1518-3A2:CAGCATAGTACTTCTTx-Tumor 2",0,0,0.6250109321794,0,0.3749890678206
"MGH1518-3A2:CAGAGAGAGTGAAGTTx-Tumor 2",0.20760937716696,0.705991547192887,0.0443715380363646,0,0.0420275376037891
"MGH1518-3A2:CAGCTAATCTTCCTTCx-Tumor 2",0.495801993930143,0.0632856564335597,0.440912349636297,0,0
"MGH1518-3A2:CACTCCAAGTACATGAx-Tumor 2",0.0177173553626201,0.678907359255187,0.303375285382193,0,0
"MGH1518-3A2:CAGAATCAGAACAATCx-Tumor 2",0.270646865512926,0.0810105151884158,0.400173188232541,0,0.248169431066117
"MGH1518-3A2:CAGATCACAATAGAGTx-Tumor 2",0.108993928844639,0.322055367863746,0,0,0.568950703291616
"MGH1518-3A2:CAGCATAAGGATATACx-Tumor 2",0.692486732771445,0.211887748061978,0.0351305919105807,0,0.0604949272559966
"MGH1518-3A2:CATATTCGTCTAGAGGx-Tumor 2",0.126424483777502,0.499392207211546,0.0823474076342935,0,0.291835901376658
"MGH1518-3A2:CATATTCTCCTCTAGCx-Tumor 2",0.638537873487686,0.225039899051795,0.136422227460518,0,0
"MGH1518-3A2:CATCAAGTCAAGGTAAx-Tumor 2",0.529138184864171,0.441118932892781,0,0.0297428822430479,0
"MGH1518-3A2:CAGTCCTAGAACAATCx-Tumor 2",0.416580351343495,0.464226511018083,0.0765103197405774,0.00149611172420989,0.0411867061736352
"MGH1518-3A2:CATCGAACATGGAATAx-Tumor 2",0.469392501955701,0.492309360431329,0,0.0161576055920121,0.0221405320209576
"MGH1518-3A2:CAGTCCTTCTGTTTGTx-Tumor 2",0.255711323651563,0.522509148488544,0.221779527859893,0,0
"MGH1518-3A2:CAGTAACCAAGTAATGx-Tumor 2",0.445354435093643,0.189978085810388,0.0513437315773761,0,0.313323747518592
"MGH1518-3A2:CATATTCCAAACTGTCx-Tumor 2",0.326398062658869,0.411122515344247,0.251005766965624,0.00459466450345246,0.00687899052780703
"MGH1518-3A2:CATCGAAAGTAGATGTx-Tumor 2",0.701354311812975,0.198827521714873,0.0869089837039562,0,0.0129091827681956
"MGH1518-3A2:CATTATCGTGATAAACx-Tumor 2",0.828383386616447,0.0544787303730096,0.117137883010544,0,0
"MGH1518-3A2:CCACCTAGTATATGGAx-Tumor 2",0.45569439453596,0.458076274512427,0.0862293309516128,0,0
"MGH1518-3A2:CCAATCCTCTTGTCATx-Tumor 2",0.461913555964365,0.410039681569251,0.0881198266002431,0.0399269358661411,0
"MGH1518-3A2:CATTATCTCTATCCCGx-Tumor 2",0.162330984934486,0.708377867633846,0.129291147431668,0,0
"MGH1518-3A2:CATGACAGTAAGTAGTx-Tumor 2",0.240650167474892,0.289430131974171,0.208675996505318,0,0.261243704045619
"MGH1518-3A2:CCACCTAGTTATTCTCx-Tumor 2",0.152737859777143,0.12987926760134,0.534917889950439,0,0.182464982671078
"MGH1518-3A2:CCAATCCTCCCTAATTx-Tumor 2",0.221463906036919,0.579576904688222,0.19895918927486,0,0
"MGH1518-3A2:CATTATCTCAAGAAGTx-Tumor 2",0.713995468952281,0.121966793662063,0.0810418178192979,0.0270913271535313,0.0559045924128268
"MGH1518-3A2:CCGTACTTCCTATGTTx-Tumor 2",0.284168372055128,0.432251689924736,0.206601539728123,0.0667817940315168,0.0101966042604957
"MGH1518-3A2:CCGTACTCATAGAAACx-Tumor 2",0.188375190378177,0.667673104217519,0.0109587076732392,0.00362106116054004,0.129371936570525
"MGH1518-3A2:CCTATTAAGCTGTCTAx-Tumor 2",0.100979852283566,0.523669123730216,0.164792825945916,0,0.210558198040302
"MGH1518-3A2:CCTAAAGGTCTAGTGTx-Tumor 2",0.143845947935569,0.65176951673289,0.102625309250248,0,0.101759226081293
"MGH1518-3A2:CCTCTGATCAAAGTAGx-Tumor 2",0.296491033402341,0.492012239366331,0.207942024300634,0,0.0035547029306943
"MGH1518-3A2:CCTAAAGGTATATGAGx-Tumor 2",0.289933077644451,0.389010216455493,0.085808207128733,0,0.235248498771323
"MGH1518-3A2:CCTACACAGTTAACGAx-Tumor 2",0.408614634546141,0.470069493451988,0.0532301484051011,0.0680857235967693,0
"MGH1518-3A2:CCTAAAGGTCCCTACTx-Tumor 2",0.0830327346888044,0.763493541587141,0.0318554877997739,0.121618235924281,0
"MGH1518-3A2:CCTATTATCTACCAGAx-Tumor 2",0.713056021625873,0,0.201607620603599,0,0.0853363577705279
"MGH1518-3A2:CCTACACGTGCTCTTCx-Tumor 2",0.0847577451528309,0.82132653563247,0.0267123441341245,0.0672033750805744,0
"MGH1518-3A2:CCTACACGTAAATGACx-Tumor 2",0.319745801198572,0.607541587049964,0.0727126117514642,0,0
"MGH1518-3A2:CCTAAAGTCTGATTCTx-Tumor 2",0.393656921898167,0.159105560382735,0.395504443591373,0.0517330741277247,0
"MGH1518-3A2:CCTAAAGGTGATGTCTx-Tumor 2",0,0.84100121989851,0,0,0.15899878010149
"MGH1518-3A2:CCTAAAGGTTCTGTTTx-Tumor 2",0,0.579605110526591,0.263103684679792,0.0155541815205845,0.141737023273032
"MGH1518-3A2:CCGTTCATCCTTAATCx-Tumor 2",0.0748007322839197,0.68216289783034,0.24303636988574,0,0
"MGH1518-3A2:CCTATTATCTCTTGATx-Tumor 2",0.323271366578387,0,0.670880581613145,0.00584805180846875,0
"MGH1518-3A2:CCTAGCTTCTATCCTAx-Tumor 2",0.211772521517586,0.252079700500065,0.536147777982349,0,0
"MGH1518-3A2:CCTACACAGAGCTATAx-Tumor 2",0.128632885458963,0.771239977752887,0.10012713678815,0,0
"MGH1518-3A2:CGAACATAGACATAACx-Tumor 2",0.406578232400075,0.381254164857186,0.212167602742739,0,0
"MGH1518-3A2:CCTTTCTTCAGCTCTCx-Tumor 2",0.182535880068803,0.692979334411596,0.124484785519602,0,0
"MGH1518-3A2:CGAATGTAGACATAACx-Tumor 2",0.255497082559976,0.595998303152154,0.0912644363561485,0.0121053179216981,0.0451348600100233
"MGH1518-3A2:CGAATGTTCTCTTATGx-Tumor 2",0.351322235515984,0.199804793690113,0.440710114385315,0.00816285640858828,0
"MGH1518-3A2:CGAATGTTCACTATTCx-Tumor 2",0.462882650094116,0.0459262225181112,0.491191127387772,0,0
"MGH1518-3A2:CCTTACGCAGACACTTx-Tumor 2",0.104314928715777,0.476060319384383,0.253685946596198,0,0.165938805303643
"MGH1518-3A2:CCTTTCTGTTAAGATGx-Tumor 2",0.65344874396776,0,0.331778259776573,0.0147729962556671,0
"MGH1518-3A2:CCTTCCCCAATGACCTx-Tumor 2",0,0.841060684612659,0,0.158939315387341,0
"MGH1518-3A2:CGAACATTCATGTCTTx-Tumor 2",0.610074890286396,0.271896758929014,0.0665880676981264,0.0514402830864633,0
"MGH1518-3A2:CGCTATCTCCTTAATCx-Tumor 2",0.447908908434026,0.504641509499913,0.0221182223982378,0.0253313596678229,0
"MGH1518-3A2:CGCTTCACAGCCAATTx-Tumor 2",0.460402712537179,0.38883302366108,0.0553842794990643,0,0.0953799843026757
"MGH1518-3A2:CGCGTTTAGGAGTTGCx-Tumor 2",0.115066432716041,0.763867230030491,0,0.0854821561384061,0.0355841811150617
"MGH1518-3A2:CGCTGGATCCTCTAGCx-Tumor 2",0.151022585831447,0.613825675906892,0.235151738261661,0,0
"MGH1518-3A2:CGCTTCAGTAGATTAGx-Tumor 2",0.400041181416889,0.548305220401628,0.0516535981814827,0,0
"MGH1518-3A2:CGGTTAAAGGAATGGAx-Tumor 2",0.0944019039204512,0.708695633801382,0,0.157572541304851,0.0393299209733158
"MGH1518-3A2:CGCTTCATCATAAAGGx-Tumor 2",0.164235984426805,0.776190268247306,0.0595737473258892,0,0
"MGH1518-3A2:CGGTTAATCACTTACTx-Tumor 2",0.707201408173918,0.222831740443109,0.0699668513829731,0,0
"MGH1518-3A2:CGGTTAACAAGTTAAGx-Tumor 2",0.608712153661327,0.306705615670247,0,0.0333075699260973,0.051274660742329
"MGH1518-3A2:CGTTCTGGTTAAGACAx-Tumor 2",0.000349114003967335,0.999650885996033,0,0,0
"MGH1518-3A2:CGTCTACAGGTGCTTTx-Tumor 2",0.45718097782671,0.245093243139147,0.196384127519194,0,0.101341651514949
"MGH1518-3A2:CTAAGACTCATCATTCx-Tumor 2",0.315941560762375,0,0.684058439237625,0,0
"MGH1518-3A2:CTAACTTCAATGAATGx-Tumor 2",0.335732247370701,0.301989227748187,0.262235462177834,0,0.100043062703279
"MGH1518-3A2:CTAATGGTCTTACCTAx-Tumor 2",0.481154146046019,0,0.518845853953981,0,0
"MGH1518-3A2:CTACATTCATAGAAACx-Tumor 2",0.268282832816208,0.167973382963394,0.0429860545307073,0,0.52075772968969
"MGH1518-3A2:CTAGAGTTCCTATGTTx-Tumor 2",0.649303010827496,0.0569952060474708,0.252515043788333,0.0411867393367004,0
"MGH1518-3A2:CTAATGGGTTATCACGx-Tumor 2",0.318443169015474,0.266489840277316,0.291922046770327,0,0.123144943936883
"MGH1518-3A2:CTAACTTTCCTATGTTx-Tumor 2",0,0,0.742660743146069,0,0.257339256853931
"MGH1518-3A2:CTACACCGTCAGAATAx-Tumor 2",0.0930510028335173,0.823073951268929,0.0838750458975531,0,0
"MGH1518-3A2:CTAACTTAGCAATATGx-Tumor 2",0.608535373052386,0.00959128006992439,0.201320389763067,0.0454597212991819,0.13509323581544
"MGH1518-3A2:CTACATTAGGTGTTAAx-Tumor 2",0.708560930662277,0,0.194225927608335,0.0972131417293882,0
"MGH1518-3A2:CTAAGACTCTTGTCATx-Tumor 2",0.310311056187801,0.177631819243701,0.496060858316832,0.0159962662516656,0
"MGH1518-3A2:CTACATTTCAGCTCTCx-Tumor 2",0.232970460080469,0.389073902322725,0.375826447877163,0.00212918971964282,0
"MGH1518-3A2:CTAGAGTAGTATCGAAx-Tumor 2",0.425753136858436,0.081312023333376,0.123165723299387,0.0317319563936079,0.338037160115193
"MGH1518-3A2:CTAGAGTGTAAATGACx-Tumor 2",0.262816231804425,0.33915258612487,0.263218916479573,0,0.134812265591133
"MGH1518-3A2:CTACATTAGTTTAGGAx-Tumor 2",0.764493373769188,0,0.155963683543409,0,0.0795429426874034
"MGH1518-3A2:CTACGTCAGTTTCCTTx-Tumor 2",0.0997485308228397,0.810986702188612,0.0478671943145609,0.0413975726739875,0
"MGH1518-3A2:CTAATGGAGTAATCCCx-Tumor 2",0.27440668550348,0.545180654546634,0.159364699242621,0.0210479607072654,0
"MGH1518-3A2:CTAAGACAGAAGGACAx-Tumor 2",0.331770121863703,0.476366966197275,0.118373766236366,0.0199897562789788,0.0534993894236773
"MGH1518-3A2:CTACATTCAATAACGAx-Tumor 2",0,0,0.739557067072778,0,0.260442932927222
"MGH1518-3A2:CTACATTAGGATGGAAx-Tumor 2",0.26421913491541,0.680666978948172,0,0,0.0551138861364187
"MGH1518-3A2:CTAACTTCAATCGAAAx-Tumor 2",0.489046456988675,0.166064978419518,0.243226395272037,0.0937191750404417,0.0079429942793291
"MGH1518-3A2:CTACATTGTTTACTCTx-Tumor 2",0.622882818089745,0.246738604812486,0.130378577097769,0,0
"MGH1518-3A2:CTCCTAGTCAATAAGGx-Tumor 2",0.727995232682353,0.0184819647589159,0.253522802558731,0,0
"MGH1518-3A2:CTCCTAGTCACTATTCx-Tumor 2",0.43403290579336,0,0.559602109382348,0.0037180008551548,0.00264698396913698
"MGH1518-3A2:CTAGTGAGTTTGTTTCx-Tumor 2",0.399812650243631,0.519941459015842,0.0582553583256348,0,0.0219905324148919
"MGH1518-3A2:CTAGTGAAGACTGTAAx-Tumor 2",0.502394032827197,0.295163113674122,0.202442853498681,0,0
"MGH1518-3A2:CTAGTGAGTTACGTCAx-Tumor 2",0.20759181772083,0.648554711970688,0.143853470308482,0,0
"MGH1518-3A2:CTCCTAGAGATCGATAx-Tumor 2",0.0901906424210005,0.711480048852172,0.0895758685348766,0.0530035199611676,0.055749920230783
"MGH1518-3A2:CTCAGAAGTCATACTGx-Tumor 2",0.366592175342083,0.531169705948142,0.0510803964035576,0,0.0511577223062174
"MGH1518-3A2:CTCATTATCAGTTAGCx-Tumor 2",0.65990681241262,0.213940228709882,0.110771819744825,0.0153811391326738,0
"MGH1518-3A2:CTCAGAAGTAGGGACTx-Tumor 2",0,0.947114552494407,0.0323041684267445,0.0205812790788485,0
"MGH1518-3A2:CTAGCCTGTCTCTTTAx-Tumor 2",0.178164464917451,0.55928502153119,0.162706230044837,0.00152522237888082,0.0983190611276406
"MGH1518-3A2:CTCATTAGTTTACTCTx-Tumor 2",0.742285914192387,0.00779132347395862,0.249922762333654,0,0
"MGH1518-3A2:CTCAGAAAGTGAATTGx-Tumor 2",0.469243041049627,0.470433652901275,0,0.0603233060490976,0
"MGH1518-3A2:CTCGAAAGTAAATGACx-Tumor 2",0.425255641541785,0.277013511200997,0.177115217641806,0,0.120615629615412
"MGH1518-3A2:CTCATTAGTTAAGACAx-Tumor 2",0.296460126349891,0.397599968382493,0.142567272145636,0,0.16337263312198
"MGH1518-3A2:CTAGTGAGTCTCTTATx-Tumor 2",0.642899393490857,0.103631123066831,0.253469483442312,0,0
"MGH1518-3A2:CTAGCCTCAGATAATGx-Tumor 2",0.330684663319684,0.62497763627001,0.0443377004103056,0,0
"MGH1518-3A2:CTCATTAGTTGTACACx-Tumor 2",0.60739596491354,0.271828816210894,0.0955742513325271,0.0252009675430391,0
"MGH1518-3A2:CTCATTAGTATAAACGx-Tumor 2",0.488144978834325,0.456942546087959,0.0549124750777161,0,0
"MGH1518-3A2:CTCTACGAGTTAAGTGx-Tumor 2",0.473931782211554,0.425327909166455,0.100740308621991,0,0
"MGH1518-3A2:CTGAAACGTATGAAACx-Tumor 2",0.331600342250059,0.612167465960112,0.0067875947260122,0.0417810552377322,0.00766354182608447
"MGH1518-3A2:CTCGTCACATAAAGGTx-Tumor 2",0.0452649309415683,0.767603280583785,0.0643556555139566,0.0817448086644025,0.0410313242962871
"MGH1518-3A2:CTGAAGTTCCAATGGTx-Tumor 2",0.392276862177327,0.607723137822673,0,0,0
"MGH1518-3A2:CTGAAGTTCTTCATGTx-Tumor 2",0.585508585827382,0.139553721168867,0.253974188895561,0.0209635041081894,0
"MGH1518-3A2:CTCGTACGTCATGCCGx-Tumor 2",0.0178307762484986,0.9165912207519,0.0159448317551518,0.00908022141608481,0.0405529498283643
"MGH1518-3A2:CTGAAACTCTAACTTCx-Tumor 2",0.0158115760362269,0.37606871147331,0.513605262273541,0.0721328038706816,0.0223816463462401
"MGH1518-3A2:CTCTACGGTAATAGCAx-Tumor 2",0.341318967286313,0.530740187816184,0.0242304705937404,0,0.103710374303762
"MGH1518-3A2:CTGAAACAGAAGAAGCx-Tumor 2",0.338372705870691,0.637044746421606,0,0.0245825477077032,0
"MGH1518-3A2:CTGAAGTCACATCTTTx-Tumor 2",0.30395046788641,0.508213953724108,0.140489888267273,0.0212028729937706,0.0261428171284387
"MGH1518-3A2:CTGATAGAGTGAACATx-Tumor 2",0.131438781191302,0.544103995404657,0.316348359161414,0.00810886424262711,0
"MGH1518-3A2:CTCTACGGTAAACACAx-Tumor 2",0.234059421259955,0.325154680660353,0.416455997774558,0,0.0243299003051328
"MGH1518-3A2:CTCTAATAGACATAACx-Tumor 2",0.564859002148018,0,0.426492550016521,0,0.00864844783546038
"MGH1518-3A2:CTGATAGAGACTAGATx-Tumor 2",0.779267008281319,0.114519893688108,0.00442022621986288,0,0.10179287181071
"MGH1518-3A2:CTCTGGTCAGTCGATTx-Tumor 2",0.0125381653528474,0.928745495852821,0,0.0452757169683629,0.0134406218259692
"MGH1518-3A2:CTCTAATCATGGTCATx-Tumor 2",0.0923738549696827,0.388861733556574,0.371456372228472,0,0.147308039245271
"MGH1518-3A2:CTCTAATAGATGGGTCx-Tumor 2",0.173889575495785,0.341919465719509,0.0835661574336482,0,0.400624801351058
"MGH1518-3A2:CTCTACGTCTAACTGGx-Tumor 2",0.458362957753132,0.0779457161063517,0.428269170294941,0.0147899153061543,0.0206322405394215
"MGH1518-3A2:CTTAACTCAATAACGAx-Tumor 2",0.403727565381646,0,0.500609329713812,0,0.0956631049045418
"MGH1518-3A2:CTGTTTAGTATTCTCTx-Tumor 2",0.302442400412349,0,0.697557599587651,0,0
"MGH1518-3A2:CTGTTTATCTACCTGCx-Tumor 2",0.393528817715867,0.200382611534761,0.389136358004584,0.016952212744788,0
"MGH1518-3A2:CTTAACTCACAACGTTx-Tumor 2",0.197503609141809,0.470621362136464,0.295197229782771,0,0.0366777989389555
"MGH1518-3A2:CTTAACTAGGCTACGAx-Tumor 2",0.28000188664781,0.678035363168526,0.0419627501836636,0,0
"MGH1518-3A2:CTTAACTAGCTTTGGTx-Tumor 2",0.232449515805748,0.54763724828099,0.215313407390979,0.00459982852228322,0
"MGH1518-3A2:CTGCCTAGTTATTCTCx-Tumor 2",0.0346904570312541,0.230343199534895,0.701532051040545,0,0.0334342923933059
"MGH1518-3A2:CTGGTCTTCAGAAATGx-Tumor 2",0.345948016496972,0.528819630624925,0.11818755239983,0.00704480047827243,0
"MGH1518-3A2:CTGTTTAGTACAGTTCx-Tumor 2",0.0136318907728924,0.0973722999881524,0.553617828473652,0,0.335377980765303
"MGH1518-3A2:CTGGTCTCAGATAATGx-Tumor 2",0.309220299688466,0.606455128964357,0.0500941427107226,0.0239605533857191,0.0102698752507352
"MGH1518-3A2:CTTAACTGTATTCGTGx-Tumor 2",0.479563743841852,0.0638845517534081,0.331679897643563,0,0.124871806761178
"MGH1518-3A2:CTTAACTTCATGTGGTx-Tumor 2",0.211973845103054,0.125343755985198,0.540032761163978,0.0905620458037847,0.0320875919439858
"MGH1518-3A2:GAAATGACATCTACGAx-Tumor 2",0.379050888708704,0.303632538262246,0.0486420234856168,0,0.268674549543433
"MGH1518-3A2:CTTAGGAGTGACTACTx-Tumor 2",0.203625617193852,0.287176116413563,0.311276644892484,0,0.197921621500101
"MGH1518-3A2:GAACATCCAATAGAGTx-Tumor 2",0.558343784601416,0.232429386707849,0.172250468882537,0,0.0369763598081975
"MGH1518-3A2:CTTAGGAAGATATGGTx-Tumor 2",0.55913094784681,0.317042312264482,0,0,0.123826739888708
"MGH1518-3A2:GAAATGACATAGAAACx-Tumor 2",0.523691232492323,0.4035494073439,0,0.0283981888745292,0.0443611712892478
"MGH1518-3A2:CTTCTCTCACCAGATTx-Tumor 2",0,0.669256935217466,0.330743064782534,0,0
"MGH1518-3A2:GAAACTCTCTCTGAGAx-Tumor 2",0.178317063691041,0.629959637420098,0.151797158821337,0,0.0399261400675236
"MGH1518-3A2:CTTCTCTTCCTTCAATx-Tumor 2",0.327943979431578,0.113050550593735,0.313295679490622,0.113977894977222,0.131731895506842
"MGH1518-3A2:GAACCTATCAACACTGx-Tumor 2",0,0.714701038807356,0.0944030463621199,0.0496120222122486,0.141283892618275
"MGH1518-3A2:CTTAGGACAATAAGCAx-Tumor 2",0.6761443926961,0.172154550857008,0.135230760955282,0.0164702954916103,0
"MGH1518-3A2:CTTCTCTAGTGTCTCAx-Tumor 2",0.337219824158171,0.62543449418631,0,0.0373456816555189,0
"MGH1518-3A2:CTTAGGACACATTTCTx-Tumor 2",0.437549832167568,0.264083565799216,0.298366602033216,0,0
"MGH1518-3A2:GAACCTATCTCGTTTAx-Tumor 2",0.350334213648158,0.210460418314063,0.439205368037779,0,0
"MGH1518-3A2:CTTAGGAAGAGTAAGGx-Tumor 2",0.416170218994378,0.552457125502032,0,0.00860399889050291,0.0227686566130872
"MGH1518-3A2:CTTCTCTTCCAGTATGx-Tumor 2",0.441233749226947,0.00278236314340203,0.555983887629651,0,0
"MGH1518-3A2:GAAATGAGTACTTCTTx-Tumor 2",0.0795221559003693,0,0.145172826850752,0,0.775305017248879
"MGH1518-3A2:CTTCTCTGTATTACCGx-Tumor 2",0,0,0.869064566786814,0,0.130935433213186
"MGH1518-3A2:CTTAGGAAGATCTGAAx-Tumor 2",0.460024270287008,0.498569026234164,0,0.0414067034788282,0
"MGH1518-3A2:GAAATGAAGAAGGTGAx-Tumor 2",0.460569138065262,0.38426073032588,0,0.0143109206180457,0.140859210990812
"MGH1518-3A2:GAAATGAGTCATATGCx-Tumor 2",0.358813916743159,0.614307772967602,0.0200260346168895,0.00685227567235017,0
"MGH1518-3A2:GAATAAGCAATCAGAAx-Tumor 2",0.226847377812311,0.615172776650508,0.157979845537181,0,0
"MGH1518-3A2:GACCAATGTGAAATCAx-Tumor 2",0.256934091706907,0.682781666713837,0,0.05460271697482,0.00568152460443577
"MGH1518-3A2:GACCAATAGTGTTAGAx-Tumor 2",0.417210582648934,0.533863894172397,0.0389760238841965,0.0099494992944722,0
"MGH1518-3A2:GAATAAGTCTCATTCAx-Tumor 2",0.697817397669807,0.0929189013232981,0.181746964253685,0.02751673675321,0
"MGH1518-3A2:GAATAAGCATTCGACAx-Tumor 2",0.134960308359806,0.602914241976368,0.0257193075034534,0,0.236406142160373
"MGH1518-3A2:GAACCTATCTTGTCATx-Tumor 2",0.45995700180044,0.0336959626803357,0.506347035519224,0,0
"MGH1518-3A2:GAATAAGAGATGTAACx-Tumor 2",0.345971695541415,0.131590197283829,0.160036140452342,0,0.362401966722415
"MGH1518-3A2:GAATAAGAGATCGATAx-Tumor 2",0.869348237012707,0.0605259147547109,0,0.00619289370962996,0.0639329545229519
"MGH1518-3A2:GACCAATGTAAAGTCAx-Tumor 2",0.274801151534514,0.542806024112804,0.182392824352682,0,0
"MGH1518-3A2:GAATAAGAGTACGTAAx-Tumor 2",0.300197885114267,0.689493311558515,0,0.00399508873086475,0.00631371459635374
"MGH1518-3A2:GAATAAGGTTGATTGCx-Tumor 2",0,0.738185767201682,0.100548238599544,0.0961381334160692,0.0651278607827054
"MGH1518-3A2:GACCAATTCTTAACCTx-Tumor 2",0.398737677219736,0,0.59757336357435,0.00368895920591418,0
"MGH1518-3A2:GACTAACGTTGGTAAAx-Tumor 2",0.43429254366438,0.56570745633562,0,0,0
"MGH1518-3A2:GACGTTAAGAATTCCCx-Tumor 2",0.073696845736286,0.753836560332177,0.124794778646549,0.0188406126995575,0.0288312025854301
"MGH1518-3A2:GACTAACCATTATCTCx-Tumor 2",0.687054360608779,0,0.27450603049509,0.0349158507357814,0.0035237581603497
"MGH1518-3A2:GACTACATCAATCACGx-Tumor 2",0.35433104461286,0.302734035657538,0.305523264579285,0,0.0374116551503171
"MGH1518-3A2:GACTACAGTATGGTTCx-Tumor 2",0.368290771267581,0.453956733330007,0.139034970586897,0.0387175248155145,0
"MGH1518-3A2:GATCAGTAGATATGCAx-Tumor 2",0.674893418475164,0.170525672416692,0.112631944279099,0.0419489648290446,0
"MGH1518-3A2:GACTACATCTCGTATTx-Tumor 2",0,0.190074224886097,0.632221651936457,0,0.177704123177446
"MGH1518-3A2:GATTCAGTCCTCAATTx-Tumor 2",0.237291076514569,0.496609785543324,0.266099137942107,0,0
"MGH1518-3A2:GATCTAGAGAAGGTGAx-Tumor 2",0.300620031803259,0.660071134434097,0,0.0393088337626444,0
"MGH1518-3A2:GATGAAATCCAAATGCx-Tumor 2",0.205383069099249,0.685698474995926,0,0,0.108918455904825
"MGH1518-3A2:GATGAAATCAGTTAGCx-Tumor 2",0.56207530033714,0.400883812700638,0,0.00541774051304016,0.0316231464491818
"MGH1518-3A2:GATGAAATCACAGTACx-Tumor 2",0.466266674871551,0.434117349381399,0.0928271877751202,0.00678878797193014,0
"MGH1518-3A2:GCAAACTAGAATGTGTx-Tumor 2",0.431444390664309,0.368513740909025,0.186080165358457,0.000585602795579025,0.0133761002726306
"MGH1518-3A2:GATCGTATCAGAAATGx-Tumor 2",0.100076276097366,0.658662037948746,0.0423650478550067,0,0.198896638098881
"MGH1518-3A2:GATCGTAAGTTTCCTTx-Tumor 2",0.123497601674763,0.763625983805343,0.0762003422241264,0.036676072295768,0
"MGH1518-3A2:GATGAAATCATCTGTTx-Tumor 2",0.556502280831947,0.0398900041502896,0.360532826620338,0,0.043074888397425
"MGH1518-3A2:GATCGATGTAAATACGx-Tumor 2",0.40220818576947,0.569206820602682,0.0206282596367174,0.00551178334541022,0.00244495064572069
"MGH1518-3A2:GATGAAAGTTGTACACx-Tumor 2",0.225516784533594,0.625414704321755,0.0463995243677915,0,0.102668986776859
"MGH1518-3A2:GCACATAGTCTTTCATx-Tumor 2",0.227051715520736,0.191106421995655,0.572302443343758,0.00953941913985093,0
"MGH1518-3A2:GCATGATTCTTTAGGGx-Tumor 2",0.199895478133279,0.506686815980171,0.0108404120528965,0.148574353524541,0.134002940309113
"MGH1518-3A2:GCATACAGTTATCGGTx-Tumor 2",0.0965908303012127,0.816346733782348,0,0.0870624359164395,0
"MGH1518-3A2:GCATACATCTCAAGTGx-Tumor 2",0.205607060159881,0.621330803707005,0.0540974035259927,0,0.118964732607121
"MGH1518-3A2:GCACATAAGGATGTATx-Tumor 2",0.654197752458842,0.202681212147362,0.045919223173649,0.03902175010882,0.0581800621113264
"MGH1518-3A2:GCCAAATAGATGTTAGx-Tumor 2",0.790566710824721,0.0668218754300876,0.129233138209289,0.0133782755359026,0
"MGH1518-3A2:GCCTCTAAGAGTAAGGx-Tumor 2",0.181077380145543,0.808379183877391,0.0105434359770651,0,0
"MGH1518-3A2:GCATGTAGTAGTGAATx-Tumor 2",0.358577309834066,0.51738567801724,0.0013102284707593,0,0.122726783677934
"MGH1518-3A2:GCCAAATTCATCATTCx-Tumor 2",0.231029992166862,0.127444052233663,0.641525955599475,0,0
"MGH1518-3A2:GGAACTTCAATGTAAGx-Tumor 2",0.490423363534849,0.4143634662784,0.0538670302257532,0,0.0413461399609974
"MGH1518-3A2:GCTTGAAGTTACAGAAx-Tumor 2",0.226291172569542,0.526267016076184,0.140167067340777,0,0.107274744013497
"MGH1518-3A2:GCTTGAAGTATATGAGx-Tumor 2",0.273844337704825,0.639634269906677,0,0,0.0865213923884979
"MGH1518-3A2:GGAATAACAGATCCATx-Tumor 2",0.0638395075186173,0.470166715207356,0.0261348397284402,0,0.439858937545587
"MGH1518-3A2:GGACAGAGTAAGTGTAx-Tumor 2",0.203371960577862,0.779146582216848,0,0.0174814572052905,0
"MGH1518-3A2:GGAATAACATTACGACx-Tumor 2",0.405363364771051,0.311705468540835,0.282931166688115,0,0
"MGH1518-3A2:GGACAGAAGATGTAACx-Tumor 2",0.0863792543276593,0.691024775551645,0.0425082329074241,0,0.180087737213271
"MGH1518-3A2:GGACATTAGCTAAACAx-Tumor 2",0.598977980939823,0.276910717847051,0.109961428379922,0,0.0141498728332036
"MGH1518-3A2:GGAATAACAGATGGGTx-Tumor 2",0.191487132317917,0.707365905614562,0.0551102691927862,0.0460366928747347,0
"MGH1518-3A2:GGATTACTCCTGTAGAx-Tumor 2",0.803538940615632,0.0409469568558512,0.1281514688325,0.0273626336960172,0
"MGH1518-3A2:GGATTACAGAAACCATx-Tumor 2",0.0687643576426612,0.65207916227619,0.279156480081149,0,0
"MGH1518-3A2:GGATTACTCCTCATTAx-Tumor 2",0.620556254736127,0.0202558589304359,0.174473880083506,0.184546832583477,0.000167173666454268
"MGH1518-3A2:GGACATTCACGTAAGGx-Tumor 2",0.627962869571783,0.267530749709873,0.0676360671410877,0.0368703135772558,0
"MGH1518-3A2:GGCAATTGTAAATGACx-Tumor 2",0.513775945160074,0.310216926949118,0.0980760800980666,0.0779310477927421,0
"MGH1518-3A2:GGATTACCATACTACGx-Tumor 2",0.293651664028281,0.4348981594325,0.0812353206690203,0,0.190214855870198
"MGH1518-3A2:GGATTACCAATCAGAAx-Tumor 2",0.66073832861582,0.317179203902273,0,0.0220824674819066,0
"MGH1518-3A2:GGAATAAAGACATAACx-Tumor 2",0.376138712334227,0.425248057492867,0.163975828381435,0,0.0346374017914709
"MGH1518-3A2:GGAATAAAGGAATTACx-Tumor 2",0.786241861658852,0.0694651323364665,0.072747290056984,0.0212979384080859,0.0502477775396114
"MGH1518-3A2:GGATTACAGACAGAGAx-Tumor 2",0.614514082329258,0.264023035108749,0.0943552388635964,0.00910915150487356,0.0179984921935231
"MGH1518-3A2:GGAACTTTCTATGTGGx-Tumor 2",0.0795252098988066,0.519379660147149,0.127231232943089,0,0.273863897010956
"MGH1518-3A2:GGGCATCAGAGGACGGx-Tumor 2",0.392919578221552,0.600657943201236,0,0,0.00642247857721134
"MGH1518-3A2:GGGATGATCAATAAGGx-Tumor 2",0.322873265756101,0.592001532082371,0.0851252021615274,0,0
"MGH1518-3A2:GGGAGATCATAGTAAGx-Tumor 2",0.165779158653368,0.679889212659137,0.0624177003949131,0.0919139282925815,0
"MGH1518-3A2:GGGAGATCAAGTAATGx-Tumor 2",0.521015824480256,0.355973942295085,0.0927917381823923,0.0302184950422666,0
"MGH1518-3A2:GGTGTTATCAACTCTTx-Tumor 2",0.464047382193163,0.184513053700498,0.343160520371334,0.00827904373500481,0
"MGH1518-3A2:GGTGTTATCTCAAACGx-Tumor 2",0.172639252518949,0.606147167729836,0.0814811379059845,0,0.139732441845231
"MGH1518-3A2:GGTATTGAGTTTCCTTx-Tumor 2",0.12135096591637,0.315290848104477,0.3802308473598,0,0.183127338619353
"MGH1518-3A2:GTACGTACAAACAACAx-Tumor 2",0.235589460084497,0.633087874624274,0.056107528945361,0.0718620320045646,0.00335310434130366
"MGH1518-3A2:GTAACTGAGTTAACGAx-Tumor 2",0.462206720041635,0.474310904720193,0.0446231514583683,0,0.0188592237798043
"MGH1518-3A2:GGTATTGTCTAACTTCx-Tumor 2",0.510640001337893,0,0.489359998662107,0,0
"MGH1518-3A2:GTAACTGTCAAAGTAGx-Tumor 2",0.154613641903512,0.120264171879437,0.081648106674981,0,0.64347407954207
"MGH1518-3A2:GTACGTAAGACTTTCGx-Tumor 2",0.187223358686448,0.645557091337864,0.0250575429487786,0.14216200702691,0
"MGH1518-3A2:GTACGTAAGAGACTTAx-Tumor 2",0.456588158713885,0.459193917949541,0.0559773884985864,0,0.0282405348379874
"MGH1518-3A2:GGTATTGTCATTCACTx-Tumor 2",0.764414569743875,0,0.114240318489779,0.121345111766346,0
"MGH1518-3A2:GTACTCCGTAATTGGAx-Tumor 2",0.461021278191791,0.269317146823126,0.269661574985083,0,0
"MGH1518-3A2:GTATCTTGTTATTCTCx-Tumor 2",0.65081068881602,0.0013023784238302,0.207509283910036,0.0674343621413073,0.0729432867088069
"MGH1518-3A2:GTATTCTGTCAACTGTx-Tumor 2",0.229091729482017,0.117771129557441,0.629739357648886,0.0233977833116567,0
"MGH1518-3A2:GTACTTTAGATACACAx-Tumor 2",0.372795817308011,0.016203660398189,0.290589548858995,0,0.320410973434805
"MGH1518-3A2:GTACTTTTCCTTTCGGx-Tumor 2",0,0.560036318588504,0.339430053189057,0,0.100533628222439
"MGH1518-3A2:GTATCTTAGTGTTGAAx-Tumor 2",0.923241547157176,0,0.0360947613938352,0,0.0406636914489893
"MGH1518-3A2:GTACTTTAGATCCTGTx-Tumor 2",0.400867326322397,0.0716121157734271,0.437596525442457,0.0899240324617185,0
"MGH1518-3A2:GTCACAAGTATGAAACx-Tumor 2",0.337838448356957,0.428649841404584,0.133867966810846,0.033031955462992,0.0666117879646206
"MGH1518-3A2:GTATTCTCACGAAATAx-Tumor 2",0.571361015401741,0.391951957943444,0.00470404814403949,0,0.0319829785107748
"MGH1518-3A2:GTACTCCGTAGTAGTAx-Tumor 2",0.248619549919207,0.649345386385442,0.0529705075916839,0,0.0490645561036676
"MGH1518-3A2:GTAGTCAAGTATGACAx-Tumor 2",0.7444858786438,0.0371337296042303,0.181382039590031,0.0369983521619388,0
"MGH1518-3A2:GTACGTAGTTAAGATGx-Tumor 2",0.651719252814906,0.237434418754242,0.0853958738861706,0.0167919571445118,0.00865849740017011
"MGH1518-3A2:GTCACAAGTTAAGTAGx-Tumor 2",0.731541424832421,0.129452127859052,0.0211296932163162,0,0.11787675409221
"MGH1518-3A2:GTACGTAGTACATCCAx-Tumor 2",0.281734520541106,0.548677440095065,0.133639895830151,0,0.0359481435336773
"MGH1518-3A2:GTATTCTGTAGAAGGAx-Tumor 2",0.560573583264539,0.375431154135077,0,0.057847932386721,0.00614733021366317
"MGH1518-3A2:GTATTCTTCTCCGGTTx-Tumor 2",0.060935051680313,0.507222843837279,0.418223266937017,0,0.0136188375453909
"MGH1518-3A2:GTATTCTCAGGTTTCAx-Tumor 2",0.252111099604335,0.398587497149672,0.349301403245993,0,0
"MGH1518-3A2:GTCAAGTCATAGAAACx-Tumor 2",0.273205898590093,0.431093836698314,0.246280701759725,5.48261227195697e-06,0.0494140803395961
"MGH1518-3A2:GTATCTTAGTCGTACTx-Tumor 2",0.315869840827196,0.542115483968836,0.128245136289305,0.0079595796071106,0.00580995930755326
"MGH1518-3A2:GTAGTCACATACTACGx-Tumor 2",0.186054715534747,0.474304270451342,0.257544998247646,0.00306549699420004,0.0790305187720656
"MGH1518-3A2:GTATCTTGTTAAAGACx-Tumor 2",0.764289005263422,0.00657344373914971,0.229137550997428,0,0
"MGH1518-3A2:GTCATTTGTAGAAGGAx-Tumor 2",0.267249207641001,0.363387511959825,0.00366305379931681,0,0.365700226599858
"MGH1518-3A2:GTCATTTTCCTCCTAGx-Tumor 2",0.227887015411987,0.14515833088186,0.397220062062458,0,0.229734591643695
"MGH1518-3A2:GTCGTAATCAAAGACAx-Tumor 2",0.102589771993376,0.655695944384177,0,0,0.241714283622447
"MGH1518-3A2:GTCCTCATCAACTCTTx-Tumor 2",0,0.56343451734181,0.278646579020395,0.00589016360592983,0.152028740031865
"MGH1518-3A2:GTGAAGGGTTAGAACAx-Tumor 2",0.20893877742186,0.6986892688263,0,0.0923719537518401,0
"MGH1518-3A2:GTCGTAAAGAGACTATx-Tumor 2",0.327412943563301,0.256215362449463,0.108030094935158,0,0.308341599052078
"MGH1518-3A2:GTCATTTTCTTCCTTCx-Tumor 2",0,0.0364404188055686,0.946315196171966,0.0172443850224656,0
"MGH1518-3A2:GTCATTTCACTTAAGCx-Tumor 2",0.179560368733819,0.295380735908784,0.32875596598823,0,0.196302929369168
"MGH1518-3A2:GTCATTTCACTACAGTx-Tumor 2",0.585691858003089,0,0.229974339172379,0.172461888072898,0.0118719147516342
"MGH1518-3A2:GTTACAGTCCTTAATCx-Tumor 2",0.178867857569037,0.0594585046850353,0.710859220349596,0,0.0508144173963324
"MGH1518-3A2:GTTCATTGTACAAGTAx-Tumor 2",0.338774302292842,0,0.0909809715817736,0,0.570244726125384
"MGH1518-3A2:GTGTTAGTCCTTAATCx-Tumor 2",0.584572301532197,0.316862625127146,0.0985650733406571,0,0
"MGH1518-3A2:GTGTTAGAGTTAACGAx-Tumor 2",0.257453767221462,0.73558352060226,0.00696271217627856,0,0
"MGH1518-3A2:GTTAAGCAGAGACTATx-Tumor 2",0.347361250128404,0.502327257323206,0.0788869818632364,0.0621360582370867,0.00928845244806623
"MGH1518-3A2:GTGTTAGTCCTACAGAx-Tumor 2",0.0536415704176067,0.914536665673039,0,0,0.031821763909354
"MGH1518-3A2:GTTCATTAGTACGTTCx-Tumor 2",0.61122705682733,0.218941542412388,0.168628413030117,0.00120298773016516,0
"MGH1518-3A2:GTTACAGCATACTACGx-Tumor 2",0,0.55596812307965,0.182022654912985,0.0279864831936336,0.234022738813731
"MGH1518-3A2:GTTACAGCACATTTCTx-Tumor 2",0.304241442505634,0.533579457352428,0.128568513449217,0,0.0336105866927208
"MGH1518-3A2:GTGTTAGCATAGTAAGx-Tumor 2",0.140157773656102,0.799312016016282,0,0.0101065742119535,0.0504236361156634
"MGH1518-3A2:GTTAAGCAGTGTTAGAx-Tumor 2",0.322601872127498,0.549159584004855,0.0905700889245437,0.0376684549431034,0
"MGH1518-3A2:GTTCATTTCAAGGTAAx-Tumor 2",0.63837230373875,0,0.258685659988827,0.0652390486800096,0.0377029875924136
"MGH1518-3A2:TAAGAGAAGTAATCCCx-Tumor 2",0.187713880794722,0.702425968193345,0,0.00679701285400729,0.103063138157926
"MGH1518-3A2:TACCTATGTGACTCATx-Tumor 2",0.413846932362454,0.504732796406281,0.0814202712312654,0,0
"MGH1518-3A2:TACCTTAGTTGGTAAAx-Tumor 2",0.356648194665292,0.578596222523011,0,0.0647555828116969,0
"MGH1518-3A2:TACCTATTCCGATATGx-Tumor 2",0.383459166315906,0.103167834080037,0.513372999604057,0,0
"MGH1518-3A2:TACCTTATCAGTTCGAx-Tumor 2",0.0295554758573296,0.415917612964268,0.34446935185057,0,0.210057559327831
"MGH1518-3A2:TAAACCGAGAGTAATCx-Tumor 2",0.304717908265774,0.471018063841944,0.13855428039259,0.0857097474996918,0
"MGH1518-3A2:TAAGAGAAGCTAAACAx-Tumor 2",0.466493035785273,0.351089287780609,0.130418257354032,0,0.0519994190800865
"MGH1518-3A2:TACCTTACAGACACTTx-Tumor 2",0.17321067862689,0.225066718266243,0.558651375146371,0,0.0430712279604958
"MGH1518-3A2:GTTTCTATCCCTAATTx-Tumor 2",0.107764342913964,0.34089582820262,0.300517315532369,0,0.250822513351047
"MGH1518-3A2:GTTTCTAGTCATGCCGx-Tumor 2",0.0220803966327153,0.853546489994412,0,0.119454096831914,0.00491901654095872
"MGH1518-3A2:TACCTATGTAGCTAAAx-Tumor 2",0.609181680635803,0.314753556015426,0,0.0760647633487708,0
"MGH1518-3A2:TAAGTGCAGTTTAGGAx-Tumor 2",0.363386101364274,0.588119732373826,0,0.0484941662618994,0
"MGH1518-3A2:TACGGTAAGACTAGATx-Tumor 2",0.379134519697409,0.339654697135392,0.260648740894881,0,0.0205620422723172
"MGH1518-3A2:TAAGTGCAGACTGTAAx-Tumor 2",0.180224014670707,0.697812251500659,0.0314606881152392,0.00851182552318335,0.0819912201902121
"MGH1518-3A2:GTTTCTACAGCATACTx-Tumor 2",0.270418913419756,0.405871835480454,0.314213656550297,0,0.00949559454949232
"MGH1518-3A2:TACTTACTCCGAAGAGx-Tumor 2",0.354628774562573,0.48389729114022,0.141188660283557,0.0202852740136498,0
"MGH1518-3A2:TACTTACGTCTAGGTTx-Tumor 2",0.712277207950591,0.1081330809694,0.109610323667456,0,0.0699793874125535
"MGH1518-3A2:TACTTACCATTAGGCTx-Tumor 2",0.552749619907559,0.123558218906081,0.312032168727723,0,0.0116599924586372
"MGH1518-3A2:TAGACCATCCTAGAACx-Tumor 2",0.250117005923208,0.574247966666501,0.079446747663052,0,0.0961882797472394
"MGH1518-3A2:TAGTTGGAGAAACGAGx-Tumor 2",0.215616048974696,0.77299006086967,0.0113938901556344,0,0
"MGH1518-3A2:TAGAGCTGTAAGAGGAx-Tumor 2",0.42359898605735,0.509769431547904,0.0629433537124362,0.0036882286823107,0
"MGH1518-3A2:TACTTGTAGACTGTAAx-Tumor 2",0.654705576601354,0.0782280000318651,0.235824121473535,0,0.0312423018932459
"MGH1518-3A2:TACTTGTGTCTCTTATx-Tumor 2",0.975152902477269,0,0.0118340475063158,0,0.0130130500164149
"MGH1518-3A2:TAGGCATGTGAAATCAx-Tumor 2",0,0.801968722572118,0,0.11711837409303,0.080912903334852
"MGH1518-3A2:TACTCATTCTTTAGGGx-Tumor 2",0.594185109474517,0.251845497295115,0.0916446760805938,0.0623247171497736,0
"MGH1518-3A2:TACTCATAGAGACGAAx-Tumor 2",0.263323440328058,0.410723452633451,0,0,0.32595310703849
"MGH1518-3A2:TACTTACCAATCCAACx-Tumor 2",0.527915522196199,0.0826797713254948,0.375064189675515,0,0.0143405168027907
"MGH1518-3A2:TACGGTATCCTCAATTx-Tumor 2",0.328661383388618,0.242109245141854,0.429229371469528,0,0
"MGH1518-3A2:TAGTTGGAGGTGATATx-Tumor 2",0.589129121446762,0.389723930600851,0,0.0134916862513917,0.0076552617009954
"MGH1518-3A2:TACTTGTAGATGTTAGx-Tumor 2",0.552850389983684,0.119468417478294,0.278659022829222,0,0.0490221697088002
"MGH1518-3A2:TACGGTATCAACTCTTx-Tumor 2",0.0894528034751442,0.408402683217735,0.419763073432078,0,0.0823814398750434
"MGH1518-3A2:TAGACCAGTGTGAATAx-Tumor 2",0.183027271776782,0.778055352033333,0.00557603930178611,0.0268082097076546,0.00653312718044418
"MGH1518-3A2:TACTTGTCATACCATGx-Tumor 2",0.374392306073259,0.0452062556472436,0.515812798312523,0.0645886399669751,0
"MGH1518-3A2:TACTTGTCAATGAAACx-Tumor 2",0.543026476169468,0.130686251368588,0.31289677197019,0.0133905004917543,0
"MGH1518-3A2:TACGGTAGTACAGTTCx-Tumor 2",0.661986061041805,0.196731889792912,0.0409743348784226,0.10030771428686,0
"MGH1518-3A2:TATCTCAAGATAGTCAx-Tumor 2",0.586501540425291,0.112179709721247,0.301318749853461,0,0
"MGH1518-3A2:TCAACGAAGGATATACx-Tumor 2",0.630259748153261,0.369740251846739,0,0,0
"MGH1518-3A2:TCACGAAAGATATGGTx-Tumor 2",0.163727568122469,0.338706228668401,0.328999812896793,0,0.168566390312337
"MGH1518-3A2:TCACAAGTCAAACAAGx-Tumor 2",0.123399843028228,0.736117189397686,0.130824855700917,0,0.00965811187317003
"MGH1518-3A2:TCAATCTGTTGGTTTGx-Tumor 2",0.233062180356142,0.518105848633485,0.248831971010373,0,0
"MGH1518-3A2:TCAATCTTCGTTACAGx-Tumor 2",0.773433675715228,0.0049498084829751,0.15438254999817,0.0672339658036268,0
"MGH1518-3A2:TCAATCTGTATATGGAx-Tumor 2",0.712390799645133,0,0.236080530329567,0,0.0515286700253
"MGH1518-3A2:TCAACGAGTATTACCGx-Tumor 2",0.117538512674347,0.580083469032531,0.0937956456823194,0.0910904034154374,0.117491969195365
"MGH1518-3A2:TATGCCCAGATGCCTTx-Tumor 2",0.262892338706699,0.26957506182373,0.238982496134395,0.0214263889239825,0.207123714411194
"MGH1518-3A2:TATCTCAGTATATGAGx-Tumor 2",0.984106741475315,0.0158932585246851,0,0,0
"MGH1518-3A2:TATTACCCAATGGATAx-Tumor 2",0.308791517598038,0.559052957078865,0,0,0.132155525323097
"MGH1518-3A2:TCACAAGTCACTTACTx-Tumor 2",0.340714325097075,0.437141424561642,0.166370233640923,0.0557740167003599,0
"MGH1518-3A2:TATCTCAAGCGATATAx-Tumor 2",0.606092521713652,0.175976361072729,0.214278834936612,0.00365228227700693,0
"MGH1518-3A2:TATTACCGTTACGGAGx-Tumor 2",0.326363037513223,0.624445480534958,0.0491914819518188,0,0
"MGH1518-3A2:TATTACCCAGACGCCTx-Tumor 2",0.0526720605444563,0.915587761040307,0,0.013495200161537,0.0182449782537
"MGH1518-3A2:TCAATCTCAAGGTTCTx-Tumor 2",0.462303356128061,0.153438309293459,0.374423090495797,0.00983524408268241,0
"MGH1518-3A2:TCAATCTGTGTATGGGx-Tumor 2",0.319091807452668,0.680908192547332,0,0,0
"MGH1518-3A2:TATTACCAGGAACTGCx-Tumor 2",0.0745716821179587,0.863407990473792,0.062020327408249,0,0
"MGH1518-3A2:TATCTCATCAGCTTAGx-Tumor 2",0,0,0.899274897403774,0,0.100725102596226
"MGH1518-3A2:TATCTCATCATGCATGx-Tumor 2",0.172787788398508,0.579048842498051,0.177296095295814,0.0708672738076268,0
"MGH1518-3A2:TATCAGGTCATCGGATx-Tumor 2",0.285629497528249,0.597297307041521,0,0.11707319543023,0
"MGH1518-3A2:TCAATCTTCCTATGTTx-Tumor 2",0.388996545096064,0,0.611003454903936,0,0
"MGH1518-3A2:TATCTCATCAGATAAGx-Tumor 2",0.570159859517507,0.302205377288778,0.127634763193715,0,0
"MGH1518-3A2:TCAGGTAAGTCCATACx-Tumor 2",0.117199045590126,0.755747364363846,0.0219532107733884,0.073841677359456,0.0312587019131838
"MGH1518-3A2:TCCCGATAGAAGATTCx-Tumor 2",0.193768479165671,0.733670528298154,0,0.0725609925361749,0
"MGH1518-3A2:TCATTACCACCAGTTAx-Tumor 2",0.0791488480081543,0.306891668837471,0.555886854063589,0,0.0580726290907855
"MGH1518-3A2:TCATTACCAATGGTCTx-Tumor 2",0.389920042743169,0.397669440705365,0.165302126230061,0,0.0471083903214044
"MGH1518-3A2:TCATTTGAGACTACAAx-Tumor 2",0.516921530058061,0.223394873957087,0.200828307874904,0.0436358211494968,0.0152194669604514
"MGH1518-3A2:TCAGGATGTCTAAACCx-Tumor 2",0.227407193299944,0.651293529824637,0.121299276875419,0,0
"MGH1518-3A2:TCAGGATAGTCATCCAx-Tumor 2",0.126765086751683,0.749567469939163,0.04030256362462,0.0170906071573544,0.0662742725271788
"MGH1518-3A2:TCATTACCACTTAAGCx-Tumor 2",0.333171879176914,0.358363702846471,0.308464417976615,0,0
"MGH1518-3A2:TCAGGATTCCTTCAATx-Tumor 2",0.253903667167181,0.046803934307188,0.652193290972353,0,0.0470991075532781
"MGH1518-3A2:TCATTACTCATACGGTx-Tumor 2",0.425423139663401,0,0.574576860336599,0,0
"MGH1518-3A2:TCATTTGGTACCGTTAx-Tumor 2",0.0610661465989082,0.554528649026751,0.381605043243509,0,0.00280016113083223
"MGH1518-3A2:TCGGTAATCTCAAGTGx-Tumor 2",0.134547968456675,0.72527978144841,0.050389633615962,0,0.0897826164789535
"MGH1518-3A2:TCTCATATCACCATAGx-Tumor 2",0.595315440609776,0.295454037618346,0.100138278438277,0,0.00909224333360078
"MGH1518-3A2:TCTATTGTCTACCAGAx-Tumor 2",0.464008395872265,0.179747734637752,0.325193013347335,0.0310508561426486,0
"MGH1518-3A2:TCTATTGGTAATTGGAx-Tumor 2",0.385407180645876,0.484786783939899,0.127330448307796,0.00247558710642903,0
"MGH1518-3A2:TCTCATATCTACTCATx-Tumor 2",0.133876380801387,0.0832847914262135,0.782838827772399,0,0
"MGH1518-3A2:TCTCTAAAGATCCGAGx-Tumor 2",0.108471271779526,0.74319329802225,0.034852822303444,0.100013326252249,0.0134692816425305
"MGH1518-3A2:TCTCTAACATGGTAGGx-Tumor 2",0.069262759908021,0.706042642401585,0.189675022735735,0,0.0350195749546593
"MGH1518-3A2:TCTATTGGTTTAAGCCx-Tumor 2",0.338743456096969,0.467278421651783,0.177018022344912,0,0.0169600999063355
"MGH1518-3A2:TCTATTGGTTAAAGACx-Tumor 2",0.397425797459104,0.0610195596859913,0.432824770996953,0.00132290004918896,0.107406971808763
"MGH1518-3A2:TCTCATAAGGCAAAGAx-Tumor 2",0.42260862454263,0.535302509578949,0.0387344412839842,0,0.00335442459443591
"MGH1518-3A2:TCTATTGTCTATGTGGx-Tumor 2",0.0719213202426972,0.00560608956119256,0.92247259019611,0,0
"MGH1518-3A2:TCTATTGGTGTCTGATx-Tumor 2",0.114602893492161,0.464052466989963,0.209162951262359,0,0.212181688255518
"MGH1518-3A2:TCGTAGAAGTTTCCTTx-Tumor 2",0.35428027427188,0.463535630344113,0.165900105788686,0.0162839895953221,0
"MGH1518-3A2:TCTATTGGTGGGTATGx-Tumor 2",0.150964700320239,0.486112432879263,0.316261806555103,0,0.0466610602453948
"MGH1518-3A2:TCGTAGAGTGTGAATAx-Tumor 2",0.414833940808355,0.520302413072669,0,0.0648636461189751,0
"MGH1518-3A2:TCTATTGGTGCTTCTCx-Tumor 2",0.126963190120346,0.710205526096147,0.162831283783507,0,0
"MGH1518-3A2:TCTCTAACATCGATGTx-Tumor 2",0.359993048152936,0.614974031689911,0.00901303712309355,0.0160198830340599,0
"MGH1518-3A2:TCTCATATCTATCGCCx-Tumor 2",0.277407342781752,0.595791925482669,0.126800731735579,0,0
"MGH1518-3A2:TCTCTAAAGATCCTGTx-Tumor 2",0.562747955453504,0.257761649713888,0.179490394832608,0,0
"MGH1518-3A2:TCTCTAACATTTCACTx-Tumor 2",0,0,0.826962036643361,0,0.173037963356639
"MGH1518-3A2:TCTATTGCATAGACTCx-Tumor 2",0.55479213154838,0.038591338382575,0.266866777953855,0.139749752115191,0
"MGH1518-3A2:TCTATTGTCTGCTGTCx-Tumor 2",0.0474417547562934,0.65089747152277,0.19549586453256,0,0.106164909188377
"MGH1518-3A2:TCTATTGTCTTTCCTCx-Tumor 2",0.552261754992808,0.0117584973977899,0.435979747609402,0,0
"MGH1518-3A2:TCTCTAAGTAAGTGTAx-Tumor 2",0.413081148133107,0.153967393700615,0.0425545993128127,0,0.390396858853464
"MGH1518-3A2:TCTCTAAGTAGTAGTAx-Tumor 2",0.0337821200579806,0.098718305418348,0,0,0.867499574523671
"MGH1518-3A2:TCTCTAAGTATTCGTGx-Tumor 2",0,0.534567122453441,0.388693291113405,0,0.0767395864331535
"MGH1518-3A2:TGACAACAGATATGCAx-Tumor 2",0.478787945509457,0.20011450802094,0.295523018816331,0.0255745276532718,0
"MGH1518-3A2:TCTTTCCAGGATGTATx-Tumor 2",0,0.207775703647849,0.645342163065457,0,0.146882133286694
"MGH1518-3A2:TCTGGAATCTGAAAGAx-Tumor 2",0.789069615099228,0.0346882255893331,0.101528511630657,0.0747136476807817,0
"MGH1518-3A2:TCTGGAAGTTAAGAACx-Tumor 2",0.556798813477642,0.174259991115115,0,0.0412028835789814,0.227738311828262
"MGH1518-3A2:TCTTTCCAGAAGGTTTx-Tumor 2",0.4846610970473,0.282992940885048,0.223922282282827,0,0.00842367978482566
"MGH1518-3A2:TCTGAGATCACCTTATx-Tumor 2",0.194677240745708,0.420902492038311,0.275425908175892,0,0.108994359040089
"MGH1518-3A2:TCTGGAAAGAAGATTCx-Tumor 2",0.774971415247547,0.195574755535875,0.0185389211546684,0.00355811442436713,0.00735679363754269
"MGH1518-3A2:TGAAAGACATCAGTCAx-Tumor 2",0.467405711527009,0.46802835326559,0.0570724188722352,0.00749351633516682,0
"MGH1518-3A2:TCTCTAATCTGTACGAx-Tumor 2",0.191614335748716,0,0.808385664251284,0,0
"MGH1518-3A2:TGAAAGATCAATAAGGx-Tumor 2",0.720384176286122,0,0.0554098596715476,0,0.22420596404233
"MGH1518-3A2:TGAAAGACATAGTAAGx-Tumor 2",0.485691532921273,0.514308467078727,0,0,0
"MGH1518-3A2:TCTGAGAGTTAGAACAx-Tumor 2",0.627495711332728,0.276137895686851,0,0,0.0963663929804211
"MGH1518-3A2:TCTGGAAGTACTTCTTx-Tumor 2",0.463969418628966,0.30627836112446,0.202533972944337,0.0030020954268179,0.0242161518754179
"MGH1518-3A2:TCTGAGACATACTACGx-Tumor 2",0.448503036523907,0.374811776935915,0.176685186540178,0,0
"MGH1518-3A2:TCTCTAATCTGGTGTAx-Tumor 2",0.440628629478545,0,0.468704374001324,0.0906669965201307,0
"MGH1518-3A2:TCTGAGAGTATATGGAx-Tumor 2",0.378896059635042,0.507741635424593,0.113362304940364,0,0
"MGH1518-3A2:TGATTTCAGAGAACAGx-Tumor 2",0.168126920048793,0.699534283167788,0.132338796783419,0,0
"MGH1518-3A2:TGATTTCCAAAGGAAGx-Tumor 2",0.265472826226618,0.583421374567717,0.00256339126033114,0.0475510286277417,0.100991379317593
"MGH1518-3A2:TGACTAGGTATATGAGx-Tumor 2",0.430367684546325,0.238765474361206,0.0822244773459547,0,0.248642363746514
"MGH1518-3A2:TGACTTTGTATAAACGx-Tumor 2",0.580502367204743,0.108849859186593,0.173204750018271,0.0801048799785178,0.0573381436118748
"MGH1518-3A2:TGACTTTGTAGGGACTx-Tumor 2",0.0146878903189849,0.840154577213015,0.0698799684004267,0,0.0752775640675735
"MGH1518-3A2:TGATTTCTCCCTCTTTx-Tumor 2",0,0.168282089586517,0.748561928653698,0,0.0831559817597854
"MGH1518-3A2:TGATTTCGTACAGTTCx-Tumor 2",0.460624240170559,0.519103133955831,0,0,0.0202726258736097
"MGH1518-3A2:TGACTAGGTAAAGTCAx-Tumor 2",0.559200909522241,0.31752370362939,0.112327657619125,0.00538011310683739,0.00556761612240703
"MGH1518-3A2:TGATTTCCACCGATATx-Tumor 2",0.195021545132877,0.38833908680501,0.367232863277887,0,0.0494065047842257
"MGH1518-3A2:TGAGGGACAAGTAATGx-Tumor 2",0.129086176070934,0.738598664575521,0.0561161021291642,0.00839415940399443,0.0678048978203863
"MGH1518-3A2:TGACTTTCAATGGATAx-Tumor 2",0.589745216841911,0.332356441325523,0.0301830341773319,0.0477153076552336,0
"MGH1518-3A2:TGACTTTCACCTCGTTx-Tumor 2",0.0278334971129239,0.884492832360188,0.0876736705268881,0,0
"MGH1518-3A2:TGAGGGAGTCATATGCx-Tumor 2",0,0.873156444326545,0,0.116921628639432,0.00992192703402334
"MGH1518-3A2:TGACTAGTCTAACTTCx-Tumor 2",0.505217131303713,0.142034333868981,0.314003595807333,0,0.0387449390199729
"MGH1518-3A2:TGCTACCAGAAGATTCx-Tumor 2",0.435160742527498,0.463689270250716,0.093263327729031,0,0.00788665949275505
"MGH1518-3A2:TGTGTTTTCTTTAGGGx-Tumor 2",0.41693476111891,0.207233518100457,0.358287797297735,0.0164936926992438,0.00105023078365435
"MGH1518-3A2:TGTGTTTCAATGTAAGx-Tumor 2",0.625037985404437,0.266478153723247,0.0807787796643201,0.0277050812079958,0
"MGH1518-3A2:TGTGTTTAGAATTGTGx-Tumor 2",0.775413728588368,0,0.224586271411632,0,0
"MGH1518-3A2:TGTGTTTCAATGGAATx-Tumor 2",0.21594889992385,0.240630290644036,0.00208116787323522,0,0.541339641558879
"MGH1518-3A2:TGGTTCCAGCTCAACTx-Tumor 2",0.481726589717189,0.190765557606798,0.297926762444455,0.0295810902315578,0
"MGH1518-3A2:TGTATTCCATGAACCTx-Tumor 2",0.465329623555241,0.504097330019109,0,0.0263359095558221,0.00423713686982838
"MGH1518-3A2:TGGTTCCTCTCTTATGx-Tumor 2",0.208152556498677,0.365693690083285,0.426153753418038,0,0
"MGH1518-3A2:TGTATTCGTATAAACGx-Tumor 2",0.660928578451443,0.303073139079446,0,0.0359982824691115,0
"MGH1518-3A2:TGTGTTTCAAGTAATGx-Tumor 2",0.799414470141485,0,0.187682170886238,0.0129033589722767,0
"MGH1518-3A2:TTATGCTGTAAATGTGx-Tumor 2",0.734879105741572,0.084225438365626,0.180895455892802,0,0
"MGH1518-3A2:TTAGGACAGAGACTTAx-Tumor 2",0.187447792632814,0.452770137172641,0.123187418996707,0,0.236594651197838
"MGH1518-3A2:TTAGTTCTCTGTCTATx-Tumor 2",0.626620341487576,0.015033584352636,0.358346074159788,0,0
"MGH1518-3A2:TTCTACAGTTCACCTCx-Tumor 2",0.155484748608745,0.625321378982166,0.219193872409089,0,0
"MGH1518-3A2:TTCTACACATTAACCGx-Tumor 2",0.4435900591066,0.235926574144801,0.3204833667486,0,0
"MGH1518-3A2:TTAGTTCTCCAGTAGTx-Tumor 2",0.573928085131707,0.213620415112884,0.212451499755409,0,0
"MGH1518-3A2:TTCTACAAGAAACCTAx-Tumor 2",0.268402532223431,0.0156134971556353,0.37326982727538,0,0.342714143345554
"MGH1518-3A2:TTCGGTCTCCCTCAGTx-Tumor 2",0,0.929981842278167,0,0.0638357986967854,0.00618235902504747
"MGH1518-3A2:TTATGCTTCAGCTTAGx-Tumor 2",0.406229903935764,0.500551695697962,0.0671919214162052,0,0.0260264789500683
"MGH1518-3A2:TTAGGACAGATGTTAGx-Tumor 2",0.660870967299861,0.214993532707527,0.113168082601026,0.0109674173915859,0
"MGH1518-3A2:TTATGCTAGTCTCAACx-Tumor 2",0.24806822951998,0.548894423093374,0.203037347386646,0,0
"MGH1518-3A2:TTCTACATCATCTGCCx-Tumor 2",0.0546780842248185,0.57958158403278,0.347428362465723,0.0183119692766778,0
"MGH1518-3A2:TTCTACATCCTCAATTx-Tumor 2",0.299734287507468,0,0.700265712492533,0,0
"MGH1518-3A2:TTCTACATCAGTTCGAx-Tumor 2",0.201571154789449,0.239373526945433,0.265303037531862,0,0.293752280733256
"MGH1518-3A2:TTCTACAGTTACGACTx-Tumor 2",0.469948227282045,0.168273713199676,0.361778059518278,0,0
"MGH1518-3A2:TTCTACATCCATGAGTx-Tumor 2",0.667396094301506,0.22312119686897,0.109482708829524,0,0
"MGH1518-3A2:TTAGGACTCCTATTCAx-Tumor 2",0.576583436976487,0.0145842228666125,0.372864308032675,0.035968032124226,0
"MGH1518-3A2:TTCTTAGAGATGTAACx-Tumor 2",0.445817805700512,0.263189702929779,0.149588516464448,0,0.141403974905261
"MGH1518-3A2:TTCTCAACACATTAGCx-Tumor 2",0.539782145123197,0.344569883788397,0.114478359685957,0.00116961140244867,0
"MGH1518-3A2:TTCTTAGGTAGCCTATx-Tumor 2",0.39599278603884,0.505495293224956,0.00314941404028516,0,0.0953625066959186
"MGH1518-3A2:TTCTCAATCTTGTCATx-Tumor 2",0,0.18927903102608,0.81072096897392,0,0
"MGH1518-3A2:TTGACTTAGTAATCCCx-Tumor 2",0.473466553308757,0.272596729123251,0.253936717567993,0,0
"MGH1518-3A2:TTCTCAAGTACTTAGCx-Tumor 2",0.399469749133364,0.37786472518815,0.174660091718868,0.0480054339596175,0
"MGH1518-3A2:TTCTCAAGTTACGACTx-Tumor 2",0.364356996943189,0.529675461276168,0.0563591998201638,0.0496083419604796,0
"MGH1518-3A2:TTGACTTTCACTATTCx-Tumor 2",0,0.294457933042686,0.67013286615297,0.000691154305829956,0.0347180464985145
"MGH1518-3A2:TTGACTTCACTATCTTx-Tumor 2",0.517345084719094,0.030096131258719,0.447197329048359,0.00536145497382819,0
"MGH1518-3A2:TTGAACGAGTTAGGTAx-Tumor 2",0.275299609562193,0.610754127274564,0,0.113946263163243,0
"MGH1518-3A2:TTGACTTCAAGTAATGx-Tumor 2",0.799151801197768,0.0375326392990527,0.148061686950953,0.0152538725522255,0
"MGH1518-3A2:TTCTCCTAGGTGTTAAx-Tumor 2",0.0828007411982436,0.385032034222787,0.425017108943904,0,0.107150115635066
"MGH1518-3A2:TTCTCCTTCTGTGCAAx-Tumor 2",0.0290194870028055,0.796755289907216,0.162822822497445,0,0.011402400592533
"MGH1518-3A2:TTCTTAGGTACCGTATx-Tumor 2",0.334410340347572,0.592413217350336,0.0731764423020912,0,0
"MGH1518-3A2:TTTGGTTCACAGATTCx-Tumor 2",0.374372359367771,0.160838696902078,0.463448153877003,0.00134078985314734,0
"MGH1518-3A2:TTTGGTTAGAGGTTATx-Tumor 2",0.231100360054101,0.710187084820279,0.0587125551256199,0,0
"MGH1518-3A2:TTTGTCATCTACTCATx-Tumor 2",0.427467759532788,0.148933510860989,0.423598729606223,0,0
"MGH1518-3A2:TTTCCTCCAATAGAGTx-Tumor 2",0.492817575161529,0.26436361492283,0.232701621302305,0.0101171886133352,0
"MGH1518-3A2:TTTCCTCCAAATTGCCx-Tumor 2",0,0.906050688560794,0.0372283139089555,0.0499731412542705,0.00674785627597962
"MGH1518-3A2:TTTGTCATCCTCAATTx-Tumor 2",0.176651589144849,0.170047093758128,0.588732899872559,0.000258685985462179,0.0643097312390021
"MGH1518-3A2:TTTGGTTTCAATACCGx-Tumor 2",0.263361462212432,0.570597536244805,0.166041001542763,0,0
"MGH1518-3A2:TTTACTGGTAAGGATTx-Tumor 2",0.581011111148634,0.0114541304808946,0.407534758370472,0,0
"MGH1518-3A2:TTTCCTCCATAGAAACx-Tumor 2",0.36712217592161,0.58102672652362,0.0518510975547704,0,0
"MGH1518-3A2:TTTGGTTTCCAATGGTx-Tumor 2",0.121915144637823,0.539862325175725,0.263351574497578,0,0.0748709556888736
"MGH1518-3A2:TTTGTCACAATGGTCTx-Tumor 2",0.228345479091212,0.538294064461546,0.200284355966223,0.0330761004810193,0
"MGH1518-3A2:TTTATGCAGAAGGGTAx-Tumor 2",0.414142617882343,0.52284603149123,0.0447507325457942,0,0.0182606180806325
"MGH1518-3A2:TTTATGCTCTCTAAGGx-Tumor 2",0.502221857658431,0.38564620416258,0.100300367290599,0,0.0118315708883899
"MGH1518-3A2:TTTATGCAGTAACCCTx-Tumor 2",0,0.769919470911859,0.126857858810414,0,0.103222670277727
